ISO-10303-21;
HEADER;
FILE_DESCRIPTION(('STEP AP242'),
    '1');
FILE_NAME('PL001KK500R',
    '',
    ('UNSPECIFIED'),
    ('UNSPECIFIED'),
    'C3D Converter',
    'C3D Toolkit',
    '');
FILE_SCHEMA(('AP242_MANAGED_MODEL_BASED_3D_ENGINEERING_MIM_LF { 1 0 10303 442 1 1 4 }'));
ENDSEC;

DATA;
#1=SHAPE_REPRESENTATION('NONE',(#2),#6);
#2=AXIS2_PLACEMENT_3D('',#3,#4,#5);
#3=CARTESIAN_POINT('',(0.,0.,0.));
#4=DIRECTION('',(0.,0.,1.));
#5=DIRECTION('',(1.,0.,0.));
#6=(GEOMETRIC_REPRESENTATION_CONTEXT(3)GLOBAL_UNCERTAINTY_ASSIGNED_CONTEXT((#8))
GLOBAL_UNIT_ASSIGNED_CONTEXT((#7,#9,#10))REPRESENTATION_CONTEXT('NONE','NONE'));
#7=(LENGTH_UNIT()NAMED_UNIT(*)SI_UNIT(.MILLI.,.METRE.));
#8=UNCERTAINTY_MEASURE_WITH_UNIT(LENGTH_MEASURE(1.E-5),#7,'NONE','NONE');
#9=(NAMED_UNIT(*)PLANE_ANGLE_UNIT()SI_UNIT($,.RADIAN.));
#10=(NAMED_UNIT(*)SI_UNIT($,.STERADIAN.)SOLID_ANGLE_UNIT());
#11=SHAPE_DEFINITION_REPRESENTATION(#12,#1);
#12=PRODUCT_DEFINITION_SHAPE('NONE','NONE',#13);
#13=PRODUCT_DEFINITION('','UNSPECIFIED',#14,#17);
#14=PRODUCT_DEFINITION_FORMATION_WITH_SPECIFIED_SOURCE('ANY','UNSPECIFIED',#15,.NOT_KNOWN.);
#15=PRODUCT('','\X2\0414043504420430043B044C\X0\','NONE',(#20));
#16=PRODUCT_RELATED_PRODUCT_CATEGORY('detail','',(#15));
#17=DESIGN_CONTEXT('detailed design',#18,'design');
#18=APPLICATION_CONTEXT('configuration controlled 3d designs of mechanical parts and assemblies');
#19=APPLICATION_PROTOCOL_DEFINITION('international standard','config_control_design',
1994,#18);
#20=MECHANICAL_CONTEXT('NONE',#18,'mechanical');
#21=CC_DESIGN_DATE_AND_TIME_ASSIGNMENT(#22,#26,(#13));
#22=DATE_AND_TIME(#23,#24);
#23=CALENDAR_DATE(0,1,1);
#24=LOCAL_TIME(0,0,0.,#25);
#25=COORDINATED_UNIVERSAL_TIME_OFFSET(0,0,.AHEAD.);
#26=DATE_TIME_ROLE('creation_date');
#27=CC_DESIGN_APPROVAL(#28,(#13));
#28=APPROVAL(#29,'UNSPECIFIED');
#29=APPROVAL_STATUS('not_yet_approved');
#30=APPROVAL_DATE_TIME(#31,#28);
#31=DATE_AND_TIME(#32,#33);
#32=CALENDAR_DATE(0,1,1);
#33=LOCAL_TIME(0,0,0.,#34);
#34=COORDINATED_UNIVERSAL_TIME_OFFSET(0,0,.AHEAD.);
#35=MANIFOLD_SOLID_BREP('',#36);
#36=CLOSED_SHELL('',(#48,#57,#66,#75,#84,#93,#102,#111,#120,#129,#138,#147,#156,
#165,#174,#183,#192,#201,#210,#219,#228,#237,#246,#255,#264,#273,#282,#291,#300,
#309,#318,#327,#336,#345,#354,#363,#372,#381,#390,#399,#408,#417,#426,#435,#444,
#453,#462,#471,#480,#489,#498,#507,#516,#525,#534,#543,#552,#561,#570,#579,#588,
#597,#606,#615,#624,#633,#642,#651,#660,#669,#678,#687,#696,#705,#714,#723,#732,
#741,#750,#759,#768,#777,#786,#795,#804,#813,#822,#831,#840,#849,#858,#867,#876,
#885,#894,#903,#912,#921,#930,#939,#948,#957,#966,#975,#984,#993,#1002,#1011,#1020,
#1029,#1038,#1047,#1056,#1065,#1074,#1083,#1092,#1101,#1110,#1119,#1128,#1137,#1146,
#1155,#1164,#1173,#1182,#1191,#1200,#1209,#1218,#1227,#1236,#1245,#1254,#1263,#1272,
#1281,#1290,#1299,#1308,#1317,#1326,#1335,#1344,#1353,#1362,#1371,#1380,#1389,#1398,
#1407,#1416,#1425,#1434,#1443,#1452,#1461,#1470,#1479,#1488,#1497,#1506,#1515,#1524,
#1533,#1542,#1551,#1560,#1569,#1578,#1587));
#37=COLOUR_RGB('',0.349019607843137,0.588235294117647,0.662745098039216);
#38=FILL_AREA_STYLE_COLOUR('',#37);
#39=FILL_AREA_STYLE($,(#38));
#40=SURFACE_STYLE_FILL_AREA(#39);
#41=SURFACE_SIDE_STYLE('',(#40));
#42=SURFACE_STYLE_USAGE(.BOTH.,#41);
#43=PRESENTATION_STYLE_ASSIGNMENT((#42));
#44=MECHANICAL_DESIGN_GEOMETRIC_PRESENTATION_REPRESENTATION('NONE',(#45,#56,#65,
#74,#83,#92,#101,#110,#119,#128,#137,#146,#155,#164,#173,#182,#191,#200,#209,#218,
#227,#236,#245,#254,#263,#272,#281,#290,#299,#308,#317,#326,#335,#344,#353,#362,
#371,#380,#389,#398,#407,#416,#425,#434,#443,#452,#461,#470,#479,#488,#497,#506,
#515,#524,#533,#542,#551,#560,#569,#578,#587,#596,#605,#614,#623,#632,#641,#650,
#659,#668,#677,#686,#695,#704,#713,#722,#731,#740,#749,#758,#767,#776,#785,#794,
#803,#812,#821,#830,#839,#848,#857,#866,#875,#884,#893,#902,#911,#920,#929,#938,
#947,#956,#965,#974,#983,#992,#1001,#1010,#1019,#1028,#1037,#1046,#1055,#1064,#1073,
#1082,#1091,#1100,#1109,#1118,#1127,#1136,#1145,#1154,#1163,#1172,#1181,#1190,#1199,
#1208,#1217,#1226,#1235,#1244,#1253,#1262,#1271,#1280,#1289,#1298,#1307,#1316,#1325,
#1334,#1343,#1352,#1361,#1370,#1379,#1388,#1397,#1406,#1415,#1424,#1433,#1442,#1451,
#1460,#1469,#1478,#1487,#1496,#1505,#1514,#1523,#1532,#1541,#1550,#1559,#1568,#1577,
#1586,#1595),#6);
#45=STYLED_ITEM('',(#43),#35);
#46=ADVANCED_BREP_SHAPE_REPRESENTATION('NONE',(#35),#6);
#47=SHAPE_REPRESENTATION_RELATIONSHIP('','',#1,#46);
#48=ADVANCED_FACE('',(#1596,#1598),#1600,.F.);
#49=COLOUR_RGB('',0.349019607843137,0.588235294117647,0.662745098039216);
#50=FILL_AREA_STYLE_COLOUR('',#49);
#51=FILL_AREA_STYLE($,(#50));
#52=SURFACE_STYLE_FILL_AREA(#51);
#53=SURFACE_SIDE_STYLE('',(#52));
#54=SURFACE_STYLE_USAGE(.BOTH.,#53);
#55=PRESENTATION_STYLE_ASSIGNMENT((#54));
#56=STYLED_ITEM('',(#55),#48);
#57=ADVANCED_FACE('',(#1605,#1607),#1609,.F.);
#58=COLOUR_RGB('',0.349019607843137,0.588235294117647,0.662745098039216);
#59=FILL_AREA_STYLE_COLOUR('',#58);
#60=FILL_AREA_STYLE($,(#59));
#61=SURFACE_STYLE_FILL_AREA(#60);
#62=SURFACE_SIDE_STYLE('',(#61));
#63=SURFACE_STYLE_USAGE(.BOTH.,#62);
#64=PRESENTATION_STYLE_ASSIGNMENT((#63));
#65=STYLED_ITEM('',(#64),#57);
#66=ADVANCED_FACE('',(#1614,#1616),#1618,.F.);
#67=COLOUR_RGB('',0.349019607843137,0.588235294117647,0.662745098039216);
#68=FILL_AREA_STYLE_COLOUR('',#67);
#69=FILL_AREA_STYLE($,(#68));
#70=SURFACE_STYLE_FILL_AREA(#69);
#71=SURFACE_SIDE_STYLE('',(#70));
#72=SURFACE_STYLE_USAGE(.BOTH.,#71);
#73=PRESENTATION_STYLE_ASSIGNMENT((#72));
#74=STYLED_ITEM('',(#73),#66);
#75=ADVANCED_FACE('',(#1623,#1625,#1627,#1629),#1631,.T.);
#76=COLOUR_RGB('',0.349019607843137,0.588235294117647,0.662745098039216);
#77=FILL_AREA_STYLE_COLOUR('',#76);
#78=FILL_AREA_STYLE($,(#77));
#79=SURFACE_STYLE_FILL_AREA(#78);
#80=SURFACE_SIDE_STYLE('',(#79));
#81=SURFACE_STYLE_USAGE(.BOTH.,#80);
#82=PRESENTATION_STYLE_ASSIGNMENT((#81));
#83=STYLED_ITEM('',(#82),#75);
#84=ADVANCED_FACE('',(#1636,#1638),#1640,.T.);
#85=COLOUR_RGB('',0.349019607843137,0.588235294117647,0.662745098039216);
#86=FILL_AREA_STYLE_COLOUR('',#85);
#87=FILL_AREA_STYLE($,(#86));
#88=SURFACE_STYLE_FILL_AREA(#87);
#89=SURFACE_SIDE_STYLE('',(#88));
#90=SURFACE_STYLE_USAGE(.BOTH.,#89);
#91=PRESENTATION_STYLE_ASSIGNMENT((#90));
#92=STYLED_ITEM('',(#91),#84);
#93=ADVANCED_FACE('',(#1645,#1647),#1649,.F.);
#94=COLOUR_RGB('',0.349019607843137,0.588235294117647,0.662745098039216);
#95=FILL_AREA_STYLE_COLOUR('',#94);
#96=FILL_AREA_STYLE($,(#95));
#97=SURFACE_STYLE_FILL_AREA(#96);
#98=SURFACE_SIDE_STYLE('',(#97));
#99=SURFACE_STYLE_USAGE(.BOTH.,#98);
#100=PRESENTATION_STYLE_ASSIGNMENT((#99));
#101=STYLED_ITEM('',(#100),#93);
#102=ADVANCED_FACE('',(#1654,#1656),#1658,.T.);
#103=COLOUR_RGB('',0.349019607843137,0.588235294117647,0.662745098039216);
#104=FILL_AREA_STYLE_COLOUR('',#103);
#105=FILL_AREA_STYLE($,(#104));
#106=SURFACE_STYLE_FILL_AREA(#105);
#107=SURFACE_SIDE_STYLE('',(#106));
#108=SURFACE_STYLE_USAGE(.BOTH.,#107);
#109=PRESENTATION_STYLE_ASSIGNMENT((#108));
#110=STYLED_ITEM('',(#109),#102);
#111=ADVANCED_FACE('',(#1663,#1665),#1667,.F.);
#112=COLOUR_RGB('',0.349019607843137,0.588235294117647,0.662745098039216);
#113=FILL_AREA_STYLE_COLOUR('',#112);
#114=FILL_AREA_STYLE($,(#113));
#115=SURFACE_STYLE_FILL_AREA(#114);
#116=SURFACE_SIDE_STYLE('',(#115));
#117=SURFACE_STYLE_USAGE(.BOTH.,#116);
#118=PRESENTATION_STYLE_ASSIGNMENT((#117));
#119=STYLED_ITEM('',(#118),#111);
#120=ADVANCED_FACE('',(#1672,#1674),#1676,.T.);
#121=COLOUR_RGB('',0.349019607843137,0.588235294117647,0.662745098039216);
#122=FILL_AREA_STYLE_COLOUR('',#121);
#123=FILL_AREA_STYLE($,(#122));
#124=SURFACE_STYLE_FILL_AREA(#123);
#125=SURFACE_SIDE_STYLE('',(#124));
#126=SURFACE_STYLE_USAGE(.BOTH.,#125);
#127=PRESENTATION_STYLE_ASSIGNMENT((#126));
#128=STYLED_ITEM('',(#127),#120);
#129=ADVANCED_FACE('',(#1681,#1683),#1685,.F.);
#130=COLOUR_RGB('',0.349019607843137,0.588235294117647,0.662745098039216);
#131=FILL_AREA_STYLE_COLOUR('',#130);
#132=FILL_AREA_STYLE($,(#131));
#133=SURFACE_STYLE_FILL_AREA(#132);
#134=SURFACE_SIDE_STYLE('',(#133));
#135=SURFACE_STYLE_USAGE(.BOTH.,#134);
#136=PRESENTATION_STYLE_ASSIGNMENT((#135));
#137=STYLED_ITEM('',(#136),#129);
#138=ADVANCED_FACE('',(#1690,#1692),#1694,.T.);
#139=COLOUR_RGB('',0.349019607843137,0.588235294117647,0.662745098039216);
#140=FILL_AREA_STYLE_COLOUR('',#139);
#141=FILL_AREA_STYLE($,(#140));
#142=SURFACE_STYLE_FILL_AREA(#141);
#143=SURFACE_SIDE_STYLE('',(#142));
#144=SURFACE_STYLE_USAGE(.BOTH.,#143);
#145=PRESENTATION_STYLE_ASSIGNMENT((#144));
#146=STYLED_ITEM('',(#145),#138);
#147=ADVANCED_FACE('',(#1699,#1701),#1703,.T.);
#148=COLOUR_RGB('',0.349019607843137,0.588235294117647,0.662745098039216);
#149=FILL_AREA_STYLE_COLOUR('',#148);
#150=FILL_AREA_STYLE($,(#149));
#151=SURFACE_STYLE_FILL_AREA(#150);
#152=SURFACE_SIDE_STYLE('',(#151));
#153=SURFACE_STYLE_USAGE(.BOTH.,#152);
#154=PRESENTATION_STYLE_ASSIGNMENT((#153));
#155=STYLED_ITEM('',(#154),#147);
#156=ADVANCED_FACE('',(#1708,#1710),#1712,.T.);
#157=COLOUR_RGB('',0.349019607843137,0.588235294117647,0.662745098039216);
#158=FILL_AREA_STYLE_COLOUR('',#157);
#159=FILL_AREA_STYLE($,(#158));
#160=SURFACE_STYLE_FILL_AREA(#159);
#161=SURFACE_SIDE_STYLE('',(#160));
#162=SURFACE_STYLE_USAGE(.BOTH.,#161);
#163=PRESENTATION_STYLE_ASSIGNMENT((#162));
#164=STYLED_ITEM('',(#163),#156);
#165=ADVANCED_FACE('',(#1717),#1719,.F.);
#166=COLOUR_RGB('',0.349019607843137,0.588235294117647,0.662745098039216);
#167=FILL_AREA_STYLE_COLOUR('',#166);
#168=FILL_AREA_STYLE($,(#167));
#169=SURFACE_STYLE_FILL_AREA(#168);
#170=SURFACE_SIDE_STYLE('',(#169));
#171=SURFACE_STYLE_USAGE(.BOTH.,#170);
#172=PRESENTATION_STYLE_ASSIGNMENT((#171));
#173=STYLED_ITEM('',(#172),#165);
#174=ADVANCED_FACE('',(#1724),#1726,.F.);
#175=COLOUR_RGB('',0.349019607843137,0.588235294117647,0.662745098039216);
#176=FILL_AREA_STYLE_COLOUR('',#175);
#177=FILL_AREA_STYLE($,(#176));
#178=SURFACE_STYLE_FILL_AREA(#177);
#179=SURFACE_SIDE_STYLE('',(#178));
#180=SURFACE_STYLE_USAGE(.BOTH.,#179);
#181=PRESENTATION_STYLE_ASSIGNMENT((#180));
#182=STYLED_ITEM('',(#181),#174);
#183=ADVANCED_FACE('',(#1731),#1733,.F.);
#184=COLOUR_RGB('',0.349019607843137,0.588235294117647,0.662745098039216);
#185=FILL_AREA_STYLE_COLOUR('',#184);
#186=FILL_AREA_STYLE($,(#185));
#187=SURFACE_STYLE_FILL_AREA(#186);
#188=SURFACE_SIDE_STYLE('',(#187));
#189=SURFACE_STYLE_USAGE(.BOTH.,#188);
#190=PRESENTATION_STYLE_ASSIGNMENT((#189));
#191=STYLED_ITEM('',(#190),#183);
#192=ADVANCED_FACE('',(#1738),#1740,.F.);
#193=COLOUR_RGB('',0.349019607843137,0.588235294117647,0.662745098039216);
#194=FILL_AREA_STYLE_COLOUR('',#193);
#195=FILL_AREA_STYLE($,(#194));
#196=SURFACE_STYLE_FILL_AREA(#195);
#197=SURFACE_SIDE_STYLE('',(#196));
#198=SURFACE_STYLE_USAGE(.BOTH.,#197);
#199=PRESENTATION_STYLE_ASSIGNMENT((#198));
#200=STYLED_ITEM('',(#199),#192);
#201=ADVANCED_FACE('',(#1745,#1747),#1749,.F.);
#202=COLOUR_RGB('',0.349019607843137,0.588235294117647,0.662745098039216);
#203=FILL_AREA_STYLE_COLOUR('',#202);
#204=FILL_AREA_STYLE($,(#203));
#205=SURFACE_STYLE_FILL_AREA(#204);
#206=SURFACE_SIDE_STYLE('',(#205));
#207=SURFACE_STYLE_USAGE(.BOTH.,#206);
#208=PRESENTATION_STYLE_ASSIGNMENT((#207));
#209=STYLED_ITEM('',(#208),#201);
#210=ADVANCED_FACE('',(#1754,#1756),#1758,.F.);
#211=COLOUR_RGB('',0.349019607843137,0.588235294117647,0.662745098039216);
#212=FILL_AREA_STYLE_COLOUR('',#211);
#213=FILL_AREA_STYLE($,(#212));
#214=SURFACE_STYLE_FILL_AREA(#213);
#215=SURFACE_SIDE_STYLE('',(#214));
#216=SURFACE_STYLE_USAGE(.BOTH.,#215);
#217=PRESENTATION_STYLE_ASSIGNMENT((#216));
#218=STYLED_ITEM('',(#217),#210);
#219=ADVANCED_FACE('',(#1763,#1765),#1767,.F.);
#220=COLOUR_RGB('',0.349019607843137,0.588235294117647,0.662745098039216);
#221=FILL_AREA_STYLE_COLOUR('',#220);
#222=FILL_AREA_STYLE($,(#221));
#223=SURFACE_STYLE_FILL_AREA(#222);
#224=SURFACE_SIDE_STYLE('',(#223));
#225=SURFACE_STYLE_USAGE(.BOTH.,#224);
#226=PRESENTATION_STYLE_ASSIGNMENT((#225));
#227=STYLED_ITEM('',(#226),#219);
#228=ADVANCED_FACE('',(#1772),#1774,.F.);
#229=COLOUR_RGB('',0.349019607843137,0.588235294117647,0.662745098039216);
#230=FILL_AREA_STYLE_COLOUR('',#229);
#231=FILL_AREA_STYLE($,(#230));
#232=SURFACE_STYLE_FILL_AREA(#231);
#233=SURFACE_SIDE_STYLE('',(#232));
#234=SURFACE_STYLE_USAGE(.BOTH.,#233);
#235=PRESENTATION_STYLE_ASSIGNMENT((#234));
#236=STYLED_ITEM('',(#235),#228);
#237=ADVANCED_FACE('',(#1779),#1781,.F.);
#238=COLOUR_RGB('',0.349019607843137,0.588235294117647,0.662745098039216);
#239=FILL_AREA_STYLE_COLOUR('',#238);
#240=FILL_AREA_STYLE($,(#239));
#241=SURFACE_STYLE_FILL_AREA(#240);
#242=SURFACE_SIDE_STYLE('',(#241));
#243=SURFACE_STYLE_USAGE(.BOTH.,#242);
#244=PRESENTATION_STYLE_ASSIGNMENT((#243));
#245=STYLED_ITEM('',(#244),#237);
#246=ADVANCED_FACE('',(#1786),#1788,.F.);
#247=COLOUR_RGB('',0.349019607843137,0.588235294117647,0.662745098039216);
#248=FILL_AREA_STYLE_COLOUR('',#247);
#249=FILL_AREA_STYLE($,(#248));
#250=SURFACE_STYLE_FILL_AREA(#249);
#251=SURFACE_SIDE_STYLE('',(#250));
#252=SURFACE_STYLE_USAGE(.BOTH.,#251);
#253=PRESENTATION_STYLE_ASSIGNMENT((#252));
#254=STYLED_ITEM('',(#253),#246);
#255=ADVANCED_FACE('',(#1793),#1795,.F.);
#256=COLOUR_RGB('',0.349019607843137,0.588235294117647,0.662745098039216);
#257=FILL_AREA_STYLE_COLOUR('',#256);
#258=FILL_AREA_STYLE($,(#257));
#259=SURFACE_STYLE_FILL_AREA(#258);
#260=SURFACE_SIDE_STYLE('',(#259));
#261=SURFACE_STYLE_USAGE(.BOTH.,#260);
#262=PRESENTATION_STYLE_ASSIGNMENT((#261));
#263=STYLED_ITEM('',(#262),#255);
#264=ADVANCED_FACE('',(#1800,#1802),#1804,.T.);
#265=COLOUR_RGB('',0.349019607843137,0.588235294117647,0.662745098039216);
#266=FILL_AREA_STYLE_COLOUR('',#265);
#267=FILL_AREA_STYLE($,(#266));
#268=SURFACE_STYLE_FILL_AREA(#267);
#269=SURFACE_SIDE_STYLE('',(#268));
#270=SURFACE_STYLE_USAGE(.BOTH.,#269);
#271=PRESENTATION_STYLE_ASSIGNMENT((#270));
#272=STYLED_ITEM('',(#271),#264);
#273=ADVANCED_FACE('',(#1809,#1811),#1813,.T.);
#274=COLOUR_RGB('',0.349019607843137,0.588235294117647,0.662745098039216);
#275=FILL_AREA_STYLE_COLOUR('',#274);
#276=FILL_AREA_STYLE($,(#275));
#277=SURFACE_STYLE_FILL_AREA(#276);
#278=SURFACE_SIDE_STYLE('',(#277));
#279=SURFACE_STYLE_USAGE(.BOTH.,#278);
#280=PRESENTATION_STYLE_ASSIGNMENT((#279));
#281=STYLED_ITEM('',(#280),#273);
#282=ADVANCED_FACE('',(#1818,#1820),#1822,.T.);
#283=COLOUR_RGB('',0.349019607843137,0.588235294117647,0.662745098039216);
#284=FILL_AREA_STYLE_COLOUR('',#283);
#285=FILL_AREA_STYLE($,(#284));
#286=SURFACE_STYLE_FILL_AREA(#285);
#287=SURFACE_SIDE_STYLE('',(#286));
#288=SURFACE_STYLE_USAGE(.BOTH.,#287);
#289=PRESENTATION_STYLE_ASSIGNMENT((#288));
#290=STYLED_ITEM('',(#289),#282);
#291=ADVANCED_FACE('',(#1827,#1829,#1831),#1833,.F.);
#292=COLOUR_RGB('',0.349019607843137,0.588235294117647,0.662745098039216);
#293=FILL_AREA_STYLE_COLOUR('',#292);
#294=FILL_AREA_STYLE($,(#293));
#295=SURFACE_STYLE_FILL_AREA(#294);
#296=SURFACE_SIDE_STYLE('',(#295));
#297=SURFACE_STYLE_USAGE(.BOTH.,#296);
#298=PRESENTATION_STYLE_ASSIGNMENT((#297));
#299=STYLED_ITEM('',(#298),#291);
#300=ADVANCED_FACE('',(#1838,#1840,#1842),#1844,.F.);
#301=COLOUR_RGB('',0.349019607843137,0.588235294117647,0.662745098039216);
#302=FILL_AREA_STYLE_COLOUR('',#301);
#303=FILL_AREA_STYLE($,(#302));
#304=SURFACE_STYLE_FILL_AREA(#303);
#305=SURFACE_SIDE_STYLE('',(#304));
#306=SURFACE_STYLE_USAGE(.BOTH.,#305);
#307=PRESENTATION_STYLE_ASSIGNMENT((#306));
#308=STYLED_ITEM('',(#307),#300);
#309=ADVANCED_FACE('',(#1849),#1851,.F.);
#310=COLOUR_RGB('',0.349019607843137,0.588235294117647,0.662745098039216);
#311=FILL_AREA_STYLE_COLOUR('',#310);
#312=FILL_AREA_STYLE($,(#311));
#313=SURFACE_STYLE_FILL_AREA(#312);
#314=SURFACE_SIDE_STYLE('',(#313));
#315=SURFACE_STYLE_USAGE(.BOTH.,#314);
#316=PRESENTATION_STYLE_ASSIGNMENT((#315));
#317=STYLED_ITEM('',(#316),#309);
#318=ADVANCED_FACE('',(#1856,#1858,#1860),#1862,.F.);
#319=COLOUR_RGB('',0.349019607843137,0.588235294117647,0.662745098039216);
#320=FILL_AREA_STYLE_COLOUR('',#319);
#321=FILL_AREA_STYLE($,(#320));
#322=SURFACE_STYLE_FILL_AREA(#321);
#323=SURFACE_SIDE_STYLE('',(#322));
#324=SURFACE_STYLE_USAGE(.BOTH.,#323);
#325=PRESENTATION_STYLE_ASSIGNMENT((#324));
#326=STYLED_ITEM('',(#325),#318);
#327=ADVANCED_FACE('',(#1867),#1869,.F.);
#328=COLOUR_RGB('',0.349019607843137,0.588235294117647,0.662745098039216);
#329=FILL_AREA_STYLE_COLOUR('',#328);
#330=FILL_AREA_STYLE($,(#329));
#331=SURFACE_STYLE_FILL_AREA(#330);
#332=SURFACE_SIDE_STYLE('',(#331));
#333=SURFACE_STYLE_USAGE(.BOTH.,#332);
#334=PRESENTATION_STYLE_ASSIGNMENT((#333));
#335=STYLED_ITEM('',(#334),#327);
#336=ADVANCED_FACE('',(#1874,#1876,#1878),#1880,.F.);
#337=COLOUR_RGB('',0.349019607843137,0.588235294117647,0.662745098039216);
#338=FILL_AREA_STYLE_COLOUR('',#337);
#339=FILL_AREA_STYLE($,(#338));
#340=SURFACE_STYLE_FILL_AREA(#339);
#341=SURFACE_SIDE_STYLE('',(#340));
#342=SURFACE_STYLE_USAGE(.BOTH.,#341);
#343=PRESENTATION_STYLE_ASSIGNMENT((#342));
#344=STYLED_ITEM('',(#343),#336);
#345=ADVANCED_FACE('',(#1885,#1887,#1889),#1891,.F.);
#346=COLOUR_RGB('',0.349019607843137,0.588235294117647,0.662745098039216);
#347=FILL_AREA_STYLE_COLOUR('',#346);
#348=FILL_AREA_STYLE($,(#347));
#349=SURFACE_STYLE_FILL_AREA(#348);
#350=SURFACE_SIDE_STYLE('',(#349));
#351=SURFACE_STYLE_USAGE(.BOTH.,#350);
#352=PRESENTATION_STYLE_ASSIGNMENT((#351));
#353=STYLED_ITEM('',(#352),#345);
#354=ADVANCED_FACE('',(#1896),#1898,.T.);
#355=COLOUR_RGB('',0.349019607843137,0.588235294117647,0.662745098039216);
#356=FILL_AREA_STYLE_COLOUR('',#355);
#357=FILL_AREA_STYLE($,(#356));
#358=SURFACE_STYLE_FILL_AREA(#357);
#359=SURFACE_SIDE_STYLE('',(#358));
#360=SURFACE_STYLE_USAGE(.BOTH.,#359);
#361=PRESENTATION_STYLE_ASSIGNMENT((#360));
#362=STYLED_ITEM('',(#361),#354);
#363=ADVANCED_FACE('',(#1903),#1905,.T.);
#364=COLOUR_RGB('',0.349019607843137,0.588235294117647,0.662745098039216);
#365=FILL_AREA_STYLE_COLOUR('',#364);
#366=FILL_AREA_STYLE($,(#365));
#367=SURFACE_STYLE_FILL_AREA(#366);
#368=SURFACE_SIDE_STYLE('',(#367));
#369=SURFACE_STYLE_USAGE(.BOTH.,#368);
#370=PRESENTATION_STYLE_ASSIGNMENT((#369));
#371=STYLED_ITEM('',(#370),#363);
#372=ADVANCED_FACE('',(#1910),#1912,.T.);
#373=COLOUR_RGB('',0.349019607843137,0.588235294117647,0.662745098039216);
#374=FILL_AREA_STYLE_COLOUR('',#373);
#375=FILL_AREA_STYLE($,(#374));
#376=SURFACE_STYLE_FILL_AREA(#375);
#377=SURFACE_SIDE_STYLE('',(#376));
#378=SURFACE_STYLE_USAGE(.BOTH.,#377);
#379=PRESENTATION_STYLE_ASSIGNMENT((#378));
#380=STYLED_ITEM('',(#379),#372);
#381=ADVANCED_FACE('',(#1917),#1919,.T.);
#382=COLOUR_RGB('',0.349019607843137,0.588235294117647,0.662745098039216);
#383=FILL_AREA_STYLE_COLOUR('',#382);
#384=FILL_AREA_STYLE($,(#383));
#385=SURFACE_STYLE_FILL_AREA(#384);
#386=SURFACE_SIDE_STYLE('',(#385));
#387=SURFACE_STYLE_USAGE(.BOTH.,#386);
#388=PRESENTATION_STYLE_ASSIGNMENT((#387));
#389=STYLED_ITEM('',(#388),#381);
#390=ADVANCED_FACE('',(#1924),#1926,.T.);
#391=COLOUR_RGB('',0.349019607843137,0.588235294117647,0.662745098039216);
#392=FILL_AREA_STYLE_COLOUR('',#391);
#393=FILL_AREA_STYLE($,(#392));
#394=SURFACE_STYLE_FILL_AREA(#393);
#395=SURFACE_SIDE_STYLE('',(#394));
#396=SURFACE_STYLE_USAGE(.BOTH.,#395);
#397=PRESENTATION_STYLE_ASSIGNMENT((#396));
#398=STYLED_ITEM('',(#397),#390);
#399=ADVANCED_FACE('',(#1931),#1933,.T.);
#400=COLOUR_RGB('',0.349019607843137,0.588235294117647,0.662745098039216);
#401=FILL_AREA_STYLE_COLOUR('',#400);
#402=FILL_AREA_STYLE($,(#401));
#403=SURFACE_STYLE_FILL_AREA(#402);
#404=SURFACE_SIDE_STYLE('',(#403));
#405=SURFACE_STYLE_USAGE(.BOTH.,#404);
#406=PRESENTATION_STYLE_ASSIGNMENT((#405));
#407=STYLED_ITEM('',(#406),#399);
#408=ADVANCED_FACE('',(#1938),#1940,.T.);
#409=COLOUR_RGB('',0.349019607843137,0.588235294117647,0.662745098039216);
#410=FILL_AREA_STYLE_COLOUR('',#409);
#411=FILL_AREA_STYLE($,(#410));
#412=SURFACE_STYLE_FILL_AREA(#411);
#413=SURFACE_SIDE_STYLE('',(#412));
#414=SURFACE_STYLE_USAGE(.BOTH.,#413);
#415=PRESENTATION_STYLE_ASSIGNMENT((#414));
#416=STYLED_ITEM('',(#415),#408);
#417=ADVANCED_FACE('',(#1945),#1947,.T.);
#418=COLOUR_RGB('',0.349019607843137,0.588235294117647,0.662745098039216);
#419=FILL_AREA_STYLE_COLOUR('',#418);
#420=FILL_AREA_STYLE($,(#419));
#421=SURFACE_STYLE_FILL_AREA(#420);
#422=SURFACE_SIDE_STYLE('',(#421));
#423=SURFACE_STYLE_USAGE(.BOTH.,#422);
#424=PRESENTATION_STYLE_ASSIGNMENT((#423));
#425=STYLED_ITEM('',(#424),#417);
#426=ADVANCED_FACE('',(#1952),#1954,.T.);
#427=COLOUR_RGB('',0.349019607843137,0.588235294117647,0.662745098039216);
#428=FILL_AREA_STYLE_COLOUR('',#427);
#429=FILL_AREA_STYLE($,(#428));
#430=SURFACE_STYLE_FILL_AREA(#429);
#431=SURFACE_SIDE_STYLE('',(#430));
#432=SURFACE_STYLE_USAGE(.BOTH.,#431);
#433=PRESENTATION_STYLE_ASSIGNMENT((#432));
#434=STYLED_ITEM('',(#433),#426);
#435=ADVANCED_FACE('',(#1959),#1961,.T.);
#436=COLOUR_RGB('',0.349019607843137,0.588235294117647,0.662745098039216);
#437=FILL_AREA_STYLE_COLOUR('',#436);
#438=FILL_AREA_STYLE($,(#437));
#439=SURFACE_STYLE_FILL_AREA(#438);
#440=SURFACE_SIDE_STYLE('',(#439));
#441=SURFACE_STYLE_USAGE(.BOTH.,#440);
#442=PRESENTATION_STYLE_ASSIGNMENT((#441));
#443=STYLED_ITEM('',(#442),#435);
#444=ADVANCED_FACE('',(#1966),#1968,.T.);
#445=COLOUR_RGB('',0.349019607843137,0.588235294117647,0.662745098039216);
#446=FILL_AREA_STYLE_COLOUR('',#445);
#447=FILL_AREA_STYLE($,(#446));
#448=SURFACE_STYLE_FILL_AREA(#447);
#449=SURFACE_SIDE_STYLE('',(#448));
#450=SURFACE_STYLE_USAGE(.BOTH.,#449);
#451=PRESENTATION_STYLE_ASSIGNMENT((#450));
#452=STYLED_ITEM('',(#451),#444);
#453=ADVANCED_FACE('',(#1973,#1975,#1977),#1979,.F.);
#454=COLOUR_RGB('',0.349019607843137,0.588235294117647,0.662745098039216);
#455=FILL_AREA_STYLE_COLOUR('',#454);
#456=FILL_AREA_STYLE($,(#455));
#457=SURFACE_STYLE_FILL_AREA(#456);
#458=SURFACE_SIDE_STYLE('',(#457));
#459=SURFACE_STYLE_USAGE(.BOTH.,#458);
#460=PRESENTATION_STYLE_ASSIGNMENT((#459));
#461=STYLED_ITEM('',(#460),#453);
#462=ADVANCED_FACE('',(#1984),#1986,.T.);
#463=COLOUR_RGB('',0.349019607843137,0.588235294117647,0.662745098039216);
#464=FILL_AREA_STYLE_COLOUR('',#463);
#465=FILL_AREA_STYLE($,(#464));
#466=SURFACE_STYLE_FILL_AREA(#465);
#467=SURFACE_SIDE_STYLE('',(#466));
#468=SURFACE_STYLE_USAGE(.BOTH.,#467);
#469=PRESENTATION_STYLE_ASSIGNMENT((#468));
#470=STYLED_ITEM('',(#469),#462);
#471=ADVANCED_FACE('',(#1991,#1993,#1995),#1997,.T.);
#472=COLOUR_RGB('',0.349019607843137,0.588235294117647,0.662745098039216);
#473=FILL_AREA_STYLE_COLOUR('',#472);
#474=FILL_AREA_STYLE($,(#473));
#475=SURFACE_STYLE_FILL_AREA(#474);
#476=SURFACE_SIDE_STYLE('',(#475));
#477=SURFACE_STYLE_USAGE(.BOTH.,#476);
#478=PRESENTATION_STYLE_ASSIGNMENT((#477));
#479=STYLED_ITEM('',(#478),#471);
#480=ADVANCED_FACE('',(#2002),#2004,.T.);
#481=COLOUR_RGB('',0.349019607843137,0.588235294117647,0.662745098039216);
#482=FILL_AREA_STYLE_COLOUR('',#481);
#483=FILL_AREA_STYLE($,(#482));
#484=SURFACE_STYLE_FILL_AREA(#483);
#485=SURFACE_SIDE_STYLE('',(#484));
#486=SURFACE_STYLE_USAGE(.BOTH.,#485);
#487=PRESENTATION_STYLE_ASSIGNMENT((#486));
#488=STYLED_ITEM('',(#487),#480);
#489=ADVANCED_FACE('',(#2009),#2011,.F.);
#490=COLOUR_RGB('',0.349019607843137,0.588235294117647,0.662745098039216);
#491=FILL_AREA_STYLE_COLOUR('',#490);
#492=FILL_AREA_STYLE($,(#491));
#493=SURFACE_STYLE_FILL_AREA(#492);
#494=SURFACE_SIDE_STYLE('',(#493));
#495=SURFACE_STYLE_USAGE(.BOTH.,#494);
#496=PRESENTATION_STYLE_ASSIGNMENT((#495));
#497=STYLED_ITEM('',(#496),#489);
#498=ADVANCED_FACE('',(#2016),#2018,.F.);
#499=COLOUR_RGB('',0.349019607843137,0.588235294117647,0.662745098039216);
#500=FILL_AREA_STYLE_COLOUR('',#499);
#501=FILL_AREA_STYLE($,(#500));
#502=SURFACE_STYLE_FILL_AREA(#501);
#503=SURFACE_SIDE_STYLE('',(#502));
#504=SURFACE_STYLE_USAGE(.BOTH.,#503);
#505=PRESENTATION_STYLE_ASSIGNMENT((#504));
#506=STYLED_ITEM('',(#505),#498);
#507=ADVANCED_FACE('',(#2023),#2025,.F.);
#508=COLOUR_RGB('',0.349019607843137,0.588235294117647,0.662745098039216);
#509=FILL_AREA_STYLE_COLOUR('',#508);
#510=FILL_AREA_STYLE($,(#509));
#511=SURFACE_STYLE_FILL_AREA(#510);
#512=SURFACE_SIDE_STYLE('',(#511));
#513=SURFACE_STYLE_USAGE(.BOTH.,#512);
#514=PRESENTATION_STYLE_ASSIGNMENT((#513));
#515=STYLED_ITEM('',(#514),#507);
#516=ADVANCED_FACE('',(#2030),#2032,.F.);
#517=COLOUR_RGB('',0.349019607843137,0.588235294117647,0.662745098039216);
#518=FILL_AREA_STYLE_COLOUR('',#517);
#519=FILL_AREA_STYLE($,(#518));
#520=SURFACE_STYLE_FILL_AREA(#519);
#521=SURFACE_SIDE_STYLE('',(#520));
#522=SURFACE_STYLE_USAGE(.BOTH.,#521);
#523=PRESENTATION_STYLE_ASSIGNMENT((#522));
#524=STYLED_ITEM('',(#523),#516);
#525=ADVANCED_FACE('',(#2037),#2039,.F.);
#526=COLOUR_RGB('',0.349019607843137,0.588235294117647,0.662745098039216);
#527=FILL_AREA_STYLE_COLOUR('',#526);
#528=FILL_AREA_STYLE($,(#527));
#529=SURFACE_STYLE_FILL_AREA(#528);
#530=SURFACE_SIDE_STYLE('',(#529));
#531=SURFACE_STYLE_USAGE(.BOTH.,#530);
#532=PRESENTATION_STYLE_ASSIGNMENT((#531));
#533=STYLED_ITEM('',(#532),#525);
#534=ADVANCED_FACE('',(#2044),#2046,.F.);
#535=COLOUR_RGB('',0.349019607843137,0.588235294117647,0.662745098039216);
#536=FILL_AREA_STYLE_COLOUR('',#535);
#537=FILL_AREA_STYLE($,(#536));
#538=SURFACE_STYLE_FILL_AREA(#537);
#539=SURFACE_SIDE_STYLE('',(#538));
#540=SURFACE_STYLE_USAGE(.BOTH.,#539);
#541=PRESENTATION_STYLE_ASSIGNMENT((#540));
#542=STYLED_ITEM('',(#541),#534);
#543=ADVANCED_FACE('',(#2051),#2053,.F.);
#544=COLOUR_RGB('',0.349019607843137,0.588235294117647,0.662745098039216);
#545=FILL_AREA_STYLE_COLOUR('',#544);
#546=FILL_AREA_STYLE($,(#545));
#547=SURFACE_STYLE_FILL_AREA(#546);
#548=SURFACE_SIDE_STYLE('',(#547));
#549=SURFACE_STYLE_USAGE(.BOTH.,#548);
#550=PRESENTATION_STYLE_ASSIGNMENT((#549));
#551=STYLED_ITEM('',(#550),#543);
#552=ADVANCED_FACE('',(#2058,#2060),#2062,.F.);
#553=COLOUR_RGB('',0.349019607843137,0.588235294117647,0.662745098039216);
#554=FILL_AREA_STYLE_COLOUR('',#553);
#555=FILL_AREA_STYLE($,(#554));
#556=SURFACE_STYLE_FILL_AREA(#555);
#557=SURFACE_SIDE_STYLE('',(#556));
#558=SURFACE_STYLE_USAGE(.BOTH.,#557);
#559=PRESENTATION_STYLE_ASSIGNMENT((#558));
#560=STYLED_ITEM('',(#559),#552);
#561=ADVANCED_FACE('',(#2067),#2069,.T.);
#562=COLOUR_RGB('',0.349019607843137,0.588235294117647,0.662745098039216);
#563=FILL_AREA_STYLE_COLOUR('',#562);
#564=FILL_AREA_STYLE($,(#563));
#565=SURFACE_STYLE_FILL_AREA(#564);
#566=SURFACE_SIDE_STYLE('',(#565));
#567=SURFACE_STYLE_USAGE(.BOTH.,#566);
#568=PRESENTATION_STYLE_ASSIGNMENT((#567));
#569=STYLED_ITEM('',(#568),#561);
#570=ADVANCED_FACE('',(#2074),#2076,.F.);
#571=COLOUR_RGB('',0.349019607843137,0.588235294117647,0.662745098039216);
#572=FILL_AREA_STYLE_COLOUR('',#571);
#573=FILL_AREA_STYLE($,(#572));
#574=SURFACE_STYLE_FILL_AREA(#573);
#575=SURFACE_SIDE_STYLE('',(#574));
#576=SURFACE_STYLE_USAGE(.BOTH.,#575);
#577=PRESENTATION_STYLE_ASSIGNMENT((#576));
#578=STYLED_ITEM('',(#577),#570);
#579=ADVANCED_FACE('',(#2081,#2083,#2085,#2087),#2089,.F.);
#580=COLOUR_RGB('',0.349019607843137,0.588235294117647,0.662745098039216);
#581=FILL_AREA_STYLE_COLOUR('',#580);
#582=FILL_AREA_STYLE($,(#581));
#583=SURFACE_STYLE_FILL_AREA(#582);
#584=SURFACE_SIDE_STYLE('',(#583));
#585=SURFACE_STYLE_USAGE(.BOTH.,#584);
#586=PRESENTATION_STYLE_ASSIGNMENT((#585));
#587=STYLED_ITEM('',(#586),#579);
#588=ADVANCED_FACE('',(#2094),#2096,.F.);
#589=COLOUR_RGB('',0.349019607843137,0.588235294117647,0.662745098039216);
#590=FILL_AREA_STYLE_COLOUR('',#589);
#591=FILL_AREA_STYLE($,(#590));
#592=SURFACE_STYLE_FILL_AREA(#591);
#593=SURFACE_SIDE_STYLE('',(#592));
#594=SURFACE_STYLE_USAGE(.BOTH.,#593);
#595=PRESENTATION_STYLE_ASSIGNMENT((#594));
#596=STYLED_ITEM('',(#595),#588);
#597=ADVANCED_FACE('',(#2101),#2103,.F.);
#598=COLOUR_RGB('',0.349019607843137,0.588235294117647,0.662745098039216);
#599=FILL_AREA_STYLE_COLOUR('',#598);
#600=FILL_AREA_STYLE($,(#599));
#601=SURFACE_STYLE_FILL_AREA(#600);
#602=SURFACE_SIDE_STYLE('',(#601));
#603=SURFACE_STYLE_USAGE(.BOTH.,#602);
#604=PRESENTATION_STYLE_ASSIGNMENT((#603));
#605=STYLED_ITEM('',(#604),#597);
#606=ADVANCED_FACE('',(#2108,#2110),#2112,.F.);
#607=COLOUR_RGB('',0.349019607843137,0.588235294117647,0.662745098039216);
#608=FILL_AREA_STYLE_COLOUR('',#607);
#609=FILL_AREA_STYLE($,(#608));
#610=SURFACE_STYLE_FILL_AREA(#609);
#611=SURFACE_SIDE_STYLE('',(#610));
#612=SURFACE_STYLE_USAGE(.BOTH.,#611);
#613=PRESENTATION_STYLE_ASSIGNMENT((#612));
#614=STYLED_ITEM('',(#613),#606);
#615=ADVANCED_FACE('',(#2117),#2119,.F.);
#616=COLOUR_RGB('',0.349019607843137,0.588235294117647,0.662745098039216);
#617=FILL_AREA_STYLE_COLOUR('',#616);
#618=FILL_AREA_STYLE($,(#617));
#619=SURFACE_STYLE_FILL_AREA(#618);
#620=SURFACE_SIDE_STYLE('',(#619));
#621=SURFACE_STYLE_USAGE(.BOTH.,#620);
#622=PRESENTATION_STYLE_ASSIGNMENT((#621));
#623=STYLED_ITEM('',(#622),#615);
#624=ADVANCED_FACE('',(#2124,#2126),#2128,.F.);
#625=COLOUR_RGB('',0.349019607843137,0.588235294117647,0.662745098039216);
#626=FILL_AREA_STYLE_COLOUR('',#625);
#627=FILL_AREA_STYLE($,(#626));
#628=SURFACE_STYLE_FILL_AREA(#627);
#629=SURFACE_SIDE_STYLE('',(#628));
#630=SURFACE_STYLE_USAGE(.BOTH.,#629);
#631=PRESENTATION_STYLE_ASSIGNMENT((#630));
#632=STYLED_ITEM('',(#631),#624);
#633=ADVANCED_FACE('',(#2133,#2135),#2137,.F.);
#634=COLOUR_RGB('',0.349019607843137,0.588235294117647,0.662745098039216);
#635=FILL_AREA_STYLE_COLOUR('',#634);
#636=FILL_AREA_STYLE($,(#635));
#637=SURFACE_STYLE_FILL_AREA(#636);
#638=SURFACE_SIDE_STYLE('',(#637));
#639=SURFACE_STYLE_USAGE(.BOTH.,#638);
#640=PRESENTATION_STYLE_ASSIGNMENT((#639));
#641=STYLED_ITEM('',(#640),#633);
#642=ADVANCED_FACE('',(#2142),#2144,.T.);
#643=COLOUR_RGB('',0.349019607843137,0.588235294117647,0.662745098039216);
#644=FILL_AREA_STYLE_COLOUR('',#643);
#645=FILL_AREA_STYLE($,(#644));
#646=SURFACE_STYLE_FILL_AREA(#645);
#647=SURFACE_SIDE_STYLE('',(#646));
#648=SURFACE_STYLE_USAGE(.BOTH.,#647);
#649=PRESENTATION_STYLE_ASSIGNMENT((#648));
#650=STYLED_ITEM('',(#649),#642);
#651=ADVANCED_FACE('',(#2149),#2151,.T.);
#652=COLOUR_RGB('',0.349019607843137,0.588235294117647,0.662745098039216);
#653=FILL_AREA_STYLE_COLOUR('',#652);
#654=FILL_AREA_STYLE($,(#653));
#655=SURFACE_STYLE_FILL_AREA(#654);
#656=SURFACE_SIDE_STYLE('',(#655));
#657=SURFACE_STYLE_USAGE(.BOTH.,#656);
#658=PRESENTATION_STYLE_ASSIGNMENT((#657));
#659=STYLED_ITEM('',(#658),#651);
#660=ADVANCED_FACE('',(#2156),#2158,.F.);
#661=COLOUR_RGB('',0.349019607843137,0.588235294117647,0.662745098039216);
#662=FILL_AREA_STYLE_COLOUR('',#661);
#663=FILL_AREA_STYLE($,(#662));
#664=SURFACE_STYLE_FILL_AREA(#663);
#665=SURFACE_SIDE_STYLE('',(#664));
#666=SURFACE_STYLE_USAGE(.BOTH.,#665);
#667=PRESENTATION_STYLE_ASSIGNMENT((#666));
#668=STYLED_ITEM('',(#667),#660);
#669=ADVANCED_FACE('',(#2163),#2165,.F.);
#670=COLOUR_RGB('',0.349019607843137,0.588235294117647,0.662745098039216);
#671=FILL_AREA_STYLE_COLOUR('',#670);
#672=FILL_AREA_STYLE($,(#671));
#673=SURFACE_STYLE_FILL_AREA(#672);
#674=SURFACE_SIDE_STYLE('',(#673));
#675=SURFACE_STYLE_USAGE(.BOTH.,#674);
#676=PRESENTATION_STYLE_ASSIGNMENT((#675));
#677=STYLED_ITEM('',(#676),#669);
#678=ADVANCED_FACE('',(#2170),#2172,.F.);
#679=COLOUR_RGB('',0.349019607843137,0.588235294117647,0.662745098039216);
#680=FILL_AREA_STYLE_COLOUR('',#679);
#681=FILL_AREA_STYLE($,(#680));
#682=SURFACE_STYLE_FILL_AREA(#681);
#683=SURFACE_SIDE_STYLE('',(#682));
#684=SURFACE_STYLE_USAGE(.BOTH.,#683);
#685=PRESENTATION_STYLE_ASSIGNMENT((#684));
#686=STYLED_ITEM('',(#685),#678);
#687=ADVANCED_FACE('',(#2177,#2179),#2181,.F.);
#688=COLOUR_RGB('',0.349019607843137,0.588235294117647,0.662745098039216);
#689=FILL_AREA_STYLE_COLOUR('',#688);
#690=FILL_AREA_STYLE($,(#689));
#691=SURFACE_STYLE_FILL_AREA(#690);
#692=SURFACE_SIDE_STYLE('',(#691));
#693=SURFACE_STYLE_USAGE(.BOTH.,#692);
#694=PRESENTATION_STYLE_ASSIGNMENT((#693));
#695=STYLED_ITEM('',(#694),#687);
#696=ADVANCED_FACE('',(#2186),#2188,.T.);
#697=COLOUR_RGB('',0.349019607843137,0.588235294117647,0.662745098039216);
#698=FILL_AREA_STYLE_COLOUR('',#697);
#699=FILL_AREA_STYLE($,(#698));
#700=SURFACE_STYLE_FILL_AREA(#699);
#701=SURFACE_SIDE_STYLE('',(#700));
#702=SURFACE_STYLE_USAGE(.BOTH.,#701);
#703=PRESENTATION_STYLE_ASSIGNMENT((#702));
#704=STYLED_ITEM('',(#703),#696);
#705=ADVANCED_FACE('',(#2193),#2195,.F.);
#706=COLOUR_RGB('',0.349019607843137,0.588235294117647,0.662745098039216);
#707=FILL_AREA_STYLE_COLOUR('',#706);
#708=FILL_AREA_STYLE($,(#707));
#709=SURFACE_STYLE_FILL_AREA(#708);
#710=SURFACE_SIDE_STYLE('',(#709));
#711=SURFACE_STYLE_USAGE(.BOTH.,#710);
#712=PRESENTATION_STYLE_ASSIGNMENT((#711));
#713=STYLED_ITEM('',(#712),#705);
#714=ADVANCED_FACE('',(#2200),#2202,.T.);
#715=COLOUR_RGB('',0.349019607843137,0.588235294117647,0.662745098039216);
#716=FILL_AREA_STYLE_COLOUR('',#715);
#717=FILL_AREA_STYLE($,(#716));
#718=SURFACE_STYLE_FILL_AREA(#717);
#719=SURFACE_SIDE_STYLE('',(#718));
#720=SURFACE_STYLE_USAGE(.BOTH.,#719);
#721=PRESENTATION_STYLE_ASSIGNMENT((#720));
#722=STYLED_ITEM('',(#721),#714);
#723=ADVANCED_FACE('',(#2207,#2209,#2211),#2213,.T.);
#724=COLOUR_RGB('',0.349019607843137,0.588235294117647,0.662745098039216);
#725=FILL_AREA_STYLE_COLOUR('',#724);
#726=FILL_AREA_STYLE($,(#725));
#727=SURFACE_STYLE_FILL_AREA(#726);
#728=SURFACE_SIDE_STYLE('',(#727));
#729=SURFACE_STYLE_USAGE(.BOTH.,#728);
#730=PRESENTATION_STYLE_ASSIGNMENT((#729));
#731=STYLED_ITEM('',(#730),#723);
#732=ADVANCED_FACE('',(#2218),#2220,.T.);
#733=COLOUR_RGB('',0.349019607843137,0.588235294117647,0.662745098039216);
#734=FILL_AREA_STYLE_COLOUR('',#733);
#735=FILL_AREA_STYLE($,(#734));
#736=SURFACE_STYLE_FILL_AREA(#735);
#737=SURFACE_SIDE_STYLE('',(#736));
#738=SURFACE_STYLE_USAGE(.BOTH.,#737);
#739=PRESENTATION_STYLE_ASSIGNMENT((#738));
#740=STYLED_ITEM('',(#739),#732);
#741=ADVANCED_FACE('',(#2225,#2227,#2229,#2231,#2233),#2235,.T.);
#742=COLOUR_RGB('',0.349019607843137,0.588235294117647,0.662745098039216);
#743=FILL_AREA_STYLE_COLOUR('',#742);
#744=FILL_AREA_STYLE($,(#743));
#745=SURFACE_STYLE_FILL_AREA(#744);
#746=SURFACE_SIDE_STYLE('',(#745));
#747=SURFACE_STYLE_USAGE(.BOTH.,#746);
#748=PRESENTATION_STYLE_ASSIGNMENT((#747));
#749=STYLED_ITEM('',(#748),#741);
#750=ADVANCED_FACE('',(#2240),#2242,.F.);
#751=COLOUR_RGB('',0.349019607843137,0.588235294117647,0.662745098039216);
#752=FILL_AREA_STYLE_COLOUR('',#751);
#753=FILL_AREA_STYLE($,(#752));
#754=SURFACE_STYLE_FILL_AREA(#753);
#755=SURFACE_SIDE_STYLE('',(#754));
#756=SURFACE_STYLE_USAGE(.BOTH.,#755);
#757=PRESENTATION_STYLE_ASSIGNMENT((#756));
#758=STYLED_ITEM('',(#757),#750);
#759=ADVANCED_FACE('',(#2315),#2317,.F.);
#760=COLOUR_RGB('',0.349019607843137,0.588235294117647,0.662745098039216);
#761=FILL_AREA_STYLE_COLOUR('',#760);
#762=FILL_AREA_STYLE($,(#761));
#763=SURFACE_STYLE_FILL_AREA(#762);
#764=SURFACE_SIDE_STYLE('',(#763));
#765=SURFACE_STYLE_USAGE(.BOTH.,#764);
#766=PRESENTATION_STYLE_ASSIGNMENT((#765));
#767=STYLED_ITEM('',(#766),#759);
#768=ADVANCED_FACE('',(#2322),#2324,.T.);
#769=COLOUR_RGB('',0.349019607843137,0.588235294117647,0.662745098039216);
#770=FILL_AREA_STYLE_COLOUR('',#769);
#771=FILL_AREA_STYLE($,(#770));
#772=SURFACE_STYLE_FILL_AREA(#771);
#773=SURFACE_SIDE_STYLE('',(#772));
#774=SURFACE_STYLE_USAGE(.BOTH.,#773);
#775=PRESENTATION_STYLE_ASSIGNMENT((#774));
#776=STYLED_ITEM('',(#775),#768);
#777=ADVANCED_FACE('',(#2329),#2331,.F.);
#778=COLOUR_RGB('',0.349019607843137,0.588235294117647,0.662745098039216);
#779=FILL_AREA_STYLE_COLOUR('',#778);
#780=FILL_AREA_STYLE($,(#779));
#781=SURFACE_STYLE_FILL_AREA(#780);
#782=SURFACE_SIDE_STYLE('',(#781));
#783=SURFACE_STYLE_USAGE(.BOTH.,#782);
#784=PRESENTATION_STYLE_ASSIGNMENT((#783));
#785=STYLED_ITEM('',(#784),#777);
#786=ADVANCED_FACE('',(#2336),#2338,.T.);
#787=COLOUR_RGB('',0.349019607843137,0.588235294117647,0.662745098039216);
#788=FILL_AREA_STYLE_COLOUR('',#787);
#789=FILL_AREA_STYLE($,(#788));
#790=SURFACE_STYLE_FILL_AREA(#789);
#791=SURFACE_SIDE_STYLE('',(#790));
#792=SURFACE_STYLE_USAGE(.BOTH.,#791);
#793=PRESENTATION_STYLE_ASSIGNMENT((#792));
#794=STYLED_ITEM('',(#793),#786);
#795=ADVANCED_FACE('',(#2343),#2345,.F.);
#796=COLOUR_RGB('',0.349019607843137,0.588235294117647,0.662745098039216);
#797=FILL_AREA_STYLE_COLOUR('',#796);
#798=FILL_AREA_STYLE($,(#797));
#799=SURFACE_STYLE_FILL_AREA(#798);
#800=SURFACE_SIDE_STYLE('',(#799));
#801=SURFACE_STYLE_USAGE(.BOTH.,#800);
#802=PRESENTATION_STYLE_ASSIGNMENT((#801));
#803=STYLED_ITEM('',(#802),#795);
#804=ADVANCED_FACE('',(#2350),#2352,.T.);
#805=COLOUR_RGB('',0.349019607843137,0.588235294117647,0.662745098039216);
#806=FILL_AREA_STYLE_COLOUR('',#805);
#807=FILL_AREA_STYLE($,(#806));
#808=SURFACE_STYLE_FILL_AREA(#807);
#809=SURFACE_SIDE_STYLE('',(#808));
#810=SURFACE_STYLE_USAGE(.BOTH.,#809);
#811=PRESENTATION_STYLE_ASSIGNMENT((#810));
#812=STYLED_ITEM('',(#811),#804);
#813=ADVANCED_FACE('',(#2357,#2359,#2361),#2363,.F.);
#814=COLOUR_RGB('',0.349019607843137,0.588235294117647,0.662745098039216);
#815=FILL_AREA_STYLE_COLOUR('',#814);
#816=FILL_AREA_STYLE($,(#815));
#817=SURFACE_STYLE_FILL_AREA(#816);
#818=SURFACE_SIDE_STYLE('',(#817));
#819=SURFACE_STYLE_USAGE(.BOTH.,#818);
#820=PRESENTATION_STYLE_ASSIGNMENT((#819));
#821=STYLED_ITEM('',(#820),#813);
#822=ADVANCED_FACE('',(#2368),#2370,.T.);
#823=COLOUR_RGB('',0.349019607843137,0.588235294117647,0.662745098039216);
#824=FILL_AREA_STYLE_COLOUR('',#823);
#825=FILL_AREA_STYLE($,(#824));
#826=SURFACE_STYLE_FILL_AREA(#825);
#827=SURFACE_SIDE_STYLE('',(#826));
#828=SURFACE_STYLE_USAGE(.BOTH.,#827);
#829=PRESENTATION_STYLE_ASSIGNMENT((#828));
#830=STYLED_ITEM('',(#829),#822);
#831=ADVANCED_FACE('',(#2375),#2377,.F.);
#832=COLOUR_RGB('',0.349019607843137,0.588235294117647,0.662745098039216);
#833=FILL_AREA_STYLE_COLOUR('',#832);
#834=FILL_AREA_STYLE($,(#833));
#835=SURFACE_STYLE_FILL_AREA(#834);
#836=SURFACE_SIDE_STYLE('',(#835));
#837=SURFACE_STYLE_USAGE(.BOTH.,#836);
#838=PRESENTATION_STYLE_ASSIGNMENT((#837));
#839=STYLED_ITEM('',(#838),#831);
#840=ADVANCED_FACE('',(#2382,#2384),#2386,.F.);
#841=COLOUR_RGB('',0.349019607843137,0.588235294117647,0.662745098039216);
#842=FILL_AREA_STYLE_COLOUR('',#841);
#843=FILL_AREA_STYLE($,(#842));
#844=SURFACE_STYLE_FILL_AREA(#843);
#845=SURFACE_SIDE_STYLE('',(#844));
#846=SURFACE_STYLE_USAGE(.BOTH.,#845);
#847=PRESENTATION_STYLE_ASSIGNMENT((#846));
#848=STYLED_ITEM('',(#847),#840);
#849=ADVANCED_FACE('',(#2391,#2393),#2395,.F.);
#850=COLOUR_RGB('',0.349019607843137,0.588235294117647,0.662745098039216);
#851=FILL_AREA_STYLE_COLOUR('',#850);
#852=FILL_AREA_STYLE($,(#851));
#853=SURFACE_STYLE_FILL_AREA(#852);
#854=SURFACE_SIDE_STYLE('',(#853));
#855=SURFACE_STYLE_USAGE(.BOTH.,#854);
#856=PRESENTATION_STYLE_ASSIGNMENT((#855));
#857=STYLED_ITEM('',(#856),#849);
#858=ADVANCED_FACE('',(#2400),#2402,.F.);
#859=COLOUR_RGB('',0.349019607843137,0.588235294117647,0.662745098039216);
#860=FILL_AREA_STYLE_COLOUR('',#859);
#861=FILL_AREA_STYLE($,(#860));
#862=SURFACE_STYLE_FILL_AREA(#861);
#863=SURFACE_SIDE_STYLE('',(#862));
#864=SURFACE_STYLE_USAGE(.BOTH.,#863);
#865=PRESENTATION_STYLE_ASSIGNMENT((#864));
#866=STYLED_ITEM('',(#865),#858);
#867=ADVANCED_FACE('',(#2407),#2409,.T.);
#868=COLOUR_RGB('',0.349019607843137,0.588235294117647,0.662745098039216);
#869=FILL_AREA_STYLE_COLOUR('',#868);
#870=FILL_AREA_STYLE($,(#869));
#871=SURFACE_STYLE_FILL_AREA(#870);
#872=SURFACE_SIDE_STYLE('',(#871));
#873=SURFACE_STYLE_USAGE(.BOTH.,#872);
#874=PRESENTATION_STYLE_ASSIGNMENT((#873));
#875=STYLED_ITEM('',(#874),#867);
#876=ADVANCED_FACE('',(#2414),#2416,.F.);
#877=COLOUR_RGB('',0.349019607843137,0.588235294117647,0.662745098039216);
#878=FILL_AREA_STYLE_COLOUR('',#877);
#879=FILL_AREA_STYLE($,(#878));
#880=SURFACE_STYLE_FILL_AREA(#879);
#881=SURFACE_SIDE_STYLE('',(#880));
#882=SURFACE_STYLE_USAGE(.BOTH.,#881);
#883=PRESENTATION_STYLE_ASSIGNMENT((#882));
#884=STYLED_ITEM('',(#883),#876);
#885=ADVANCED_FACE('',(#2421),#2423,.T.);
#886=COLOUR_RGB('',0.349019607843137,0.588235294117647,0.662745098039216);
#887=FILL_AREA_STYLE_COLOUR('',#886);
#888=FILL_AREA_STYLE($,(#887));
#889=SURFACE_STYLE_FILL_AREA(#888);
#890=SURFACE_SIDE_STYLE('',(#889));
#891=SURFACE_STYLE_USAGE(.BOTH.,#890);
#892=PRESENTATION_STYLE_ASSIGNMENT((#891));
#893=STYLED_ITEM('',(#892),#885);
#894=ADVANCED_FACE('',(#2428),#2430,.F.);
#895=COLOUR_RGB('',0.349019607843137,0.588235294117647,0.662745098039216);
#896=FILL_AREA_STYLE_COLOUR('',#895);
#897=FILL_AREA_STYLE($,(#896));
#898=SURFACE_STYLE_FILL_AREA(#897);
#899=SURFACE_SIDE_STYLE('',(#898));
#900=SURFACE_STYLE_USAGE(.BOTH.,#899);
#901=PRESENTATION_STYLE_ASSIGNMENT((#900));
#902=STYLED_ITEM('',(#901),#894);
#903=ADVANCED_FACE('',(#2435),#2437,.T.);
#904=COLOUR_RGB('',0.349019607843137,0.588235294117647,0.662745098039216);
#905=FILL_AREA_STYLE_COLOUR('',#904);
#906=FILL_AREA_STYLE($,(#905));
#907=SURFACE_STYLE_FILL_AREA(#906);
#908=SURFACE_SIDE_STYLE('',(#907));
#909=SURFACE_STYLE_USAGE(.BOTH.,#908);
#910=PRESENTATION_STYLE_ASSIGNMENT((#909));
#911=STYLED_ITEM('',(#910),#903);
#912=ADVANCED_FACE('',(#2442),#2444,.F.);
#913=COLOUR_RGB('',0.349019607843137,0.588235294117647,0.662745098039216);
#914=FILL_AREA_STYLE_COLOUR('',#913);
#915=FILL_AREA_STYLE($,(#914));
#916=SURFACE_STYLE_FILL_AREA(#915);
#917=SURFACE_SIDE_STYLE('',(#916));
#918=SURFACE_STYLE_USAGE(.BOTH.,#917);
#919=PRESENTATION_STYLE_ASSIGNMENT((#918));
#920=STYLED_ITEM('',(#919),#912);
#921=ADVANCED_FACE('',(#2449),#2451,.F.);
#922=COLOUR_RGB('',0.349019607843137,0.588235294117647,0.662745098039216);
#923=FILL_AREA_STYLE_COLOUR('',#922);
#924=FILL_AREA_STYLE($,(#923));
#925=SURFACE_STYLE_FILL_AREA(#924);
#926=SURFACE_SIDE_STYLE('',(#925));
#927=SURFACE_STYLE_USAGE(.BOTH.,#926);
#928=PRESENTATION_STYLE_ASSIGNMENT((#927));
#929=STYLED_ITEM('',(#928),#921);
#930=ADVANCED_FACE('',(#2456),#2458,.F.);
#931=COLOUR_RGB('',0.349019607843137,0.588235294117647,0.662745098039216);
#932=FILL_AREA_STYLE_COLOUR('',#931);
#933=FILL_AREA_STYLE($,(#932));
#934=SURFACE_STYLE_FILL_AREA(#933);
#935=SURFACE_SIDE_STYLE('',(#934));
#936=SURFACE_STYLE_USAGE(.BOTH.,#935);
#937=PRESENTATION_STYLE_ASSIGNMENT((#936));
#938=STYLED_ITEM('',(#937),#930);
#939=ADVANCED_FACE('',(#2463),#2465,.F.);
#940=COLOUR_RGB('',0.349019607843137,0.588235294117647,0.662745098039216);
#941=FILL_AREA_STYLE_COLOUR('',#940);
#942=FILL_AREA_STYLE($,(#941));
#943=SURFACE_STYLE_FILL_AREA(#942);
#944=SURFACE_SIDE_STYLE('',(#943));
#945=SURFACE_STYLE_USAGE(.BOTH.,#944);
#946=PRESENTATION_STYLE_ASSIGNMENT((#945));
#947=STYLED_ITEM('',(#946),#939);
#948=ADVANCED_FACE('',(#2470),#2472,.F.);
#949=COLOUR_RGB('',0.349019607843137,0.588235294117647,0.662745098039216);
#950=FILL_AREA_STYLE_COLOUR('',#949);
#951=FILL_AREA_STYLE($,(#950));
#952=SURFACE_STYLE_FILL_AREA(#951);
#953=SURFACE_SIDE_STYLE('',(#952));
#954=SURFACE_STYLE_USAGE(.BOTH.,#953);
#955=PRESENTATION_STYLE_ASSIGNMENT((#954));
#956=STYLED_ITEM('',(#955),#948);
#957=ADVANCED_FACE('',(#2477),#2479,.F.);
#958=COLOUR_RGB('',0.349019607843137,0.588235294117647,0.662745098039216);
#959=FILL_AREA_STYLE_COLOUR('',#958);
#960=FILL_AREA_STYLE($,(#959));
#961=SURFACE_STYLE_FILL_AREA(#960);
#962=SURFACE_SIDE_STYLE('',(#961));
#963=SURFACE_STYLE_USAGE(.BOTH.,#962);
#964=PRESENTATION_STYLE_ASSIGNMENT((#963));
#965=STYLED_ITEM('',(#964),#957);
#966=ADVANCED_FACE('',(#2484),#2486,.F.);
#967=COLOUR_RGB('',0.349019607843137,0.588235294117647,0.662745098039216);
#968=FILL_AREA_STYLE_COLOUR('',#967);
#969=FILL_AREA_STYLE($,(#968));
#970=SURFACE_STYLE_FILL_AREA(#969);
#971=SURFACE_SIDE_STYLE('',(#970));
#972=SURFACE_STYLE_USAGE(.BOTH.,#971);
#973=PRESENTATION_STYLE_ASSIGNMENT((#972));
#974=STYLED_ITEM('',(#973),#966);
#975=ADVANCED_FACE('',(#2491),#2493,.F.);
#976=COLOUR_RGB('',0.349019607843137,0.588235294117647,0.662745098039216);
#977=FILL_AREA_STYLE_COLOUR('',#976);
#978=FILL_AREA_STYLE($,(#977));
#979=SURFACE_STYLE_FILL_AREA(#978);
#980=SURFACE_SIDE_STYLE('',(#979));
#981=SURFACE_STYLE_USAGE(.BOTH.,#980);
#982=PRESENTATION_STYLE_ASSIGNMENT((#981));
#983=STYLED_ITEM('',(#982),#975);
#984=ADVANCED_FACE('',(#2498),#2500,.F.);
#985=COLOUR_RGB('',0.349019607843137,0.588235294117647,0.662745098039216);
#986=FILL_AREA_STYLE_COLOUR('',#985);
#987=FILL_AREA_STYLE($,(#986));
#988=SURFACE_STYLE_FILL_AREA(#987);
#989=SURFACE_SIDE_STYLE('',(#988));
#990=SURFACE_STYLE_USAGE(.BOTH.,#989);
#991=PRESENTATION_STYLE_ASSIGNMENT((#990));
#992=STYLED_ITEM('',(#991),#984);
#993=ADVANCED_FACE('',(#2505),#2507,.F.);
#994=COLOUR_RGB('',0.349019607843137,0.588235294117647,0.662745098039216);
#995=FILL_AREA_STYLE_COLOUR('',#994);
#996=FILL_AREA_STYLE($,(#995));
#997=SURFACE_STYLE_FILL_AREA(#996);
#998=SURFACE_SIDE_STYLE('',(#997));
#999=SURFACE_STYLE_USAGE(.BOTH.,#998);
#1000=PRESENTATION_STYLE_ASSIGNMENT((#999));
#1001=STYLED_ITEM('',(#1000),#993);
#1002=ADVANCED_FACE('',(#2512),#2514,.F.);
#1003=COLOUR_RGB('',0.349019607843137,0.588235294117647,0.662745098039216);
#1004=FILL_AREA_STYLE_COLOUR('',#1003);
#1005=FILL_AREA_STYLE($,(#1004));
#1006=SURFACE_STYLE_FILL_AREA(#1005);
#1007=SURFACE_SIDE_STYLE('',(#1006));
#1008=SURFACE_STYLE_USAGE(.BOTH.,#1007);
#1009=PRESENTATION_STYLE_ASSIGNMENT((#1008));
#1010=STYLED_ITEM('',(#1009),#1002);
#1011=ADVANCED_FACE('',(#2519),#2521,.F.);
#1012=COLOUR_RGB('',0.349019607843137,0.588235294117647,0.662745098039216);
#1013=FILL_AREA_STYLE_COLOUR('',#1012);
#1014=FILL_AREA_STYLE($,(#1013));
#1015=SURFACE_STYLE_FILL_AREA(#1014);
#1016=SURFACE_SIDE_STYLE('',(#1015));
#1017=SURFACE_STYLE_USAGE(.BOTH.,#1016);
#1018=PRESENTATION_STYLE_ASSIGNMENT((#1017));
#1019=STYLED_ITEM('',(#1018),#1011);
#1020=ADVANCED_FACE('',(#2526),#2528,.F.);
#1021=COLOUR_RGB('',0.349019607843137,0.588235294117647,0.662745098039216);
#1022=FILL_AREA_STYLE_COLOUR('',#1021);
#1023=FILL_AREA_STYLE($,(#1022));
#1024=SURFACE_STYLE_FILL_AREA(#1023);
#1025=SURFACE_SIDE_STYLE('',(#1024));
#1026=SURFACE_STYLE_USAGE(.BOTH.,#1025);
#1027=PRESENTATION_STYLE_ASSIGNMENT((#1026));
#1028=STYLED_ITEM('',(#1027),#1020);
#1029=ADVANCED_FACE('',(#2533),#2535,.T.);
#1030=COLOUR_RGB('',0.349019607843137,0.588235294117647,0.662745098039216);
#1031=FILL_AREA_STYLE_COLOUR('',#1030);
#1032=FILL_AREA_STYLE($,(#1031));
#1033=SURFACE_STYLE_FILL_AREA(#1032);
#1034=SURFACE_SIDE_STYLE('',(#1033));
#1035=SURFACE_STYLE_USAGE(.BOTH.,#1034);
#1036=PRESENTATION_STYLE_ASSIGNMENT((#1035));
#1037=STYLED_ITEM('',(#1036),#1029);
#1038=ADVANCED_FACE('',(#2608),#2610,.F.);
#1039=COLOUR_RGB('',0.349019607843137,0.588235294117647,0.662745098039216);
#1040=FILL_AREA_STYLE_COLOUR('',#1039);
#1041=FILL_AREA_STYLE($,(#1040));
#1042=SURFACE_STYLE_FILL_AREA(#1041);
#1043=SURFACE_SIDE_STYLE('',(#1042));
#1044=SURFACE_STYLE_USAGE(.BOTH.,#1043);
#1045=PRESENTATION_STYLE_ASSIGNMENT((#1044));
#1046=STYLED_ITEM('',(#1045),#1038);
#1047=ADVANCED_FACE('',(#2615),#2617,.T.);
#1048=COLOUR_RGB('',0.349019607843137,0.588235294117647,0.662745098039216);
#1049=FILL_AREA_STYLE_COLOUR('',#1048);
#1050=FILL_AREA_STYLE($,(#1049));
#1051=SURFACE_STYLE_FILL_AREA(#1050);
#1052=SURFACE_SIDE_STYLE('',(#1051));
#1053=SURFACE_STYLE_USAGE(.BOTH.,#1052);
#1054=PRESENTATION_STYLE_ASSIGNMENT((#1053));
#1055=STYLED_ITEM('',(#1054),#1047);
#1056=ADVANCED_FACE('',(#2622),#2624,.F.);
#1057=COLOUR_RGB('',0.349019607843137,0.588235294117647,0.662745098039216);
#1058=FILL_AREA_STYLE_COLOUR('',#1057);
#1059=FILL_AREA_STYLE($,(#1058));
#1060=SURFACE_STYLE_FILL_AREA(#1059);
#1061=SURFACE_SIDE_STYLE('',(#1060));
#1062=SURFACE_STYLE_USAGE(.BOTH.,#1061);
#1063=PRESENTATION_STYLE_ASSIGNMENT((#1062));
#1064=STYLED_ITEM('',(#1063),#1056);
#1065=ADVANCED_FACE('',(#2629),#2631,.T.);
#1066=COLOUR_RGB('',0.349019607843137,0.588235294117647,0.662745098039216);
#1067=FILL_AREA_STYLE_COLOUR('',#1066);
#1068=FILL_AREA_STYLE($,(#1067));
#1069=SURFACE_STYLE_FILL_AREA(#1068);
#1070=SURFACE_SIDE_STYLE('',(#1069));
#1071=SURFACE_STYLE_USAGE(.BOTH.,#1070);
#1072=PRESENTATION_STYLE_ASSIGNMENT((#1071));
#1073=STYLED_ITEM('',(#1072),#1065);
#1074=ADVANCED_FACE('',(#2636),#2638,.F.);
#1075=COLOUR_RGB('',0.349019607843137,0.588235294117647,0.662745098039216);
#1076=FILL_AREA_STYLE_COLOUR('',#1075);
#1077=FILL_AREA_STYLE($,(#1076));
#1078=SURFACE_STYLE_FILL_AREA(#1077);
#1079=SURFACE_SIDE_STYLE('',(#1078));
#1080=SURFACE_STYLE_USAGE(.BOTH.,#1079);
#1081=PRESENTATION_STYLE_ASSIGNMENT((#1080));
#1082=STYLED_ITEM('',(#1081),#1074);
#1083=ADVANCED_FACE('',(#2643),#2645,.F.);
#1084=COLOUR_RGB('',0.349019607843137,0.588235294117647,0.662745098039216);
#1085=FILL_AREA_STYLE_COLOUR('',#1084);
#1086=FILL_AREA_STYLE($,(#1085));
#1087=SURFACE_STYLE_FILL_AREA(#1086);
#1088=SURFACE_SIDE_STYLE('',(#1087));
#1089=SURFACE_STYLE_USAGE(.BOTH.,#1088);
#1090=PRESENTATION_STYLE_ASSIGNMENT((#1089));
#1091=STYLED_ITEM('',(#1090),#1083);
#1092=ADVANCED_FACE('',(#2650,#2652,#2654),#2656,.F.);
#1093=COLOUR_RGB('',0.349019607843137,0.588235294117647,0.662745098039216);
#1094=FILL_AREA_STYLE_COLOUR('',#1093);
#1095=FILL_AREA_STYLE($,(#1094));
#1096=SURFACE_STYLE_FILL_AREA(#1095);
#1097=SURFACE_SIDE_STYLE('',(#1096));
#1098=SURFACE_STYLE_USAGE(.BOTH.,#1097);
#1099=PRESENTATION_STYLE_ASSIGNMENT((#1098));
#1100=STYLED_ITEM('',(#1099),#1092);
#1101=ADVANCED_FACE('',(#2661),#2663,.F.);
#1102=COLOUR_RGB('',0.349019607843137,0.588235294117647,0.662745098039216);
#1103=FILL_AREA_STYLE_COLOUR('',#1102);
#1104=FILL_AREA_STYLE($,(#1103));
#1105=SURFACE_STYLE_FILL_AREA(#1104);
#1106=SURFACE_SIDE_STYLE('',(#1105));
#1107=SURFACE_STYLE_USAGE(.BOTH.,#1106);
#1108=PRESENTATION_STYLE_ASSIGNMENT((#1107));
#1109=STYLED_ITEM('',(#1108),#1101);
#1110=ADVANCED_FACE('',(#2668,#2670,#2672),#2674,.F.);
#1111=COLOUR_RGB('',0.349019607843137,0.588235294117647,0.662745098039216);
#1112=FILL_AREA_STYLE_COLOUR('',#1111);
#1113=FILL_AREA_STYLE($,(#1112));
#1114=SURFACE_STYLE_FILL_AREA(#1113);
#1115=SURFACE_SIDE_STYLE('',(#1114));
#1116=SURFACE_STYLE_USAGE(.BOTH.,#1115);
#1117=PRESENTATION_STYLE_ASSIGNMENT((#1116));
#1118=STYLED_ITEM('',(#1117),#1110);
#1119=ADVANCED_FACE('',(#2679,#2681,#2683),#2685,.F.);
#1120=COLOUR_RGB('',0.349019607843137,0.588235294117647,0.662745098039216);
#1121=FILL_AREA_STYLE_COLOUR('',#1120);
#1122=FILL_AREA_STYLE($,(#1121));
#1123=SURFACE_STYLE_FILL_AREA(#1122);
#1124=SURFACE_SIDE_STYLE('',(#1123));
#1125=SURFACE_STYLE_USAGE(.BOTH.,#1124);
#1126=PRESENTATION_STYLE_ASSIGNMENT((#1125));
#1127=STYLED_ITEM('',(#1126),#1119);
#1128=ADVANCED_FACE('',(#2690),#2692,.T.);
#1129=COLOUR_RGB('',0.349019607843137,0.588235294117647,0.662745098039216);
#1130=FILL_AREA_STYLE_COLOUR('',#1129);
#1131=FILL_AREA_STYLE($,(#1130));
#1132=SURFACE_STYLE_FILL_AREA(#1131);
#1133=SURFACE_SIDE_STYLE('',(#1132));
#1134=SURFACE_STYLE_USAGE(.BOTH.,#1133);
#1135=PRESENTATION_STYLE_ASSIGNMENT((#1134));
#1136=STYLED_ITEM('',(#1135),#1128);
#1137=ADVANCED_FACE('',(#2697),#2699,.T.);
#1138=COLOUR_RGB('',0.349019607843137,0.588235294117647,0.662745098039216);
#1139=FILL_AREA_STYLE_COLOUR('',#1138);
#1140=FILL_AREA_STYLE($,(#1139));
#1141=SURFACE_STYLE_FILL_AREA(#1140);
#1142=SURFACE_SIDE_STYLE('',(#1141));
#1143=SURFACE_STYLE_USAGE(.BOTH.,#1142);
#1144=PRESENTATION_STYLE_ASSIGNMENT((#1143));
#1145=STYLED_ITEM('',(#1144),#1137);
#1146=ADVANCED_FACE('',(#2704),#2706,.F.);
#1147=COLOUR_RGB('',0.349019607843137,0.588235294117647,0.662745098039216);
#1148=FILL_AREA_STYLE_COLOUR('',#1147);
#1149=FILL_AREA_STYLE($,(#1148));
#1150=SURFACE_STYLE_FILL_AREA(#1149);
#1151=SURFACE_SIDE_STYLE('',(#1150));
#1152=SURFACE_STYLE_USAGE(.BOTH.,#1151);
#1153=PRESENTATION_STYLE_ASSIGNMENT((#1152));
#1154=STYLED_ITEM('',(#1153),#1146);
#1155=ADVANCED_FACE('',(#2783),#2785,.T.);
#1156=COLOUR_RGB('',0.349019607843137,0.588235294117647,0.662745098039216);
#1157=FILL_AREA_STYLE_COLOUR('',#1156);
#1158=FILL_AREA_STYLE($,(#1157));
#1159=SURFACE_STYLE_FILL_AREA(#1158);
#1160=SURFACE_SIDE_STYLE('',(#1159));
#1161=SURFACE_STYLE_USAGE(.BOTH.,#1160);
#1162=PRESENTATION_STYLE_ASSIGNMENT((#1161));
#1163=STYLED_ITEM('',(#1162),#1155);
#1164=ADVANCED_FACE('',(#2790),#2792,.F.);
#1165=COLOUR_RGB('',0.349019607843137,0.588235294117647,0.662745098039216);
#1166=FILL_AREA_STYLE_COLOUR('',#1165);
#1167=FILL_AREA_STYLE($,(#1166));
#1168=SURFACE_STYLE_FILL_AREA(#1167);
#1169=SURFACE_SIDE_STYLE('',(#1168));
#1170=SURFACE_STYLE_USAGE(.BOTH.,#1169);
#1171=PRESENTATION_STYLE_ASSIGNMENT((#1170));
#1172=STYLED_ITEM('',(#1171),#1164);
#1173=ADVANCED_FACE('',(#2797),#2799,.T.);
#1174=COLOUR_RGB('',0.349019607843137,0.588235294117647,0.662745098039216);
#1175=FILL_AREA_STYLE_COLOUR('',#1174);
#1176=FILL_AREA_STYLE($,(#1175));
#1177=SURFACE_STYLE_FILL_AREA(#1176);
#1178=SURFACE_SIDE_STYLE('',(#1177));
#1179=SURFACE_STYLE_USAGE(.BOTH.,#1178);
#1180=PRESENTATION_STYLE_ASSIGNMENT((#1179));
#1181=STYLED_ITEM('',(#1180),#1173);
#1182=ADVANCED_FACE('',(#2804,#2806),#2808,.F.);
#1183=COLOUR_RGB('',0.349019607843137,0.588235294117647,0.662745098039216);
#1184=FILL_AREA_STYLE_COLOUR('',#1183);
#1185=FILL_AREA_STYLE($,(#1184));
#1186=SURFACE_STYLE_FILL_AREA(#1185);
#1187=SURFACE_SIDE_STYLE('',(#1186));
#1188=SURFACE_STYLE_USAGE(.BOTH.,#1187);
#1189=PRESENTATION_STYLE_ASSIGNMENT((#1188));
#1190=STYLED_ITEM('',(#1189),#1182);
#1191=ADVANCED_FACE('',(#2813,#2815),#2817,.F.);
#1192=COLOUR_RGB('',0.349019607843137,0.588235294117647,0.662745098039216);
#1193=FILL_AREA_STYLE_COLOUR('',#1192);
#1194=FILL_AREA_STYLE($,(#1193));
#1195=SURFACE_STYLE_FILL_AREA(#1194);
#1196=SURFACE_SIDE_STYLE('',(#1195));
#1197=SURFACE_STYLE_USAGE(.BOTH.,#1196);
#1198=PRESENTATION_STYLE_ASSIGNMENT((#1197));
#1199=STYLED_ITEM('',(#1198),#1191);
#1200=ADVANCED_FACE('',(#2822),#2824,.T.);
#1201=COLOUR_RGB('',0.349019607843137,0.588235294117647,0.662745098039216);
#1202=FILL_AREA_STYLE_COLOUR('',#1201);
#1203=FILL_AREA_STYLE($,(#1202));
#1204=SURFACE_STYLE_FILL_AREA(#1203);
#1205=SURFACE_SIDE_STYLE('',(#1204));
#1206=SURFACE_STYLE_USAGE(.BOTH.,#1205);
#1207=PRESENTATION_STYLE_ASSIGNMENT((#1206));
#1208=STYLED_ITEM('',(#1207),#1200);
#1209=ADVANCED_FACE('',(#2829),#2831,.T.);
#1210=COLOUR_RGB('',0.349019607843137,0.588235294117647,0.662745098039216);
#1211=FILL_AREA_STYLE_COLOUR('',#1210);
#1212=FILL_AREA_STYLE($,(#1211));
#1213=SURFACE_STYLE_FILL_AREA(#1212);
#1214=SURFACE_SIDE_STYLE('',(#1213));
#1215=SURFACE_STYLE_USAGE(.BOTH.,#1214);
#1216=PRESENTATION_STYLE_ASSIGNMENT((#1215));
#1217=STYLED_ITEM('',(#1216),#1209);
#1218=ADVANCED_FACE('',(#2836),#2838,.F.);
#1219=COLOUR_RGB('',0.349019607843137,0.588235294117647,0.662745098039216);
#1220=FILL_AREA_STYLE_COLOUR('',#1219);
#1221=FILL_AREA_STYLE($,(#1220));
#1222=SURFACE_STYLE_FILL_AREA(#1221);
#1223=SURFACE_SIDE_STYLE('',(#1222));
#1224=SURFACE_STYLE_USAGE(.BOTH.,#1223);
#1225=PRESENTATION_STYLE_ASSIGNMENT((#1224));
#1226=STYLED_ITEM('',(#1225),#1218);
#1227=ADVANCED_FACE('',(#2911),#2913,.F.);
#1228=COLOUR_RGB('',0.349019607843137,0.588235294117647,0.662745098039216);
#1229=FILL_AREA_STYLE_COLOUR('',#1228);
#1230=FILL_AREA_STYLE($,(#1229));
#1231=SURFACE_STYLE_FILL_AREA(#1230);
#1232=SURFACE_SIDE_STYLE('',(#1231));
#1233=SURFACE_STYLE_USAGE(.BOTH.,#1232);
#1234=PRESENTATION_STYLE_ASSIGNMENT((#1233));
#1235=STYLED_ITEM('',(#1234),#1227);
#1236=ADVANCED_FACE('',(#2986),#2988,.F.);
#1237=COLOUR_RGB('',0.349019607843137,0.588235294117647,0.662745098039216);
#1238=FILL_AREA_STYLE_COLOUR('',#1237);
#1239=FILL_AREA_STYLE($,(#1238));
#1240=SURFACE_STYLE_FILL_AREA(#1239);
#1241=SURFACE_SIDE_STYLE('',(#1240));
#1242=SURFACE_STYLE_USAGE(.BOTH.,#1241);
#1243=PRESENTATION_STYLE_ASSIGNMENT((#1242));
#1244=STYLED_ITEM('',(#1243),#1236);
#1245=ADVANCED_FACE('',(#3061),#3063,.T.);
#1246=COLOUR_RGB('',0.349019607843137,0.588235294117647,0.662745098039216);
#1247=FILL_AREA_STYLE_COLOUR('',#1246);
#1248=FILL_AREA_STYLE($,(#1247));
#1249=SURFACE_STYLE_FILL_AREA(#1248);
#1250=SURFACE_SIDE_STYLE('',(#1249));
#1251=SURFACE_STYLE_USAGE(.BOTH.,#1250);
#1252=PRESENTATION_STYLE_ASSIGNMENT((#1251));
#1253=STYLED_ITEM('',(#1252),#1245);
#1254=ADVANCED_FACE('',(#3068),#3070,.F.);
#1255=COLOUR_RGB('',0.349019607843137,0.588235294117647,0.662745098039216);
#1256=FILL_AREA_STYLE_COLOUR('',#1255);
#1257=FILL_AREA_STYLE($,(#1256));
#1258=SURFACE_STYLE_FILL_AREA(#1257);
#1259=SURFACE_SIDE_STYLE('',(#1258));
#1260=SURFACE_STYLE_USAGE(.BOTH.,#1259);
#1261=PRESENTATION_STYLE_ASSIGNMENT((#1260));
#1262=STYLED_ITEM('',(#1261),#1254);
#1263=ADVANCED_FACE('',(#3143),#3145,.F.);
#1264=COLOUR_RGB('',0.349019607843137,0.588235294117647,0.662745098039216);
#1265=FILL_AREA_STYLE_COLOUR('',#1264);
#1266=FILL_AREA_STYLE($,(#1265));
#1267=SURFACE_STYLE_FILL_AREA(#1266);
#1268=SURFACE_SIDE_STYLE('',(#1267));
#1269=SURFACE_STYLE_USAGE(.BOTH.,#1268);
#1270=PRESENTATION_STYLE_ASSIGNMENT((#1269));
#1271=STYLED_ITEM('',(#1270),#1263);
#1272=ADVANCED_FACE('',(#3218),#3220,.T.);
#1273=COLOUR_RGB('',0.349019607843137,0.588235294117647,0.662745098039216);
#1274=FILL_AREA_STYLE_COLOUR('',#1273);
#1275=FILL_AREA_STYLE($,(#1274));
#1276=SURFACE_STYLE_FILL_AREA(#1275);
#1277=SURFACE_SIDE_STYLE('',(#1276));
#1278=SURFACE_STYLE_USAGE(.BOTH.,#1277);
#1279=PRESENTATION_STYLE_ASSIGNMENT((#1278));
#1280=STYLED_ITEM('',(#1279),#1272);
#1281=ADVANCED_FACE('',(#3225),#3227,.T.);
#1282=COLOUR_RGB('',0.349019607843137,0.588235294117647,0.662745098039216);
#1283=FILL_AREA_STYLE_COLOUR('',#1282);
#1284=FILL_AREA_STYLE($,(#1283));
#1285=SURFACE_STYLE_FILL_AREA(#1284);
#1286=SURFACE_SIDE_STYLE('',(#1285));
#1287=SURFACE_STYLE_USAGE(.BOTH.,#1286);
#1288=PRESENTATION_STYLE_ASSIGNMENT((#1287));
#1289=STYLED_ITEM('',(#1288),#1281);
#1290=ADVANCED_FACE('',(#3232),#3234,.T.);
#1291=COLOUR_RGB('',0.349019607843137,0.588235294117647,0.662745098039216);
#1292=FILL_AREA_STYLE_COLOUR('',#1291);
#1293=FILL_AREA_STYLE($,(#1292));
#1294=SURFACE_STYLE_FILL_AREA(#1293);
#1295=SURFACE_SIDE_STYLE('',(#1294));
#1296=SURFACE_STYLE_USAGE(.BOTH.,#1295);
#1297=PRESENTATION_STYLE_ASSIGNMENT((#1296));
#1298=STYLED_ITEM('',(#1297),#1290);
#1299=ADVANCED_FACE('',(#3239),#3241,.T.);
#1300=COLOUR_RGB('',0.349019607843137,0.588235294117647,0.662745098039216);
#1301=FILL_AREA_STYLE_COLOUR('',#1300);
#1302=FILL_AREA_STYLE($,(#1301));
#1303=SURFACE_STYLE_FILL_AREA(#1302);
#1304=SURFACE_SIDE_STYLE('',(#1303));
#1305=SURFACE_STYLE_USAGE(.BOTH.,#1304);
#1306=PRESENTATION_STYLE_ASSIGNMENT((#1305));
#1307=STYLED_ITEM('',(#1306),#1299);
#1308=ADVANCED_FACE('',(#3246),#3248,.F.);
#1309=COLOUR_RGB('',0.349019607843137,0.588235294117647,0.662745098039216);
#1310=FILL_AREA_STYLE_COLOUR('',#1309);
#1311=FILL_AREA_STYLE($,(#1310));
#1312=SURFACE_STYLE_FILL_AREA(#1311);
#1313=SURFACE_SIDE_STYLE('',(#1312));
#1314=SURFACE_STYLE_USAGE(.BOTH.,#1313);
#1315=PRESENTATION_STYLE_ASSIGNMENT((#1314));
#1316=STYLED_ITEM('',(#1315),#1308);
#1317=ADVANCED_FACE('',(#3253),#3255,.F.);
#1318=COLOUR_RGB('',0.349019607843137,0.588235294117647,0.662745098039216);
#1319=FILL_AREA_STYLE_COLOUR('',#1318);
#1320=FILL_AREA_STYLE($,(#1319));
#1321=SURFACE_STYLE_FILL_AREA(#1320);
#1322=SURFACE_SIDE_STYLE('',(#1321));
#1323=SURFACE_STYLE_USAGE(.BOTH.,#1322);
#1324=PRESENTATION_STYLE_ASSIGNMENT((#1323));
#1325=STYLED_ITEM('',(#1324),#1317);
#1326=ADVANCED_FACE('',(#3260),#3262,.F.);
#1327=COLOUR_RGB('',0.349019607843137,0.588235294117647,0.662745098039216);
#1328=FILL_AREA_STYLE_COLOUR('',#1327);
#1329=FILL_AREA_STYLE($,(#1328));
#1330=SURFACE_STYLE_FILL_AREA(#1329);
#1331=SURFACE_SIDE_STYLE('',(#1330));
#1332=SURFACE_STYLE_USAGE(.BOTH.,#1331);
#1333=PRESENTATION_STYLE_ASSIGNMENT((#1332));
#1334=STYLED_ITEM('',(#1333),#1326);
#1335=ADVANCED_FACE('',(#3267),#3269,.F.);
#1336=COLOUR_RGB('',0.349019607843137,0.588235294117647,0.662745098039216);
#1337=FILL_AREA_STYLE_COLOUR('',#1336);
#1338=FILL_AREA_STYLE($,(#1337));
#1339=SURFACE_STYLE_FILL_AREA(#1338);
#1340=SURFACE_SIDE_STYLE('',(#1339));
#1341=SURFACE_STYLE_USAGE(.BOTH.,#1340);
#1342=PRESENTATION_STYLE_ASSIGNMENT((#1341));
#1343=STYLED_ITEM('',(#1342),#1335);
#1344=ADVANCED_FACE('',(#3274),#3276,.T.);
#1345=COLOUR_RGB('',0.349019607843137,0.588235294117647,0.662745098039216);
#1346=FILL_AREA_STYLE_COLOUR('',#1345);
#1347=FILL_AREA_STYLE($,(#1346));
#1348=SURFACE_STYLE_FILL_AREA(#1347);
#1349=SURFACE_SIDE_STYLE('',(#1348));
#1350=SURFACE_STYLE_USAGE(.BOTH.,#1349);
#1351=PRESENTATION_STYLE_ASSIGNMENT((#1350));
#1352=STYLED_ITEM('',(#1351),#1344);
#1353=ADVANCED_FACE('',(#3281),#3283,.T.);
#1354=COLOUR_RGB('',0.349019607843137,0.588235294117647,0.662745098039216);
#1355=FILL_AREA_STYLE_COLOUR('',#1354);
#1356=FILL_AREA_STYLE($,(#1355));
#1357=SURFACE_STYLE_FILL_AREA(#1356);
#1358=SURFACE_SIDE_STYLE('',(#1357));
#1359=SURFACE_STYLE_USAGE(.BOTH.,#1358);
#1360=PRESENTATION_STYLE_ASSIGNMENT((#1359));
#1361=STYLED_ITEM('',(#1360),#1353);
#1362=ADVANCED_FACE('',(#3288),#3290,.T.);
#1363=COLOUR_RGB('',0.349019607843137,0.588235294117647,0.662745098039216);
#1364=FILL_AREA_STYLE_COLOUR('',#1363);
#1365=FILL_AREA_STYLE($,(#1364));
#1366=SURFACE_STYLE_FILL_AREA(#1365);
#1367=SURFACE_SIDE_STYLE('',(#1366));
#1368=SURFACE_STYLE_USAGE(.BOTH.,#1367);
#1369=PRESENTATION_STYLE_ASSIGNMENT((#1368));
#1370=STYLED_ITEM('',(#1369),#1362);
#1371=ADVANCED_FACE('',(#3295),#3297,.T.);
#1372=COLOUR_RGB('',0.349019607843137,0.588235294117647,0.662745098039216);
#1373=FILL_AREA_STYLE_COLOUR('',#1372);
#1374=FILL_AREA_STYLE($,(#1373));
#1375=SURFACE_STYLE_FILL_AREA(#1374);
#1376=SURFACE_SIDE_STYLE('',(#1375));
#1377=SURFACE_STYLE_USAGE(.BOTH.,#1376);
#1378=PRESENTATION_STYLE_ASSIGNMENT((#1377));
#1379=STYLED_ITEM('',(#1378),#1371);
#1380=ADVANCED_FACE('',(#3302),#3304,.T.);
#1381=COLOUR_RGB('',0.349019607843137,0.588235294117647,0.662745098039216);
#1382=FILL_AREA_STYLE_COLOUR('',#1381);
#1383=FILL_AREA_STYLE($,(#1382));
#1384=SURFACE_STYLE_FILL_AREA(#1383);
#1385=SURFACE_SIDE_STYLE('',(#1384));
#1386=SURFACE_STYLE_USAGE(.BOTH.,#1385);
#1387=PRESENTATION_STYLE_ASSIGNMENT((#1386));
#1388=STYLED_ITEM('',(#1387),#1380);
#1389=ADVANCED_FACE('',(#3309),#3311,.T.);
#1390=COLOUR_RGB('',0.349019607843137,0.588235294117647,0.662745098039216);
#1391=FILL_AREA_STYLE_COLOUR('',#1390);
#1392=FILL_AREA_STYLE($,(#1391));
#1393=SURFACE_STYLE_FILL_AREA(#1392);
#1394=SURFACE_SIDE_STYLE('',(#1393));
#1395=SURFACE_STYLE_USAGE(.BOTH.,#1394);
#1396=PRESENTATION_STYLE_ASSIGNMENT((#1395));
#1397=STYLED_ITEM('',(#1396),#1389);
#1398=ADVANCED_FACE('',(#3316),#3318,.T.);
#1399=COLOUR_RGB('',0.349019607843137,0.588235294117647,0.662745098039216);
#1400=FILL_AREA_STYLE_COLOUR('',#1399);
#1401=FILL_AREA_STYLE($,(#1400));
#1402=SURFACE_STYLE_FILL_AREA(#1401);
#1403=SURFACE_SIDE_STYLE('',(#1402));
#1404=SURFACE_STYLE_USAGE(.BOTH.,#1403);
#1405=PRESENTATION_STYLE_ASSIGNMENT((#1404));
#1406=STYLED_ITEM('',(#1405),#1398);
#1407=ADVANCED_FACE('',(#3323,#3325),#3327,.T.);
#1408=COLOUR_RGB('',0.349019607843137,0.588235294117647,0.662745098039216);
#1409=FILL_AREA_STYLE_COLOUR('',#1408);
#1410=FILL_AREA_STYLE($,(#1409));
#1411=SURFACE_STYLE_FILL_AREA(#1410);
#1412=SURFACE_SIDE_STYLE('',(#1411));
#1413=SURFACE_STYLE_USAGE(.BOTH.,#1412);
#1414=PRESENTATION_STYLE_ASSIGNMENT((#1413));
#1415=STYLED_ITEM('',(#1414),#1407);
#1416=ADVANCED_FACE('',(#3332,#3334),#3336,.T.);
#1417=COLOUR_RGB('',0.349019607843137,0.588235294117647,0.662745098039216);
#1418=FILL_AREA_STYLE_COLOUR('',#1417);
#1419=FILL_AREA_STYLE($,(#1418));
#1420=SURFACE_STYLE_FILL_AREA(#1419);
#1421=SURFACE_SIDE_STYLE('',(#1420));
#1422=SURFACE_STYLE_USAGE(.BOTH.,#1421);
#1423=PRESENTATION_STYLE_ASSIGNMENT((#1422));
#1424=STYLED_ITEM('',(#1423),#1416);
#1425=ADVANCED_FACE('',(#3341),#3343,.T.);
#1426=COLOUR_RGB('',0.349019607843137,0.588235294117647,0.662745098039216);
#1427=FILL_AREA_STYLE_COLOUR('',#1426);
#1428=FILL_AREA_STYLE($,(#1427));
#1429=SURFACE_STYLE_FILL_AREA(#1428);
#1430=SURFACE_SIDE_STYLE('',(#1429));
#1431=SURFACE_STYLE_USAGE(.BOTH.,#1430);
#1432=PRESENTATION_STYLE_ASSIGNMENT((#1431));
#1433=STYLED_ITEM('',(#1432),#1425);
#1434=ADVANCED_FACE('',(#3348),#3350,.F.);
#1435=COLOUR_RGB('',0.349019607843137,0.588235294117647,0.662745098039216);
#1436=FILL_AREA_STYLE_COLOUR('',#1435);
#1437=FILL_AREA_STYLE($,(#1436));
#1438=SURFACE_STYLE_FILL_AREA(#1437);
#1439=SURFACE_SIDE_STYLE('',(#1438));
#1440=SURFACE_STYLE_USAGE(.BOTH.,#1439);
#1441=PRESENTATION_STYLE_ASSIGNMENT((#1440));
#1442=STYLED_ITEM('',(#1441),#1434);
#1443=ADVANCED_FACE('',(#3355),#3357,.F.);
#1444=COLOUR_RGB('',0.349019607843137,0.588235294117647,0.662745098039216);
#1445=FILL_AREA_STYLE_COLOUR('',#1444);
#1446=FILL_AREA_STYLE($,(#1445));
#1447=SURFACE_STYLE_FILL_AREA(#1446);
#1448=SURFACE_SIDE_STYLE('',(#1447));
#1449=SURFACE_STYLE_USAGE(.BOTH.,#1448);
#1450=PRESENTATION_STYLE_ASSIGNMENT((#1449));
#1451=STYLED_ITEM('',(#1450),#1443);
#1452=ADVANCED_FACE('',(#3362),#3364,.F.);
#1453=COLOUR_RGB('',0.349019607843137,0.588235294117647,0.662745098039216);
#1454=FILL_AREA_STYLE_COLOUR('',#1453);
#1455=FILL_AREA_STYLE($,(#1454));
#1456=SURFACE_STYLE_FILL_AREA(#1455);
#1457=SURFACE_SIDE_STYLE('',(#1456));
#1458=SURFACE_STYLE_USAGE(.BOTH.,#1457);
#1459=PRESENTATION_STYLE_ASSIGNMENT((#1458));
#1460=STYLED_ITEM('',(#1459),#1452);
#1461=ADVANCED_FACE('',(#3369),#3371,.F.);
#1462=COLOUR_RGB('',0.349019607843137,0.588235294117647,0.662745098039216);
#1463=FILL_AREA_STYLE_COLOUR('',#1462);
#1464=FILL_AREA_STYLE($,(#1463));
#1465=SURFACE_STYLE_FILL_AREA(#1464);
#1466=SURFACE_SIDE_STYLE('',(#1465));
#1467=SURFACE_STYLE_USAGE(.BOTH.,#1466);
#1468=PRESENTATION_STYLE_ASSIGNMENT((#1467));
#1469=STYLED_ITEM('',(#1468),#1461);
#1470=ADVANCED_FACE('',(#3376),#3378,.F.);
#1471=COLOUR_RGB('',0.349019607843137,0.588235294117647,0.662745098039216);
#1472=FILL_AREA_STYLE_COLOUR('',#1471);
#1473=FILL_AREA_STYLE($,(#1472));
#1474=SURFACE_STYLE_FILL_AREA(#1473);
#1475=SURFACE_SIDE_STYLE('',(#1474));
#1476=SURFACE_STYLE_USAGE(.BOTH.,#1475);
#1477=PRESENTATION_STYLE_ASSIGNMENT((#1476));
#1478=STYLED_ITEM('',(#1477),#1470);
#1479=ADVANCED_FACE('',(#3383),#3385,.F.);
#1480=COLOUR_RGB('',0.349019607843137,0.588235294117647,0.662745098039216);
#1481=FILL_AREA_STYLE_COLOUR('',#1480);
#1482=FILL_AREA_STYLE($,(#1481));
#1483=SURFACE_STYLE_FILL_AREA(#1482);
#1484=SURFACE_SIDE_STYLE('',(#1483));
#1485=SURFACE_STYLE_USAGE(.BOTH.,#1484);
#1486=PRESENTATION_STYLE_ASSIGNMENT((#1485));
#1487=STYLED_ITEM('',(#1486),#1479);
#1488=ADVANCED_FACE('',(#3390),#3392,.F.);
#1489=COLOUR_RGB('',0.349019607843137,0.588235294117647,0.662745098039216);
#1490=FILL_AREA_STYLE_COLOUR('',#1489);
#1491=FILL_AREA_STYLE($,(#1490));
#1492=SURFACE_STYLE_FILL_AREA(#1491);
#1493=SURFACE_SIDE_STYLE('',(#1492));
#1494=SURFACE_STYLE_USAGE(.BOTH.,#1493);
#1495=PRESENTATION_STYLE_ASSIGNMENT((#1494));
#1496=STYLED_ITEM('',(#1495),#1488);
#1497=ADVANCED_FACE('',(#3397,#3399),#3401,.F.);
#1498=COLOUR_RGB('',0.349019607843137,0.588235294117647,0.662745098039216);
#1499=FILL_AREA_STYLE_COLOUR('',#1498);
#1500=FILL_AREA_STYLE($,(#1499));
#1501=SURFACE_STYLE_FILL_AREA(#1500);
#1502=SURFACE_SIDE_STYLE('',(#1501));
#1503=SURFACE_STYLE_USAGE(.BOTH.,#1502);
#1504=PRESENTATION_STYLE_ASSIGNMENT((#1503));
#1505=STYLED_ITEM('',(#1504),#1497);
#1506=ADVANCED_FACE('',(#3406,#3408),#3410,.F.);
#1507=COLOUR_RGB('',0.349019607843137,0.588235294117647,0.662745098039216);
#1508=FILL_AREA_STYLE_COLOUR('',#1507);
#1509=FILL_AREA_STYLE($,(#1508));
#1510=SURFACE_STYLE_FILL_AREA(#1509);
#1511=SURFACE_SIDE_STYLE('',(#1510));
#1512=SURFACE_STYLE_USAGE(.BOTH.,#1511);
#1513=PRESENTATION_STYLE_ASSIGNMENT((#1512));
#1514=STYLED_ITEM('',(#1513),#1506);
#1515=ADVANCED_FACE('',(#3415,#3417,#3419,#3421,#3423),#3425,.T.);
#1516=COLOUR_RGB('',0.349019607843137,0.588235294117647,0.662745098039216);
#1517=FILL_AREA_STYLE_COLOUR('',#1516);
#1518=FILL_AREA_STYLE($,(#1517));
#1519=SURFACE_STYLE_FILL_AREA(#1518);
#1520=SURFACE_SIDE_STYLE('',(#1519));
#1521=SURFACE_STYLE_USAGE(.BOTH.,#1520);
#1522=PRESENTATION_STYLE_ASSIGNMENT((#1521));
#1523=STYLED_ITEM('',(#1522),#1515);
#1524=ADVANCED_FACE('',(#3430,#3432),#3434,.T.);
#1525=COLOUR_RGB('',0.349019607843137,0.588235294117647,0.662745098039216);
#1526=FILL_AREA_STYLE_COLOUR('',#1525);
#1527=FILL_AREA_STYLE($,(#1526));
#1528=SURFACE_STYLE_FILL_AREA(#1527);
#1529=SURFACE_SIDE_STYLE('',(#1528));
#1530=SURFACE_STYLE_USAGE(.BOTH.,#1529);
#1531=PRESENTATION_STYLE_ASSIGNMENT((#1530));
#1532=STYLED_ITEM('',(#1531),#1524);
#1533=ADVANCED_FACE('',(#3439,#3441),#3443,.T.);
#1534=COLOUR_RGB('',0.349019607843137,0.588235294117647,0.662745098039216);
#1535=FILL_AREA_STYLE_COLOUR('',#1534);
#1536=FILL_AREA_STYLE($,(#1535));
#1537=SURFACE_STYLE_FILL_AREA(#1536);
#1538=SURFACE_SIDE_STYLE('',(#1537));
#1539=SURFACE_STYLE_USAGE(.BOTH.,#1538);
#1540=PRESENTATION_STYLE_ASSIGNMENT((#1539));
#1541=STYLED_ITEM('',(#1540),#1533);
#1542=ADVANCED_FACE('',(#3448,#3450),#3452,.F.);
#1543=COLOUR_RGB('',0.349019607843137,0.588235294117647,0.662745098039216);
#1544=FILL_AREA_STYLE_COLOUR('',#1543);
#1545=FILL_AREA_STYLE($,(#1544));
#1546=SURFACE_STYLE_FILL_AREA(#1545);
#1547=SURFACE_SIDE_STYLE('',(#1546));
#1548=SURFACE_STYLE_USAGE(.BOTH.,#1547);
#1549=PRESENTATION_STYLE_ASSIGNMENT((#1548));
#1550=STYLED_ITEM('',(#1549),#1542);
#1551=ADVANCED_FACE('',(#3457,#3459),#3461,.F.);
#1552=COLOUR_RGB('',0.349019607843137,0.588235294117647,0.662745098039216);
#1553=FILL_AREA_STYLE_COLOUR('',#1552);
#1554=FILL_AREA_STYLE($,(#1553));
#1555=SURFACE_STYLE_FILL_AREA(#1554);
#1556=SURFACE_SIDE_STYLE('',(#1555));
#1557=SURFACE_STYLE_USAGE(.BOTH.,#1556);
#1558=PRESENTATION_STYLE_ASSIGNMENT((#1557));
#1559=STYLED_ITEM('',(#1558),#1551);
#1560=ADVANCED_FACE('',(#3466,#3468),#3470,.F.);
#1561=COLOUR_RGB('',0.349019607843137,0.588235294117647,0.662745098039216);
#1562=FILL_AREA_STYLE_COLOUR('',#1561);
#1563=FILL_AREA_STYLE($,(#1562));
#1564=SURFACE_STYLE_FILL_AREA(#1563);
#1565=SURFACE_SIDE_STYLE('',(#1564));
#1566=SURFACE_STYLE_USAGE(.BOTH.,#1565);
#1567=PRESENTATION_STYLE_ASSIGNMENT((#1566));
#1568=STYLED_ITEM('',(#1567),#1560);
#1569=ADVANCED_FACE('',(#3475,#3477),#3479,.F.);
#1570=COLOUR_RGB('',0.349019607843137,0.588235294117647,0.662745098039216);
#1571=FILL_AREA_STYLE_COLOUR('',#1570);
#1572=FILL_AREA_STYLE($,(#1571));
#1573=SURFACE_STYLE_FILL_AREA(#1572);
#1574=SURFACE_SIDE_STYLE('',(#1573));
#1575=SURFACE_STYLE_USAGE(.BOTH.,#1574);
#1576=PRESENTATION_STYLE_ASSIGNMENT((#1575));
#1577=STYLED_ITEM('',(#1576),#1569);
#1578=ADVANCED_FACE('',(#3484),#3486,.T.);
#1579=COLOUR_RGB('',0.349019607843137,0.588235294117647,0.662745098039216);
#1580=FILL_AREA_STYLE_COLOUR('',#1579);
#1581=FILL_AREA_STYLE($,(#1580));
#1582=SURFACE_STYLE_FILL_AREA(#1581);
#1583=SURFACE_SIDE_STYLE('',(#1582));
#1584=SURFACE_STYLE_USAGE(.BOTH.,#1583);
#1585=PRESENTATION_STYLE_ASSIGNMENT((#1584));
#1586=STYLED_ITEM('',(#1585),#1578);
#1587=ADVANCED_FACE('',(#3491),#3493,.T.);
#1588=COLOUR_RGB('',0.349019607843137,0.588235294117647,0.662745098039216);
#1589=FILL_AREA_STYLE_COLOUR('',#1588);
#1590=FILL_AREA_STYLE($,(#1589));
#1591=SURFACE_STYLE_FILL_AREA(#1590);
#1592=SURFACE_SIDE_STYLE('',(#1591));
#1593=SURFACE_STYLE_USAGE(.BOTH.,#1592);
#1594=PRESENTATION_STYLE_ASSIGNMENT((#1593));
#1595=STYLED_ITEM('',(#1594),#1587);
#1596=FACE_OUTER_BOUND('',#1597,.T.);
#1597=EDGE_LOOP('',(#3498));
#1598=FACE_OUTER_BOUND('',#1599,.T.);
#1599=EDGE_LOOP('',(#3499));
#1600=CYLINDRICAL_SURFACE('',#1601,2.5);
#1601=AXIS2_PLACEMENT_3D('',#1602,#1603,#1604);
#1602=CARTESIAN_POINT('',(-227.709638711274,24.5204166702127,-33.2559006404411));
#1603=DIRECTION('',(-1.28635124736305E-16,-1.,-7.12642219874122E-17));
#1604=DIRECTION('',(1.,-1.28635124736305E-16,-9.16708208458652E-33));
#1605=FACE_OUTER_BOUND('',#1606,.T.);
#1606=EDGE_LOOP('',(#3500));
#1607=FACE_OUTER_BOUND('',#1608,.T.);
#1608=EDGE_LOOP('',(#3501));
#1609=CYLINDRICAL_SURFACE('',#1610,2.5);
#1610=AXIS2_PLACEMENT_3D('',#1611,#1612,#1613);
#1611=CARTESIAN_POINT('',(-210.209638711274,24.5204166702127,-33.2559006404411));
#1612=DIRECTION('',(-1.28635124736305E-16,-1.,-7.12642219874122E-17));
#1613=DIRECTION('',(1.,-1.28635124736305E-16,-9.16708208458652E-33));
#1614=FACE_OUTER_BOUND('',#1615,.T.);
#1615=EDGE_LOOP('',(#3502));
#1616=FACE_OUTER_BOUND('',#1617,.T.);
#1617=EDGE_LOOP('',(#3503));
#1618=CYLINDRICAL_SURFACE('',#1619,2.5);
#1619=AXIS2_PLACEMENT_3D('',#1620,#1621,#1622);
#1620=CARTESIAN_POINT('',(-192.709638711274,24.5204166702127,-33.2559006404411));
#1621=DIRECTION('',(-1.28635124736305E-16,-1.,-7.12642219874122E-17));
#1622=DIRECTION('',(1.,-1.28635124736305E-16,-9.16708208458652E-33));
#1623=FACE_BOUND('',#1624,.T.);
#1624=EDGE_LOOP('',(#3504,#3505,#3506,#3507));
#1625=FACE_BOUND('',#1626,.T.);
#1626=EDGE_LOOP('',(#3508));
#1627=FACE_BOUND('',#1628,.T.);
#1628=EDGE_LOOP('',(#3509));
#1629=FACE_BOUND('',#1630,.T.);
#1630=EDGE_LOOP('',(#3510));
#1631=PLANE('',#1632);
#1632=AXIS2_PLACEMENT_3D('',#1633,#1634,#1635);
#1633=CARTESIAN_POINT('',(-1.16352044812921E-14,7.,5.46512475340525E-16));
#1634=DIRECTION('',(1.28635124736305E-16,1.,7.12642219874121E-17));
#1635=DIRECTION('',(-1.,1.28635124736305E-16,-1.22464679914735E-16));
#1636=FACE_BOUND('',#1637,.T.);
#1637=EDGE_LOOP('',(#3511));
#1638=FACE_BOUND('',#1639,.T.);
#1639=EDGE_LOOP('',(#3512));
#1640=PLANE('',#1641);
#1641=AXIS2_PLACEMENT_3D('',#1642,#1643,#1644);
#1642=CARTESIAN_POINT('',(2.5727024947261E-16,2.,1.42528443974824E-16));
#1643=DIRECTION('',(1.28635124736305E-16,1.,7.12642219874121E-17));
#1644=DIRECTION('',(-1.,1.28635124736305E-16,-1.22464679914735E-16));
#1645=FACE_OUTER_BOUND('',#1646,.T.);
#1646=EDGE_LOOP('',(#3513));
#1647=FACE_OUTER_BOUND('',#1648,.T.);
#1648=EDGE_LOOP('',(#3514));
#1649=CYLINDRICAL_SURFACE('',#1650,3.5);
#1650=AXIS2_PLACEMENT_3D('',#1651,#1652,#1653);
#1651=CARTESIAN_POINT('',(-227.709638711274,2.00000000000003,-33.2559006404411));
#1652=DIRECTION('',(1.28635124736305E-16,1.,7.12642219874121E-17));
#1653=DIRECTION('',(-1.,1.28635124736305E-16,-1.22464679914735E-16));
#1654=FACE_BOUND('',#1655,.T.);
#1655=EDGE_LOOP('',(#3515));
#1656=FACE_BOUND('',#1657,.T.);
#1657=EDGE_LOOP('',(#3516));
#1658=PLANE('',#1659);
#1659=AXIS2_PLACEMENT_3D('',#1660,#1661,#1662);
#1660=CARTESIAN_POINT('',(2.5727024947261E-16,2.,1.42528443974824E-16));
#1661=DIRECTION('',(1.28635124736305E-16,1.,7.12642219874121E-17));
#1662=DIRECTION('',(-1.,1.28635124736305E-16,-1.22464679914735E-16));
#1663=FACE_OUTER_BOUND('',#1664,.T.);
#1664=EDGE_LOOP('',(#3517));
#1665=FACE_OUTER_BOUND('',#1666,.T.);
#1666=EDGE_LOOP('',(#3518));
#1667=CYLINDRICAL_SURFACE('',#1668,3.5);
#1668=AXIS2_PLACEMENT_3D('',#1669,#1670,#1671);
#1669=CARTESIAN_POINT('',(-210.209638711274,2.00000000000003,-33.2559006404411));
#1670=DIRECTION('',(1.28635124736305E-16,1.,7.12642219874121E-17));
#1671=DIRECTION('',(-1.,1.28635124736305E-16,-1.22464679914735E-16));
#1672=FACE_BOUND('',#1673,.T.);
#1673=EDGE_LOOP('',(#3519));
#1674=FACE_BOUND('',#1675,.T.);
#1675=EDGE_LOOP('',(#3520));
#1676=PLANE('',#1677);
#1677=AXIS2_PLACEMENT_3D('',#1678,#1679,#1680);
#1678=CARTESIAN_POINT('',(2.5727024947261E-16,2.,1.42528443974824E-16));
#1679=DIRECTION('',(1.28635124736305E-16,1.,7.12642219874121E-17));
#1680=DIRECTION('',(-1.,1.28635124736305E-16,-1.22464679914735E-16));
#1681=FACE_OUTER_BOUND('',#1682,.T.);
#1682=EDGE_LOOP('',(#3521));
#1683=FACE_OUTER_BOUND('',#1684,.T.);
#1684=EDGE_LOOP('',(#3522));
#1685=CYLINDRICAL_SURFACE('',#1686,3.5);
#1686=AXIS2_PLACEMENT_3D('',#1687,#1688,#1689);
#1687=CARTESIAN_POINT('',(-192.709638711274,2.00000000000002,-33.2559006404411));
#1688=DIRECTION('',(1.28635124736305E-16,1.,7.12642219874121E-17));
#1689=DIRECTION('',(-1.,1.28635124736305E-16,-1.22464679914735E-16));
#1690=FACE_BOUND('',#1691,.T.);
#1691=EDGE_LOOP('',(#3523));
#1692=FACE_BOUND('',#1693,.T.);
#1693=EDGE_LOOP('',(#3524));
#1694=PLANE('',#1695);
#1695=AXIS2_PLACEMENT_3D('',#1696,#1697,#1698);
#1696=CARTESIAN_POINT('',(-1.28635124736305E-16,-1.,-7.12642219874123E-17));
#1697=DIRECTION('',(-1.28635124736305E-16,-1.,-7.12642219874122E-17));
#1698=DIRECTION('',(1.,-1.28635124736305E-16,-9.16708208458652E-33));
#1699=FACE_BOUND('',#1700,.T.);
#1700=EDGE_LOOP('',(#3525));
#1701=FACE_BOUND('',#1702,.T.);
#1702=EDGE_LOOP('',(#3526));
#1703=PLANE('',#1704);
#1704=AXIS2_PLACEMENT_3D('',#1705,#1706,#1707);
#1705=CARTESIAN_POINT('',(-1.28635124736305E-16,-1.,-7.12642219874123E-17));
#1706=DIRECTION('',(-1.28635124736305E-16,-1.,-7.12642219874122E-17));
#1707=DIRECTION('',(1.,-1.28635124736305E-16,-9.16708208458652E-33));
#1708=FACE_BOUND('',#1709,.T.);
#1709=EDGE_LOOP('',(#3527));
#1710=FACE_BOUND('',#1711,.T.);
#1711=EDGE_LOOP('',(#3528));
#1712=PLANE('',#1713);
#1713=AXIS2_PLACEMENT_3D('',#1714,#1715,#1716);
#1714=CARTESIAN_POINT('',(-1.28635124736305E-16,-1.,-7.12642219874123E-17));
#1715=DIRECTION('',(-1.28635124736305E-16,-1.,-7.12642219874122E-17));
#1716=DIRECTION('',(1.,-1.28635124736305E-16,-9.16708208458652E-33));
#1717=FACE_BOUND('',#1718,.T.);
#1718=EDGE_LOOP('',(#3529,#3530,#3531,#3532));
#1719=PLANE('',#1720);
#1720=AXIS2_PLACEMENT_3D('',#1721,#1722,#1723);
#1721=CARTESIAN_POINT('',(-240.209638711274,7.00000000000003,-28.1559006404411));
#1722=DIRECTION('',(-1.1842378929335E-16,0.,1.));
#1723=DIRECTION('',(1.,-1.33226762955019E-16,1.1842378929335E-16));
#1724=FACE_BOUND('',#1725,.T.);
#1725=EDGE_LOOP('',(#3533,#3534,#3535,#3536));
#1726=CYLINDRICAL_SURFACE('',#1727,5.1);
#1727=AXIS2_PLACEMENT_3D('',#1728,#1729,#1730);
#1728=CARTESIAN_POINT('',(-180.209638711274,7.00000000000002,-33.2559006404411));
#1729=DIRECTION('',(1.28635124736305E-16,1.,7.12642219874121E-17));
#1730=DIRECTION('',(-1.22464679914735E-16,-7.12642219874121E-17,1.));
#1731=FACE_BOUND('',#1732,.T.);
#1732=EDGE_LOOP('',(#3537,#3538,#3539,#3540));
#1733=PLANE('',#1734);
#1734=AXIS2_PLACEMENT_3D('',#1735,#1736,#1737);
#1735=CARTESIAN_POINT('',(-180.209638711274,7.00000000000002,-38.3559006404411));
#1736=DIRECTION('',(1.1842378929335E-16,0.,-1.));
#1737=DIRECTION('',(-1.,1.33226762955019E-16,-1.1842378929335E-16));
#1738=FACE_BOUND('',#1739,.T.);
#1739=EDGE_LOOP('',(#3541,#3542,#3543,#3544));
#1740=CYLINDRICAL_SURFACE('',#1741,5.1);
#1741=AXIS2_PLACEMENT_3D('',#1742,#1743,#1744);
#1742=CARTESIAN_POINT('',(-240.209638711274,7.00000000000003,-33.2559006404411));
#1743=DIRECTION('',(1.28635124736305E-16,1.,7.12642219874121E-17));
#1744=DIRECTION('',(1.22464679914735E-16,7.12642219874121E-17,-1.));
#1745=FACE_OUTER_BOUND('',#1746,.T.);
#1746=EDGE_LOOP('',(#3545));
#1747=FACE_OUTER_BOUND('',#1748,.T.);
#1748=EDGE_LOOP('',(#3546));
#1749=CYLINDRICAL_SURFACE('',#1750,3.5);
#1750=AXIS2_PLACEMENT_3D('',#1751,#1752,#1753);
#1751=CARTESIAN_POINT('',(-227.709638711274,-0.99999999999997,-33.2559006404411));
#1752=DIRECTION('',(-1.28635124736305E-16,-1.,-7.12642219874122E-17));
#1753=DIRECTION('',(1.,-1.28635124736305E-16,-9.16708208458652E-33));
#1754=FACE_OUTER_BOUND('',#1755,.T.);
#1755=EDGE_LOOP('',(#3547));
#1756=FACE_OUTER_BOUND('',#1757,.T.);
#1757=EDGE_LOOP('',(#3548));
#1758=CYLINDRICAL_SURFACE('',#1759,3.5);
#1759=AXIS2_PLACEMENT_3D('',#1760,#1761,#1762);
#1760=CARTESIAN_POINT('',(-210.209638711274,-0.999999999999972,-33.2559006404411));
#1761=DIRECTION('',(-1.28635124736305E-16,-1.,-7.12642219874122E-17));
#1762=DIRECTION('',(1.,-1.28635124736305E-16,-9.16708208458652E-33));
#1763=FACE_OUTER_BOUND('',#1764,.T.);
#1764=EDGE_LOOP('',(#3549));
#1765=FACE_OUTER_BOUND('',#1766,.T.);
#1766=EDGE_LOOP('',(#3550));
#1767=CYLINDRICAL_SURFACE('',#1768,3.5);
#1768=AXIS2_PLACEMENT_3D('',#1769,#1770,#1771);
#1769=CARTESIAN_POINT('',(-192.709638711274,-0.999999999999975,-33.2559006404411));
#1770=DIRECTION('',(-1.28635124736305E-16,-1.,-7.12642219874122E-17));
#1771=DIRECTION('',(1.,-1.28635124736305E-16,-9.16708208458652E-33));
#1772=FACE_BOUND('',#1773,.T.);
#1773=EDGE_LOOP('',(#3551,#3552,#3553,#3554));
#1774=PLANE('',#1775);
#1775=AXIS2_PLACEMENT_3D('',#1776,#1777,#1778);
#1776=CARTESIAN_POINT('',(-178.209638711274,15.,-27.6559006404411));
#1777=DIRECTION('',(-9.81307786677354E-17,-0.707106781186544,0.707106781186551));
#1778=DIRECTION('',(-1.,1.38777878078145E-16,8.71576399210529E-33));
#1779=FACE_BOUND('',#1780,.T.);
#1780=EDGE_LOOP('',(#3555,#3556,#3557,#3558));
#1781=CONICAL_SURFACE('',#1782,5.35000000000001,0.785398163397459);
#1782=AXIS2_PLACEMENT_3D('',#1783,#1784,#1785);
#1783=CARTESIAN_POINT('',(-180.209638711274,14.75,-33.2559006404411));
#1784=DIRECTION('',(1.28635124736305E-16,1.,7.12642219874121E-17));
#1785=DIRECTION('',(-0.177623900230977,-4.72823375018657E-17,0.98409844531263));
#1786=FACE_BOUND('',#1787,.T.);
#1787=EDGE_LOOP('',(#3559,#3560,#3561,#3562));
#1788=PLANE('',#1789);
#1789=AXIS2_PLACEMENT_3D('',#1790,#1791,#1792);
#1790=CARTESIAN_POINT('',(-242.209638711274,15.,-38.8559006404411));
#1791=DIRECTION('',(1.37383090134828E-16,-0.707106781186553,-0.707106781186542));
#1792=DIRECTION('',(1.,-1.38777878078145E-16,3.33066907387547E-16));
#1793=FACE_BOUND('',#1794,.T.);
#1794=EDGE_LOOP('',(#3563,#3564,#3565,#3566));
#1795=CONICAL_SURFACE('',#1796,5.35,0.785398163397452);
#1796=AXIS2_PLACEMENT_3D('',#1797,#1798,#1799);
#1797=CARTESIAN_POINT('',(-240.209638711274,14.75,-33.2559006404411));
#1798=DIRECTION('',(1.28635124736305E-16,1.,7.12642219874121E-17));
#1799=DIRECTION('',(0.177623900230977,4.72823375018657E-17,-0.98409844531263));
#1800=FACE_BOUND('',#1801,.T.);
#1801=EDGE_LOOP('',(#3567,#3568,#3569,#3570));
#1802=FACE_BOUND('',#1803,.T.);
#1803=EDGE_LOOP('',(#3571));
#1804=PLANE('',#1805);
#1805=AXIS2_PLACEMENT_3D('',#1806,#1807,#1808);
#1806=CARTESIAN_POINT('',(-9.36763157883851E-15,-6.,-4.22914135389203E-16));
#1807=DIRECTION('',(-1.28635124736305E-16,-1.,-7.12642219874122E-17));
#1808=DIRECTION('',(1.,-1.28635124736305E-16,-9.16708208458652E-33));
#1809=FACE_BOUND('',#1810,.T.);
#1810=EDGE_LOOP('',(#3572,#3573,#3574,#3575));
#1811=FACE_BOUND('',#1812,.T.);
#1812=EDGE_LOOP('',(#3576));
#1813=PLANE('',#1814);
#1814=AXIS2_PLACEMENT_3D('',#1815,#1816,#1817);
#1815=CARTESIAN_POINT('',(-9.36763157883851E-15,-6.,-4.22914135389203E-16));
#1816=DIRECTION('',(-1.28635124736305E-16,-1.,-7.12642219874122E-17));
#1817=DIRECTION('',(1.,-1.28635124736305E-16,-9.16708208458652E-33));
#1818=FACE_BOUND('',#1819,.T.);
#1819=EDGE_LOOP('',(#3577,#3578,#3579,#3580));
#1820=FACE_BOUND('',#1821,.T.);
#1821=EDGE_LOOP('',(#3581));
#1822=PLANE('',#1823);
#1823=AXIS2_PLACEMENT_3D('',#1824,#1825,#1826);
#1824=CARTESIAN_POINT('',(-9.36763157883851E-15,-6.,-4.22914135389203E-16));
#1825=DIRECTION('',(-1.28635124736305E-16,-1.,-7.12642219874122E-17));
#1826=DIRECTION('',(1.,-1.28635124736305E-16,-9.16708208458652E-33));
#1827=FACE_BOUND('',#1828,.T.);
#1828=EDGE_LOOP('',(#3582,#3583,#3584,#3585,#3586,#3587,#3588,#3589,#3590,#3591,
#3592,#3593,#3594,#3595,#3596));
#1829=FACE_BOUND('',#1830,.T.);
#1830=EDGE_LOOP('',(#3597,#3598,#3599,#3600));
#1831=FACE_BOUND('',#1832,.T.);
#1832=EDGE_LOOP('',(#3601,#3602,#3603,#3604));
#1833=PLANE('',#1834);
#1834=AXIS2_PLACEMENT_3D('',#1835,#1836,#1837);
#1835=CARTESIAN_POINT('',(-258.226196778913,15.,-100.705394368255));
#1836=DIRECTION('',(-1.28635124736305E-16,-1.,-7.12642219874121E-17));
#1837=DIRECTION('',(1.,-1.28635124736307E-16,2.52124844483162E-14));
#1838=FACE_BOUND('',#1839,.T.);
#1839=EDGE_LOOP('',(#3605,#3606,#3607,#3608,#3609,#3610));
#1840=FACE_BOUND('',#1841,.T.);
#1841=EDGE_LOOP('',(#3611,#3612,#3613,#3614,#3615));
#1842=FACE_OUTER_BOUND('',#1843,.T.);
#1843=EDGE_LOOP('',(#3616));
#1844=CYLINDRICAL_SURFACE('',#1845,5.05);
#1845=AXIS2_PLACEMENT_3D('',#1846,#1847,#1848);
#1846=CARTESIAN_POINT('',(-236.459638711272,-5.99999999999994,-100.705394368254));
#1847=DIRECTION('',(-2.52598139422002E-14,-7.25043607918469E-17,1.));
#1848=DIRECTION('',(-1.,1.22464679914737E-16,-2.52598139422002E-14));
#1849=FACE_BOUND('',#1850,.T.);
#1850=EDGE_LOOP('',(#3617,#3618,#3619,#3620,#3621,#3622,#3623,#3624,#3625,#3626));
#1851=PLANE('',#1852);
#1852=AXIS2_PLACEMENT_3D('',#1853,#1854,#1855);
#1853=CARTESIAN_POINT('',(-240.209638711274,-5.99999999999997,-38.3559006404409));
#1854=DIRECTION('',(0.,0.,-1.));
#1855=DIRECTION('',(1.,-1.33226762955019E-16,0.));
#1856=FACE_BOUND('',#1857,.T.);
#1857=EDGE_LOOP('',(#3627,#3628,#3629,#3630));
#1858=FACE_OUTER_BOUND('',#1859,.T.);
#1859=EDGE_LOOP('',(#3631));
#1860=FACE_OUTER_BOUND('',#1861,.T.);
#1861=EDGE_LOOP('',(#3632));
#1862=CYLINDRICAL_SURFACE('',#1863,5.05);
#1863=AXIS2_PLACEMENT_3D('',#1864,#1865,#1866);
#1864=CARTESIAN_POINT('',(-218.959638711272,-5.99999999999997,-100.705394368254));
#1865=DIRECTION('',(-2.52598139422002E-14,-7.25043607918469E-17,1.));
#1866=DIRECTION('',(-1.,1.22464679914737E-16,-2.52598139422002E-14));
#1867=FACE_BOUND('',#1868,.T.);
#1868=EDGE_LOOP('',(#3633,#3634,#3635,#3636,#3637,#3638,#3639,#3640,#3641,#3642));
#1869=PLANE('',#1870);
#1870=AXIS2_PLACEMENT_3D('',#1871,#1872,#1873);
#1871=CARTESIAN_POINT('',(-180.209638711274,-5.99999999999998,-28.1559006404409));
#1872=DIRECTION('',(0.,0.,1.));
#1873=DIRECTION('',(-1.,1.33226762955019E-16,0.));
#1874=FACE_BOUND('',#1875,.T.);
#1875=EDGE_LOOP('',(#3643,#3644,#3645,#3646));
#1876=FACE_OUTER_BOUND('',#1877,.T.);
#1877=EDGE_LOOP('',(#3647));
#1878=FACE_OUTER_BOUND('',#1879,.T.);
#1879=EDGE_LOOP('',(#3648));
#1880=CYLINDRICAL_SURFACE('',#1881,5.05);
#1881=AXIS2_PLACEMENT_3D('',#1882,#1883,#1884);
#1882=CARTESIAN_POINT('',(-201.459638711272,-5.99999999999997,-100.705394368253));
#1883=DIRECTION('',(-2.52598139422002E-14,-7.25043607918469E-17,1.));
#1884=DIRECTION('',(-1.,1.22464679914737E-16,-2.52598139422002E-14));
#1885=FACE_BOUND('',#1886,.T.);
#1886=EDGE_LOOP('',(#3649,#3650,#3651,#3652,#3653,#3654));
#1887=FACE_OUTER_BOUND('',#1888,.T.);
#1888=EDGE_LOOP('',(#3655));
#1889=FACE_OUTER_BOUND('',#1890,.T.);
#1890=EDGE_LOOP('',(#3656));
#1891=CYLINDRICAL_SURFACE('',#1892,5.05);
#1892=AXIS2_PLACEMENT_3D('',#1893,#1894,#1895);
#1893=CARTESIAN_POINT('',(-183.959638711272,-5.99999999999998,-100.705394368253));
#1894=DIRECTION('',(-2.52598139422002E-14,-7.25043607918469E-17,1.));
#1895=DIRECTION('',(-1.,1.22464679914737E-16,-2.52598139422002E-14));
#1896=FACE_BOUND('',#1897,.T.);
#1897=EDGE_LOOP('',(#3657,#3658,#3659,#3660));
#1898=CYLINDRICAL_SURFACE('',#1899,1.);
#1899=AXIS2_PLACEMENT_3D('',#1900,#1901,#1902);
#1900=CARTESIAN_POINT('',(-167.508337176662,14.,-41.0279018085623));
#1901=DIRECTION('',(0.965925826289068,-2.00124118587294E-16,0.258819045102522));
#1902=DIRECTION('',(0.258819045102522,5.32907051820063E-15,-0.965925826289068));
#1903=FACE_BOUND('',#1904,.T.);
#1904=EDGE_LOOP('',(#3661,#3662,#3663,#3664));
#1905=CYLINDRICAL_SURFACE('',#1906,1.);
#1906=AXIS2_PLACEMENT_3D('',#1907,#1908,#1909);
#1907=CARTESIAN_POINT('',(-167.95963871127,14.,-42.2559006404402));
#1908=DIRECTION('',(1.,-1.66533453693772E-16,2.2204460492503E-16));
#1909=DIRECTION('',(2.2204460492503E-16,-3.69778549322345E-32,-1.));
#1910=FACE_BOUND('',#1911,.T.);
#1911=EDGE_LOOP('',(#3665,#3666,#3667,#3668));
#1912=TOROIDAL_SURFACE('',#1913,11.,1.);
#1913=AXIS2_PLACEMENT_3D('',#1914,#1915,#1916);
#1914=CARTESIAN_POINT('',(-227.959638711271,14.,-53.2559006404402));
#1915=DIRECTION('',(-1.28635124736305E-16,-1.,-7.12642219874121E-17));
#1916=DIRECTION('',(0.180818083237847,-9.3349099042602E-17,0.983516558464671));
#1917=FACE_BOUND('',#1918,.T.);
#1918=EDGE_LOOP('',(#3669,#3670,#3671,#3672));
#1919=CYLINDRICAL_SURFACE('',#1920,1.);
#1920=AXIS2_PLACEMENT_3D('',#1921,#1922,#1923);
#1921=CARTESIAN_POINT('',(-238.959638711271,14.,-49.2559006404402));
#1922=DIRECTION('',(0.,-4.9476072964766E-17,1.));
#1923=DIRECTION('',(1.,0.,0.));
#1924=FACE_BOUND('',#1925,.T.);
#1925=EDGE_LOOP('',(#3673,#3674,#3675,#3676));
#1926=TOROIDAL_SURFACE('',#1927,4.,1.);
#1927=AXIS2_PLACEMENT_3D('',#1928,#1929,#1930);
#1928=CARTESIAN_POINT('',(-242.959638711271,14.,-81.1592521587644));
#1929=DIRECTION('',(1.28635124736305E-16,1.,7.12642219874121E-17));
#1930=DIRECTION('',(0.877582561890372,-1.47053830324699E-16,0.479425538604205));
#1931=FACE_BOUND('',#1932,.T.);
#1932=EDGE_LOOP('',(#3677,#3678,#3679,#3680));
#1933=CYLINDRICAL_SURFACE('',#1934,1.);
#1934=AXIS2_PLACEMENT_3D('',#1935,#1936,#1937);
#1935=CARTESIAN_POINT('',(-237.715301735468,14.,-83.2798486984732));
#1936=DIRECTION('',(0.920616689438984,-1.2236078472466E-16,0.390467554511774));
#1937=DIRECTION('',(0.390467554511774,-1.16149835238207E-30,-0.920616689438984));
#1938=FACE_BOUND('',#1939,.T.);
#1939=EDGE_LOOP('',(#3681,#3682,#3683,#3684));
#1940=TOROIDAL_SURFACE('',#1941,4.00000000000002,1.);
#1941=AXIS2_PLACEMENT_3D('',#1942,#1943,#1944);
#1942=CARTESIAN_POINT('',(-248.959638711271,14.,-83.7040738570309));
#1943=DIRECTION('',(1.28635124736305E-16,1.,7.12642219874121E-17));
#1944=DIRECTION('',(0.784034669005815,-5.66194808567465E-17,-0.620717035207624));
#1945=FACE_BOUND('',#1946,.T.);
#1946=EDGE_LOOP('',(#3685,#3686,#3687,#3688));
#1947=CYLINDRICAL_SURFACE('',#1948,1.);
#1948=AXIS2_PLACEMENT_3D('',#1949,#1950,#1951);
#1949=CARTESIAN_POINT('',(-252.959638711271,14.,-87.7040738570309));
#1950=DIRECTION('',(0.,-3.14688100283493E-17,1.));
#1951=DIRECTION('',(0.,1.,3.14688100283493E-17));
#1952=FACE_BOUND('',#1953,.T.);
#1953=EDGE_LOOP('',(#3689,#3690,#3691,#3692));
#1954=TOROIDAL_SURFACE('',#1955,8.99999999999999,1.);
#1955=AXIS2_PLACEMENT_3D('',#1956,#1957,#1958);
#1956=CARTESIAN_POINT('',(-243.959638711271,14.,-35.2559006404402));
#1957=DIRECTION('',(1.28635124736305E-16,1.,7.12642219874121E-17));
#1958=DIRECTION('',(-0.975410085389447,1.41178471718304E-16,-0.220397743456123));
#1959=FACE_BOUND('',#1960,.T.);
#1960=EDGE_LOOP('',(#3693,#3694,#3695,#3696));
#1961=CYLINDRICAL_SURFACE('',#1962,1.);
#1962=AXIS2_PLACEMENT_3D('',#1963,#1964,#1965);
#1963=CARTESIAN_POINT('',(-247.959638711271,14.,-26.2559006404422));
#1964=DIRECTION('',(1.,-1.16736400674551E-16,2.68493721551466E-14));
#1965=DIRECTION('',(1.1673640067455E-16,1.,-7.59970754716596E-28));
#1966=FACE_BOUND('',#1967,.T.);
#1967=EDGE_LOOP('',(#3697,#3698,#3699,#3700));
#1968=CYLINDRICAL_SURFACE('',#1969,1.5);
#1969=AXIS2_PLACEMENT_3D('',#1970,#1971,#1972);
#1970=CARTESIAN_POINT('',(-179.913068970201,13.5,-10.1876257214331));
#1971=DIRECTION('',(-0.258819045102521,-3.08148791101958E-33,0.965925826289068));
#1972=DIRECTION('',(0.763234001220786,-0.612903225806453,0.204507934263084));
#1973=FACE_BOUND('',#1974,.T.);
#1974=EDGE_LOOP('',(#3701,#3702,#3703,#3704,#3705,#3706,#3707,#3708,#3709,#3710,
#3711,#3712));
#1975=FACE_BOUND('',#1976,.T.);
#1976=EDGE_LOOP('',(#3713));
#1977=FACE_BOUND('',#1978,.T.);
#1978=EDGE_LOOP('',(#3714));
#1979=PLANE('',#1980);
#1980=AXIS2_PLACEMENT_3D('',#1981,#1982,#1983);
#1981=CARTESIAN_POINT('',(-3.03450782667127,-3.19157233459628E-30,11.3249373851026));
#1982=DIRECTION('',(0.258819045102521,3.08148791101958E-33,-0.965925826289068));
#1983=DIRECTION('',(-0.965925826289068,8.25682197243964E-34,-0.258819045102521));
#1984=FACE_BOUND('',#1985,.T.);
#1985=EDGE_LOOP('',(#3715,#3716,#3717,#3718,#3719));
#1986=CYLINDRICAL_SURFACE('',#1987,5.);
#1987=AXIS2_PLACEMENT_3D('',#1988,#1989,#1990);
#1988=CARTESIAN_POINT('',(-161.075635576995,10.,-41.3748169706015));
#1989=DIRECTION('',(0.258819045102521,3.55294239310697E-33,-0.965925826289068));
#1990=DIRECTION('',(1.18291797137867E-16,1.,3.16961915143177E-17));
#1991=FACE_BOUND('',#1992,.T.);
#1992=EDGE_LOOP('',(#3720,#3721,#3722,#3723,#3724,#3725,#3726,#3727,#3728,#3729,
#3730,#3731));
#1993=FACE_BOUND('',#1994,.T.);
#1994=EDGE_LOOP('',(#3732));
#1995=FACE_BOUND('',#1996,.T.);
#1996=EDGE_LOOP('',(#3733));
#1997=PLANE('',#1998);
#1998=AXIS2_PLACEMENT_3D('',#1999,#2000,#2001);
#1999=CARTESIAN_POINT('',(-1.74041260115864,7.105427357601E-15,6.49530825365726));
#2000=DIRECTION('',(0.258819045102521,3.08148791101958E-33,-0.965925826289068));
#2001=DIRECTION('',(-0.965925826289068,8.25682197243964E-34,-0.258819045102521));
#2002=FACE_BOUND('',#2003,.T.);
#2003=EDGE_LOOP('',(#3734,#3735,#3736,#3737));
#2004=CYLINDRICAL_SURFACE('',#2005,1.5);
#2005=AXIS2_PLACEMENT_3D('',#2006,#2007,#2008);
#2006=CARTESIAN_POINT('',(-172.148497617125,13.5,-39.1654005101052));
#2007=DIRECTION('',(-0.258819045102521,0.,0.965925826289068));
#2008=DIRECTION('',(0.763234001220787,-0.612903225806451,0.204507934263085));
#2009=FACE_BOUND('',#2010,.T.);
#2010=EDGE_LOOP('',(#3738,#3739,#3740,#3741));
#2011=CONICAL_SURFACE('',#2012,5.35,0.785398163397467);
#2012=AXIS2_PLACEMENT_3D('',#2013,#2014,#2015);
#2013=CARTESIAN_POINT('',(-245.959638711274,14.75,-45.));
#2014=DIRECTION('',(1.28635124736305E-16,1.,7.12642219874121E-17));
#2015=DIRECTION('',(-0.98409844531263,1.39247855321925E-16,-0.17762390023098));
#2016=FACE_BOUND('',#2017,.T.);
#2017=EDGE_LOOP('',(#3742,#3743,#3744,#3745));
#2018=PLANE('',#2019);
#2019=AXIS2_PLACEMENT_3D('',#2020,#2021,#2022);
#2020=CARTESIAN_POINT('',(-251.559638711274,15.,-43.));
#2021=DIRECTION('',(-0.707106781186548,-0.707106781186548,-3.22070247935133E-17));
#2022=DIRECTION('',(0.,4.55476112666731E-17,-1.));
#2023=FACE_BOUND('',#2024,.T.);
#2024=EDGE_LOOP('',(#3746,#3747,#3748,#3749));
#2025=CONICAL_SURFACE('',#2026,5.35,0.785398163397469);
#2026=AXIS2_PLACEMENT_3D('',#2027,#2028,#2029);
#2027=CARTESIAN_POINT('',(-245.959638711274,14.75,-80.));
#2028=DIRECTION('',(1.28635124736305E-16,1.,7.12642219874121E-17));
#2029=DIRECTION('',(0.98409844531263,-1.39247855321925E-16,0.177623900230977));
#2030=FACE_BOUND('',#2031,.T.);
#2031=EDGE_LOOP('',(#3750,#3751,#3752,#3753));
#2032=PLANE('',#2033);
#2033=AXIS2_PLACEMENT_3D('',#2034,#2035,#2036);
#2034=CARTESIAN_POINT('',(-240.359638711274,15.,-82.));
#2035=DIRECTION('',(0.707106781186546,-0.707106781186549,-3.22070247935134E-17));
#2036=DIRECTION('',(0.,-4.55476112666731E-17,1.));
#2037=FACE_BOUND('',#2038,.T.);
#2038=EDGE_LOOP('',(#3754,#3755,#3756,#3757,#3758,#3759));
#2039=CYLINDRICAL_SURFACE('',#2040,7.);
#2040=AXIS2_PLACEMENT_3D('',#2041,#2042,#2043);
#2041=CARTESIAN_POINT('',(-260.81924038142,-6.60050506338824,-50.2559006404402));
#2042=DIRECTION('',(-1.,1.63451584099352E-15,-7.00506788997224E-16));
#2043=DIRECTION('',(-1.65111033589051E-15,-0.707106781186551,0.707106781186544));
#2044=FACE_BOUND('',#2045,.T.);
#2045=EDGE_LOOP('',(#3760,#3761,#3762,#3763,#3764));
#2046=CONICAL_SURFACE('',#2047,5.27499999999918,0.785398163397089);
#2047=AXIS2_PLACEMENT_3D('',#2048,#2049,#2050);
#2048=CARTESIAN_POINT('',(-236.459638711269,-5.99999999999994,-45.0309006404406));
#2049=DIRECTION('',(1.84542575945486E-16,1.45008721583694E-16,-1.));
#2050=DIRECTION('',(-0.707106781186405,-0.70710678118669,-2.33027957231703E-16));
#2051=FACE_BOUND('',#2052,.T.);
#2052=EDGE_LOOP('',(#3765,#3766,#3767,#3768,#3769,#3770));
#2053=CYLINDRICAL_SURFACE('',#2054,5.1);
#2054=AXIS2_PLACEMENT_3D('',#2055,#2056,#2057);
#2055=CARTESIAN_POINT('',(-240.209638711274,-5.99999999999997,-33.2559006404409));
#2056=DIRECTION('',(-1.28635124736305E-16,-1.,-7.12642219874121E-17));
#2057=DIRECTION('',(1.24356888410171E-48,-7.12642219874121E-17,1.));
#2058=FACE_OUTER_BOUND('',#2059,.T.);
#2059=EDGE_LOOP('',(#3771));
#2060=FACE_OUTER_BOUND('',#2061,.T.);
#2061=EDGE_LOOP('',(#3772));
#2062=CONICAL_SURFACE('',#2063,5.29999999999988,0.785398163397436);
#2063=AXIS2_PLACEMENT_3D('',#2064,#2065,#2066);
#2064=CARTESIAN_POINT('',(-236.459638711274,-5.99999999999994,-25.5059006404419));
#2065=DIRECTION('',(-2.67972779523024E-14,-7.25043607918469E-17,1.));
#2066=DIRECTION('',(-1.,-9.83378199806882E-32,-2.67972779523024E-14));
#2067=FACE_BOUND('',#2068,.T.);
#2068=EDGE_LOOP('',(#3773,#3774));
#2069=PLANE('',#2070);
#2070=AXIS2_PLACEMENT_3D('',#2071,#2072,#2073);
#2071=CARTESIAN_POINT('',(-9.36763157883851E-15,-6.,-4.22914135389203E-16));
#2072=DIRECTION('',(-1.28635124736305E-16,-1.,-7.12642219874122E-17));
#2073=DIRECTION('',(1.,-1.28635124736305E-16,-9.16708208458652E-33));
#2074=FACE_BOUND('',#2075,.T.);
#2075=EDGE_LOOP('',(#3775,#3776,#3777,#3778,#3779,#3780));
#2076=CYLINDRICAL_SURFACE('',#2077,7.);
#2077=AXIS2_PLACEMENT_3D('',#2078,#2079,#2080);
#2078=CARTESIAN_POINT('',(-199.959638711271,-5.39949493661159,-50.2559006404402));
#2079=DIRECTION('',(1.,5.83755657497685E-17,1.16751131499537E-16));
#2080=DIRECTION('',(-1.23833275191786E-16,0.707106781186546,0.707106781186549));
#2081=FACE_BOUND('',#2082,.T.);
#2082=EDGE_LOOP('',(#3781,#3782,#3783,#3784,#3785,#3786,#3787,#3788,#3789,#3790));
#2083=FACE_BOUND('',#2084,.T.);
#2084=EDGE_LOOP('',(#3791));
#2085=FACE_BOUND('',#2086,.T.);
#2086=EDGE_LOOP('',(#3792));
#2087=FACE_BOUND('',#2088,.T.);
#2088=EDGE_LOOP('',(#3793));
#2089=PLANE('',#2090);
#2090=AXIS2_PLACEMENT_3D('',#2091,#2092,#2093);
#2091=CARTESIAN_POINT('',(-150.953806087585,24.5204166702127,-43.2559006404402));
#2092=DIRECTION('',(-1.84542575945486E-16,-1.45008721583694E-16,1.));
#2093=DIRECTION('',(-1.,-1.38406931959115E-16,-1.84542575945486E-16));
#2094=FACE_BOUND('',#2095,.T.);
#2095=EDGE_LOOP('',(#3794,#3795,#3796,#3797));
#2096=PLANE('',#2097);
#2097=AXIS2_PLACEMENT_3D('',#2098,#2099,#2100);
#2098=CARTESIAN_POINT('',(-178.209638711274,-15.,-38.8559006404409));
#2099=DIRECTION('',(9.81307786677359E-17,0.707106781186547,-0.707106781186547));
#2100=DIRECTION('',(-1.,1.38777878078145E-16,0.));
#2101=FACE_BOUND('',#2102,.T.);
#2102=EDGE_LOOP('',(#3798,#3799,#3800,#3801,#3802,#3803));
#2103=CYLINDRICAL_SURFACE('',#2104,5.1);
#2104=AXIS2_PLACEMENT_3D('',#2105,#2106,#2107);
#2105=CARTESIAN_POINT('',(-180.209638711274,-5.99999999999998,-33.2559006404409));
#2106=DIRECTION('',(-1.28635124736305E-16,-1.,-7.12642219874121E-17));
#2107=DIRECTION('',(-1.24356888410171E-48,7.12642219874121E-17,-1.));
#2108=FACE_OUTER_BOUND('',#2109,.T.);
#2109=EDGE_LOOP('',(#3804));
#2110=FACE_OUTER_BOUND('',#2111,.T.);
#2111=EDGE_LOOP('',(#3805));
#2112=CONICAL_SURFACE('',#2113,5.29999999999988,0.785398163397436);
#2113=AXIS2_PLACEMENT_3D('',#2114,#2115,#2116);
#2114=CARTESIAN_POINT('',(-218.959638711274,-5.99999999999997,-25.5059006404414));
#2115=DIRECTION('',(-2.67972779523024E-14,-7.25043607918469E-17,1.));
#2116=DIRECTION('',(-1.,-9.83378199806882E-32,-2.67972779523024E-14));
#2117=FACE_BOUND('',#2118,.T.);
#2118=EDGE_LOOP('',(#3806,#3807,#3808,#3809));
#2119=PLANE('',#2120);
#2120=AXIS2_PLACEMENT_3D('',#2121,#2122,#2123);
#2121=CARTESIAN_POINT('',(-242.209638711274,-15.,-27.6559006404409));
#2122=DIRECTION('',(-5.88784672006424E-17,0.707106781186545,0.70710678118655));
#2123=DIRECTION('',(1.,-1.38777878078145E-16,2.22044604925031E-16));
#2124=FACE_OUTER_BOUND('',#2125,.T.);
#2125=EDGE_LOOP('',(#3810));
#2126=FACE_OUTER_BOUND('',#2127,.T.);
#2127=EDGE_LOOP('',(#3811));
#2128=CONICAL_SURFACE('',#2129,5.29999999999988,0.785398163397436);
#2129=AXIS2_PLACEMENT_3D('',#2130,#2131,#2132);
#2130=CARTESIAN_POINT('',(-201.459638711274,-5.99999999999998,-25.5059006404409));
#2131=DIRECTION('',(-2.67972779523024E-14,-7.25043607918469E-17,1.));
#2132=DIRECTION('',(-1.,-9.83378199806882E-32,-2.67972779523024E-14));
#2133=FACE_OUTER_BOUND('',#2134,.T.);
#2134=EDGE_LOOP('',(#3812));
#2135=FACE_OUTER_BOUND('',#2136,.T.);
#2136=EDGE_LOOP('',(#3813));
#2137=CONICAL_SURFACE('',#2138,5.29999999999988,0.785398163397436);
#2138=AXIS2_PLACEMENT_3D('',#2139,#2140,#2141);
#2139=CARTESIAN_POINT('',(-183.959638711274,-5.99999999999998,-25.5059006404405));
#2140=DIRECTION('',(-2.67972779523024E-14,-7.25043607918469E-17,1.));
#2141=DIRECTION('',(-1.,-9.83378199806882E-32,-2.67972779523024E-14));
#2142=FACE_BOUND('',#2143,.T.);
#2143=EDGE_LOOP('',(#3814,#3815));
#2144=PLANE('',#2145);
#2145=AXIS2_PLACEMENT_3D('',#2146,#2147,#2148);
#2146=CARTESIAN_POINT('',(-9.36763157883851E-15,-6.,-4.22914135389203E-16));
#2147=DIRECTION('',(-1.28635124736305E-16,-1.,-7.12642219874122E-17));
#2148=DIRECTION('',(1.,-1.28635124736305E-16,-9.16708208458652E-33));
#2149=FACE_BOUND('',#2150,.T.);
#2150=EDGE_LOOP('',(#3816,#3817,#3818,#3819));
#2151=DEGENERATE_TOROIDAL_SURFACE('',#2152,0.500000000000004,1.,.T.);
#2152=AXIS2_PLACEMENT_3D('',#2153,#2154,#2155);
#2153=CARTESIAN_POINT('',(-171.372040481818,13.5,-42.0631779889724));
#2154=DIRECTION('',(-0.258819045102521,-3.08148791101958E-33,0.965925826289068));
#2155=DIRECTION('',(-0.592019054822331,-0.790157981542962,-0.15863102764348));
#2156=FACE_BOUND('',#2157,.T.);
#2157=EDGE_LOOP('',(#3820,#3821,#3822,#3823,#3824));
#2158=PLANE('',#2159);
#2159=AXIS2_PLACEMENT_3D('',#2160,#2161,#2162);
#2160=CARTESIAN_POINT('',(-171.959638711271,-15.,-43.2559006404384));
#2161=DIRECTION('',(-0.258819045102521,-3.08148791101958E-33,0.965925826289068));
#2162=DIRECTION('',(0.965925826289068,-1.09514202484996E-16,0.258819045102521));
#2163=FACE_BOUND('',#2164,.T.);
#2164=EDGE_LOOP('',(#3825,#3826,#3827,#3828));
#2165=PLANE('',#2166);
#2166=AXIS2_PLACEMENT_3D('',#2167,#2168,#2169);
#2167=CARTESIAN_POINT('',(-150.953806087585,24.5204166702127,-43.2559006404402));
#2168=DIRECTION('',(-1.84542575945486E-16,-1.45008721583694E-16,1.));
#2169=DIRECTION('',(-1.,-1.38406931959115E-16,-1.84542575945486E-16));
#2170=FACE_BOUND('',#2171,.T.);
#2171=EDGE_LOOP('',(#3829,#3830,#3831,#3832,#3833,#3834));
#2172=CYLINDRICAL_SURFACE('',#2173,10.);
#2173=AXIS2_PLACEMENT_3D('',#2174,#2175,#2176);
#2174=CARTESIAN_POINT('',(-227.959638711271,24.5204166702127,-53.2559006404402));
#2175=DIRECTION('',(1.22464679914735E-16,-1.,-6.12323399573677E-17));
#2176=DIRECTION('',(-1.22464679914735E-16,-6.12323399573677E-17,1.));
#2177=FACE_BOUND('',#2178,.T.);
#2178=EDGE_LOOP('',(#3835,#3836,#3837,#3838,#3839,#3840,#3841,#3842,#3843,#3844,
#3845));
#2179=FACE_BOUND('',#2180,.T.);
#2180=EDGE_LOOP('',(#3846));
#2181=PLANE('',#2182);
#2182=AXIS2_PLACEMENT_3D('',#2183,#2184,#2185);
#2183=CARTESIAN_POINT('',(-237.959638711271,24.5204166702127,-53.2559006404402));
#2184=DIRECTION('',(-1.,0.,0.));
#2185=DIRECTION('',(0.,0.,-1.));
#2186=FACE_BOUND('',#2187,.T.);
#2187=EDGE_LOOP('',(#3847,#3848,#3849,#3850,#3851,#3852,#3853));
#2188=CYLINDRICAL_SURFACE('',#2189,5.);
#2189=AXIS2_PLACEMENT_3D('',#2190,#2191,#2192);
#2190=CARTESIAN_POINT('',(-242.959638711271,24.5204166702127,-81.1592521587644));
#2191=DIRECTION('',(-1.22464679914735E-16,1.,6.12323399573677E-17));
#2192=DIRECTION('',(1.,1.22464679914735E-16,1.22464679914735E-16));
#2193=FACE_BOUND('',#2194,.T.);
#2194=EDGE_LOOP('',(#3854,#3855,#3856,#3857,#3858,#3859));
#2195=PLANE('',#2196);
#2196=AXIS2_PLACEMENT_3D('',#2197,#2198,#2199);
#2197=CARTESIAN_POINT('',(-241.007300938712,24.5204166702127,-85.7623356059593));
#2198=DIRECTION('',(-0.390467554511774,0.,0.920616689438984));
#2199=DIRECTION('',(-0.920616689438984,0.,-0.390467554511774));
#2200=FACE_BOUND('',#2201,.T.);
#2201=EDGE_LOOP('',(#3860,#3861,#3862,#3863,#3864,#3865));
#2202=CYLINDRICAL_SURFACE('',#2203,5.);
#2203=AXIS2_PLACEMENT_3D('',#2204,#2205,#2206);
#2204=CARTESIAN_POINT('',(-248.959638711271,24.5204166702127,-83.7040738570309));
#2205=DIRECTION('',(-1.22464679914735E-16,1.,6.12323399573677E-17));
#2206=DIRECTION('',(0.39046755451177,1.04189998178528E-16,-0.920616689438986));
#2207=FACE_BOUND('',#2208,.T.);
#2208=EDGE_LOOP('',(#3866,#3867,#3868,#3869,#3870,#3871));
#2209=FACE_BOUND('',#2210,.T.);
#2210=EDGE_LOOP('',(#3872));
#2211=FACE_BOUND('',#2212,.T.);
#2212=EDGE_LOOP('',(#3873));
#2213=PLANE('',#2214);
#2214=AXIS2_PLACEMENT_3D('',#2215,#2216,#2217);
#2215=CARTESIAN_POINT('',(-253.959638711271,-24.4795833297873,-100.705394368248));
#2216=DIRECTION('',(-1.,0.,0.));
#2217=DIRECTION('',(0.,-9.41746194246812E-17,1.));
#2218=FACE_BOUND('',#2219,.T.);
#2219=EDGE_LOOP('',(#3874,#3875,#3876,#3877));
#2220=CYLINDRICAL_SURFACE('',#2221,10.);
#2221=AXIS2_PLACEMENT_3D('',#2222,#2223,#2224);
#2222=CARTESIAN_POINT('',(-243.959638711271,24.5204166702127,-35.2559006404402));
#2223=DIRECTION('',(-1.22464679914735E-16,1.,6.12323399573677E-17));
#2224=DIRECTION('',(-1.,-1.22464679914735E-16,-1.22464679914735E-16));
#2225=FACE_BOUND('',#2226,.T.);
#2226=EDGE_LOOP('',(#3878,#3879,#3880,#3881,#3882,#3883,#3884,#3885,#3886,#3887));
#2227=FACE_BOUND('',#2228,.T.);
#2228=EDGE_LOOP('',(#3888));
#2229=FACE_BOUND('',#2230,.T.);
#2230=EDGE_LOOP('',(#3889));
#2231=FACE_BOUND('',#2232,.T.);
#2232=EDGE_LOOP('',(#3890));
#2233=FACE_BOUND('',#2234,.T.);
#2234=EDGE_LOOP('',(#3891));
#2235=PLANE('',#2236);
#2236=AXIS2_PLACEMENT_3D('',#2237,#2238,#2239);
#2237=CARTESIAN_POINT('',(-253.959638711271,-24.4795833297873,-25.2559006404423));
#2238=DIRECTION('',(-2.67972779523024E-14,-7.25043607918469E-17,1.));
#2239=DIRECTION('',(1.,0.,2.67972779523024E-14));
#2240=FACE_BOUND('',#2241,.T.);
#2241=EDGE_LOOP('',(#3892,#3893,#3894,#3895));
#2242=B_SPLINE_SURFACE_WITH_KNOTS('',3,3,(
(#2243,#2244,#2245,#2246,#2247,#2248,#2249,#2250,#2251,#2252,#2253,#2254),
(#2255,#2256,#2257,#2258,#2259,#2260,#2261,#2262,#2263,#2264,#2265,#2266),
(#2267,#2268,#2269,#2270,#2271,#2272,#2273,#2274,#2275,#2276,#2277,#2278),
(#2279,#2280,#2281,#2282,#2283,#2284,#2285,#2286,#2287,#2288,#2289,#2290),
(#2291,#2292,#2293,#2294,#2295,#2296,#2297,#2298,#2299,#2300,#2301,#2302),
(#2303,#2304,#2305,#2306,#2307,#2308,#2309,#2310,#2311,#2312,#2313,#2314)),
.UNSPECIFIED.,.F.,.F.,.F.,
(4,1,1,4),
(4,1,1,1,1,1,1,1,1,4),
(2.02195374287042,2.68723218716003,3.48556632030755,4.25249669439586),
(0.,0.0891427399936885,0.20799972665194,0.326856713310191,0.445713699968442,0.564570686626694,
0.683427673284945,0.802284659943196,0.921141646601448,1.),
.UNSPECIFIED.);
#2243=CARTESIAN_POINT('',(-175.198574583408,13.1935449376589,-25.2559006404402));
#2244=CARTESIAN_POINT('',(-175.169350286621,13.170076396287,-25.2559030132817));
#2245=CARTESIAN_POINT('',(-175.099795109895,13.1142201834155,-25.2608196181585));
#2246=CARTESIAN_POINT('',(-174.987772975822,13.0242609243154,-25.2885774251744));
#2247=CARTESIAN_POINT('',(-174.866953242703,12.927236762429,-25.345726745803));
#2248=CARTESIAN_POINT('',(-174.752884878952,12.8356342807894,-25.4295650886793));
#2249=CARTESIAN_POINT('',(-174.650796302361,12.7536521549042,-25.5375754823694));
#2250=CARTESIAN_POINT('',(-174.565029774626,12.684777433538,-25.6650949086094));
#2251=CARTESIAN_POINT('',(-174.498430221006,12.6312947309748,-25.8059804053568));
#2252=CARTESIAN_POINT('',(-174.457276447384,12.5982462357587,-25.9369725578532));
#2253=CARTESIAN_POINT('',(-174.440634499555,12.5848819368654,-26.0189378767322));
#2254=CARTESIAN_POINT('',(-174.435345751157,12.5806348129766,-26.0513940911984));
#2255=CARTESIAN_POINT('',(-175.128351229024,13.2807263514959,-25.2559006404402));
#2256=CARTESIAN_POINT('',(-175.094526371825,13.2643135090961,-25.2559027705698));
#2257=CARTESIAN_POINT('',(-175.014089144076,13.2253116035694,-25.2606027034054));
#2258=CARTESIAN_POINT('',(-174.884694473566,13.1626338702578,-25.287027403571));
#2259=CARTESIAN_POINT('',(-174.745083326313,13.0949824074838,-25.3412796009616));
#2260=CARTESIAN_POINT('',(-174.612909970917,13.0307860145609,-25.420789062484));
#2261=CARTESIAN_POINT('',(-174.493920469705,12.9727100349603,-25.5233126434879));
#2262=CARTESIAN_POINT('',(-174.39293599127,12.9230049854495,-25.6446916684745));
#2263=CARTESIAN_POINT('',(-174.313207179983,12.8832155757112,-25.7794088692703));
#2264=CARTESIAN_POINT('',(-174.262516273431,12.8573135622446,-25.9054377192093));
#2265=CARTESIAN_POINT('',(-174.241092351306,12.845972130133,-25.9847823675759));
#2266=CARTESIAN_POINT('',(-174.234083833554,12.8421790544876,-26.0162824140064));
#2267=CARTESIAN_POINT('',(-175.041638821191,13.5256878270837,-25.2559006404402));
#2268=CARTESIAN_POINT('',(-175.002526840363,13.5275632488175,-25.2559025167777));
#2269=CARTESIAN_POINT('',(-174.909653267597,13.5320119423924,-25.2603346987824));
#2270=CARTESIAN_POINT('',(-174.760554987056,13.5391470348077,-25.2851495863786));
#2271=CARTESIAN_POINT('',(-174.599568486221,13.5468568948147,-25.3359571230477));
#2272=CARTESIAN_POINT('',(-174.446439586165,13.5542081345743,-25.4103484717664));
#2273=CARTESIAN_POINT('',(-174.307216532571,13.5609229074325,-25.5063546001698));
#2274=CARTESIAN_POINT('',(-174.187053197469,13.5667703437183,-25.620323056407));
#2275=CARTESIAN_POINT('',(-174.089575163122,13.5715978106174,-25.7473828406906));
#2276=CARTESIAN_POINT('',(-174.024749667729,13.5749218694285,-25.8669821049709));
#2277=CARTESIAN_POINT('',(-173.995512807047,13.576506122615,-25.9427591535457));
#2278=CARTESIAN_POINT('',(-173.98556386988,13.5770634812511,-25.9729262100898));
#2279=CARTESIAN_POINT('',(-175.205482544203,13.8948138031963,-25.2559006404402));
#2280=CARTESIAN_POINT('',(-175.176352491797,13.9245125452923,-25.2559029956415));
#2281=CARTESIAN_POINT('',(-175.106956800833,13.9951101958567,-25.2608410994114));
#2282=CARTESIAN_POINT('',(-174.995052072329,14.1086084525336,-25.2886971169083));
#2283=CARTESIAN_POINT('',(-174.874415933508,14.231087318984,-25.3460109602225));
#2284=CARTESIAN_POINT('',(-174.760853788897,14.3472004160756,-25.4300688082831));
#2285=CARTESIAN_POINT('',(-174.65985082069,14.4520399277174,-25.5383849800978));
#2286=CARTESIAN_POINT('',(-174.575937370713,14.5414527633874,-25.666352840898));
#2287=CARTESIAN_POINT('',(-174.512031217634,14.6125745637612,-25.8078825407582));
#2288=CARTESIAN_POINT('',(-174.473961049551,14.6583177824006,-25.9396361721369));
#2289=CARTESIAN_POINT('',(-174.45952241834,14.6779564358811,-26.0221598394134));
#2290=CARTESIAN_POINT('',(-174.455144142284,14.6844414095887,-26.0548480715958));
#2291=CARTESIAN_POINT('',(-175.475538195246,14.0006899996693,-25.2559006404402));
#2292=CARTESIAN_POINT('',(-175.465120212605,14.041340489827,-25.255904045676));
#2293=CARTESIAN_POINT('',(-175.440166100776,14.1384637071185,-25.2616748726972));
#2294=CARTESIAN_POINT('',(-175.399602055527,14.2957474740902,-25.294750682907));
#2295=CARTESIAN_POINT('',(-175.355973420982,14.465088611766,-25.363547084569));
#2296=CARTESIAN_POINT('',(-175.315664614937,14.6229299553148,-25.4648371635805));
#2297=CARTESIAN_POINT('',(-175.281289559945,14.7602794358172,-25.5949167011708));
#2298=CARTESIAN_POINT('',(-175.254869180159,14.8699730958002,-25.7469383358529));
#2299=CARTESIAN_POINT('',(-175.237450756801,14.947885002642,-25.9120813973712));
#2300=CARTESIAN_POINT('',(-175.229956722447,14.9882355977116,-26.0621477982713));
#2301=CARTESIAN_POINT('',(-175.228994709287,14.9995496005042,-26.1539001616755));
#2302=CARTESIAN_POINT('',(-175.229130498608,15.002069999008,-26.1898758971173));
#2303=CARTESIAN_POINT('',(-175.607591968378,13.9999999999829,-25.2559006404402));
#2304=CARTESIAN_POINT('',(-175.60759230467,14.0420250707913,-25.2559046692197));
#2305=CARTESIAN_POINT('',(-175.607593109868,14.1426501372776,-25.2620820006937));
#2306=CARTESIAN_POINT('',(-175.607594418091,14.3061491033152,-25.2978106422209));
#2307=CARTESIAN_POINT('',(-175.607595825334,14.4820391298109,-25.3726050547683));
#2308=CARTESIAN_POINT('',(-175.607597126754,14.644720442345,-25.4829897453239));
#2309=CARTESIAN_POINT('',(-175.607598239086,14.7837857474533,-25.6244633122301));
#2310=CARTESIAN_POINT('',(-175.607599098117,14.8912069807182,-25.7887181167017));
#2311=CARTESIAN_POINT('',(-175.607599670814,14.9628515738759,-25.9652355980682));
#2312=CARTESIAN_POINT('',(-175.607599925982,14.9948077732025,-26.1233682820948));
#2313=CARTESIAN_POINT('',(-175.607599967172,14.9999966968387,-26.2187252543928));
#2314=CARTESIAN_POINT('',(-175.607599967069,14.9999999999486,-26.2559027836831));
#2315=FACE_BOUND('',#2316,.T.);
#2316=EDGE_LOOP('',(#3896,#3897,#3898,#3899));
#2317=CYLINDRICAL_SURFACE('',#2318,6.25);
#2318=AXIS2_PLACEMENT_3D('',#2319,#2320,#2321);
#2319=CARTESIAN_POINT('',(-173.99800546074,8.75000000000001,-8.60268923089421));
#2320=DIRECTION('',(0.258819045102521,3.08148791101958E-33,-0.965925826289068));
#2321=DIRECTION('',(-0.565419995876532,-0.810769275053395,-0.151503831279526));
#2322=FACE_BOUND('',#2323,.T.);
#2323=EDGE_LOOP('',(#3900,#3901,#3902,#3903));
#2324=CYLINDRICAL_SURFACE('',#2325,4.);
#2325=AXIS2_PLACEMENT_3D('',#2326,#2327,#2328);
#2326=CARTESIAN_POINT('',(-179.793560418474,0.439614930702705,-10.1556035015093));
#2327=DIRECTION('',(-0.258819045102521,-3.08148791101958E-33,0.965925826289068));
#2328=DIRECTION('',(0.965925826289068,1.2490009027033E-16,0.258819045102521));
#2329=FACE_BOUND('',#2330,.T.);
#2330=EDGE_LOOP('',(#3904,#3905,#3906,#3907));
#2331=PLANE('',#2332);
#2332=AXIS2_PLACEMENT_3D('',#2333,#2334,#2335);
#2333=CARTESIAN_POINT('',(-175.929857113318,-0.439614930702655,-9.12032732109927));
#2334=DIRECTION('',(-0.965925826289068,0.,-0.258819045102521));
#2335=DIRECTION('',(0.,1.,0.));
#2336=FACE_BOUND('',#2337,.T.);
#2337=EDGE_LOOP('',(#3908,#3909,#3910,#3911));
#2338=CYLINDRICAL_SURFACE('',#2339,4.);
#2339=AXIS2_PLACEMENT_3D('',#2340,#2341,#2342);
#2340=CARTESIAN_POINT('',(-179.793560418474,-0.439614930702655,-10.1556035015093));
#2341=DIRECTION('',(-0.258819045102521,-3.08148791101958E-33,0.965925826289068));
#2342=DIRECTION('',(0.565419995876528,-0.810769275053398,0.151503831279525));
#2343=FACE_BOUND('',#2344,.T.);
#2344=EDGE_LOOP('',(#3912,#3913,#3914,#3915));
#2345=CYLINDRICAL_SURFACE('',#2346,6.25);
#2346=AXIS2_PLACEMENT_3D('',#2347,#2348,#2349);
#2347=CARTESIAN_POINT('',(-173.99800546074,-8.74999999999999,-8.60268923089422));
#2348=DIRECTION('',(0.258819045102521,3.08148791101958E-33,-0.965925826289068));
#2349=DIRECTION('',(-0.763234001220787,-0.612903225806451,-0.204507934263085));
#2350=FACE_BOUND('',#2351,.T.);
#2351=EDGE_LOOP('',(#3916,#3917,#3918,#3919));
#2352=CYLINDRICAL_SURFACE('',#2353,1.5);
#2353=AXIS2_PLACEMENT_3D('',#2354,#2355,#2356);
#2354=CARTESIAN_POINT('',(-179.913068970201,-13.5,-10.1876257214331));
#2355=DIRECTION('',(-0.258819045102521,-3.08148791101958E-33,0.965925826289068));
#2356=DIRECTION('',(-6.50646278510906E-50,-1.,-3.19019103450019E-33));
#2357=FACE_BOUND('',#2358,.T.);
#2358=EDGE_LOOP('',(#3920,#3921,#3922,#3923,#3924,#3925,#3926,#3927,#3928,#3929,
#3930,#3931,#3932,#3933,#3934));
#2359=FACE_BOUND('',#2360,.T.);
#2360=EDGE_LOOP('',(#3935,#3936,#3937,#3938));
#2361=FACE_BOUND('',#2362,.T.);
#2362=EDGE_LOOP('',(#3939,#3940,#3941,#3942));
#2363=PLANE('',#2364);
#2364=AXIS2_PLACEMENT_3D('',#2365,#2366,#2367);
#2365=CARTESIAN_POINT('',(-147.752057275156,-15.,-100.705394368252));
#2366=DIRECTION('',(1.28635124736305E-16,1.,7.12642219874121E-17));
#2367=DIRECTION('',(-1.,1.28635124736307E-16,-2.52124844483162E-14));
#2368=FACE_BOUND('',#2369,.T.);
#2369=EDGE_LOOP('',(#3943,#3944,#3945,#3946,#3947));
#2370=CYLINDRICAL_SURFACE('',#2371,5.);
#2371=AXIS2_PLACEMENT_3D('',#2372,#2373,#2374);
#2372=CARTESIAN_POINT('',(-161.075635576995,-9.99999999999998,-41.3748169706015));
#2373=DIRECTION('',(0.258819045102521,3.55294239310697E-33,-0.965925826289068));
#2374=DIRECTION('',(0.965925826289068,-1.22464679914735E-16,0.258819045102521));
#2375=FACE_BOUND('',#2376,.T.);
#2376=EDGE_LOOP('',(#3948,#3949,#3950,#3951));
#2377=PLANE('',#2378);
#2378=AXIS2_PLACEMENT_3D('',#2379,#2380,#2381);
#2379=CARTESIAN_POINT('',(-156.24600644555,10.,-40.0807217450889));
#2380=DIRECTION('',(-0.965925826289068,0.,-0.258819045102521));
#2381=DIRECTION('',(0.,-1.,0.));
#2382=FACE_OUTER_BOUND('',#2383,.T.);
#2383=EDGE_LOOP('',(#3952));
#2384=FACE_OUTER_BOUND('',#2385,.T.);
#2385=EDGE_LOOP('',(#3953));
#2386=CYLINDRICAL_SURFACE('',#2387,2.5);
#2387=AXIS2_PLACEMENT_3D('',#2388,#2389,#2390);
#2388=CARTESIAN_POINT('',(-163.007487229574,-8.74999999999998,-41.8924550608066));
#2389=DIRECTION('',(-0.258819045102521,-3.55294239310697E-33,0.965925826289068));
#2390=DIRECTION('',(-0.965925826289068,1.22464679914735E-16,-0.258819045102521));
#2391=FACE_OUTER_BOUND('',#2392,.T.);
#2392=EDGE_LOOP('',(#3954));
#2393=FACE_OUTER_BOUND('',#2394,.T.);
#2394=EDGE_LOOP('',(#3955));
#2395=CYLINDRICAL_SURFACE('',#2396,2.5);
#2396=AXIS2_PLACEMENT_3D('',#2397,#2398,#2399);
#2397=CARTESIAN_POINT('',(-163.007487229574,8.75000000000002,-41.8924550608066));
#2398=DIRECTION('',(-0.258819045102521,-3.55294239310697E-33,0.965925826289068));
#2399=DIRECTION('',(-0.965925826289068,1.22464679914735E-16,-0.258819045102521));
#2400=FACE_BOUND('',#2401,.T.);
#2401=EDGE_LOOP('',(#3956,#3957,#3958,#3959));
#2402=PLANE('',#2403);
#2403=AXIS2_PLACEMENT_3D('',#2404,#2405,#2406);
#2404=CARTESIAN_POINT('',(-157.959638711271,-17.,-190.141732445221));
#2405=DIRECTION('',(-1.,-6.84227765783602E-49,-9.90301792737992E-17));
#2406=DIRECTION('',(-9.90301792737992E-17,-6.18938620461245E-17,1.));
#2407=FACE_BOUND('',#2408,.T.);
#2408=EDGE_LOOP('',(#3960,#3961,#3962,#3963));
#2409=CYLINDRICAL_SURFACE('',#2410,1.5);
#2410=AXIS2_PLACEMENT_3D('',#2411,#2412,#2413);
#2411=CARTESIAN_POINT('',(-172.148497617125,-13.5,-39.1654005101052));
#2412=DIRECTION('',(-0.258819045102521,0.,0.965925826289068));
#2413=DIRECTION('',(-7.97547758625049E-34,-1.,-2.13702277848834E-34));
#2414=FACE_BOUND('',#2415,.T.);
#2415=EDGE_LOOP('',(#3964,#3965,#3966,#3967,#3968,#3969));
#2416=CYLINDRICAL_SURFACE('',#2417,6.25);
#2417=AXIS2_PLACEMENT_3D('',#2418,#2419,#2420);
#2418=CARTESIAN_POINT('',(-166.233434107664,-8.74999999999998,-37.5804640195663));
#2419=DIRECTION('',(0.258819045102521,0.,-0.965925826289068));
#2420=DIRECTION('',(-0.763234001220787,-0.612903225806451,-0.204507934263085));
#2421=FACE_BOUND('',#2422,.T.);
#2422=EDGE_LOOP('',(#3970,#3971,#3972,#3973));
#2423=CYLINDRICAL_SURFACE('',#2424,4.);
#2424=AXIS2_PLACEMENT_3D('',#2425,#2426,#2427);
#2425=CARTESIAN_POINT('',(-172.028989065399,-0.439614930702644,-39.1333782901814));
#2426=DIRECTION('',(-0.258819045102521,0.,0.965925826289068));
#2427=DIRECTION('',(0.565419995876528,-0.810769275053398,0.151503831279525));
#2428=FACE_BOUND('',#2429,.T.);
#2429=EDGE_LOOP('',(#3974,#3975,#3976,#3977));
#2430=PLANE('',#2431);
#2431=AXIS2_PLACEMENT_3D('',#2432,#2433,#2434);
#2432=CARTESIAN_POINT('',(-168.165285760242,-0.439614930702645,-38.0981021097713));
#2433=DIRECTION('',(-0.965925826289067,0.,-0.258819045102527));
#2434=DIRECTION('',(0.,1.,0.));
#2435=FACE_BOUND('',#2436,.T.);
#2436=EDGE_LOOP('',(#3978,#3979,#3980,#3981,#3982));
#2437=CYLINDRICAL_SURFACE('',#2438,4.);
#2438=AXIS2_PLACEMENT_3D('',#2439,#2440,#2441);
#2439=CARTESIAN_POINT('',(-172.028989065399,0.439614930702716,-39.1333782901814));
#2440=DIRECTION('',(-0.258819045102521,0.,0.965925826289068));
#2441=DIRECTION('',(0.965925826289068,1.2490009027033E-16,0.258819045102521));
#2442=FACE_BOUND('',#2443,.T.);
#2443=EDGE_LOOP('',(#3983,#3984,#3985,#3986,#3987));
#2444=CYLINDRICAL_SURFACE('',#2445,6.25);
#2445=AXIS2_PLACEMENT_3D('',#2446,#2447,#2448);
#2446=CARTESIAN_POINT('',(-166.233434107664,8.75000000000002,-37.5804640195663));
#2447=DIRECTION('',(0.258819045102521,0.,-0.965925826289068));
#2448=DIRECTION('',(-0.565419995876532,-0.810769275053395,-0.151503831279526));
#2449=FACE_BOUND('',#2450,.T.);
#2450=EDGE_LOOP('',(#3988,#3989,#3990,#3991,#3992,#3993));
#2451=CYLINDRICAL_SURFACE('',#2452,5.1);
#2452=AXIS2_PLACEMENT_3D('',#2453,#2454,#2455);
#2453=CARTESIAN_POINT('',(-245.959638711274,5.00000000000003,-45.));
#2454=DIRECTION('',(1.28635124736305E-16,1.,7.12642219874121E-17));
#2455=DIRECTION('',(-1.,1.28635124736305E-16,-1.22464679914735E-16));
#2456=FACE_BOUND('',#2457,.T.);
#2457=EDGE_LOOP('',(#3994,#3995,#3996,#3997,#3998,#3999,#4000,#4001,#4002,#4003));
#2458=PLANE('',#2459);
#2459=AXIS2_PLACEMENT_3D('',#2460,#2461,#2462);
#2460=CARTESIAN_POINT('',(-251.059638711274,5.00000000000003,-80.));
#2461=DIRECTION('',(-1.,0.,0.));
#2462=DIRECTION('',(0.,-5.07530525542929E-17,1.));
#2463=FACE_BOUND('',#2464,.T.);
#2464=EDGE_LOOP('',(#4004,#4005,#4006,#4007,#4008,#4009,#4010,#4011));
#2465=CYLINDRICAL_SURFACE('',#2466,5.1);
#2466=AXIS2_PLACEMENT_3D('',#2467,#2468,#2469);
#2467=CARTESIAN_POINT('',(-245.959638711274,5.00000000000003,-80.));
#2468=DIRECTION('',(1.28635124736305E-16,1.,7.12642219874121E-17));
#2469=DIRECTION('',(1.,-1.28635124736305E-16,1.22464679914735E-16));
#2470=FACE_BOUND('',#2471,.T.);
#2471=EDGE_LOOP('',(#4012,#4013,#4014,#4015,#4016,#4017,#4018,#4019,#4020,#4021));
#2472=PLANE('',#2473);
#2473=AXIS2_PLACEMENT_3D('',#2474,#2475,#2476);
#2474=CARTESIAN_POINT('',(-240.859638711274,5.00000000000003,-45.));
#2475=DIRECTION('',(1.,0.,0.));
#2476=DIRECTION('',(0.,5.07530525542929E-17,-1.));
#2477=FACE_BOUND('',#2478,.T.);
#2478=EDGE_LOOP('',(#4022,#4023,#4024,#4025,#4026,#4027));
#2479=CYLINDRICAL_SURFACE('',#2480,10.);
#2480=AXIS2_PLACEMENT_3D('',#2481,#2482,#2483);
#2481=CARTESIAN_POINT('',(-227.959638711271,24.5204166702127,-53.2559006404402));
#2482=DIRECTION('',(1.22464679914735E-16,-1.,-6.12323399573677E-17));
#2483=DIRECTION('',(-1.22464679914735E-16,-6.12323399573677E-17,1.));
#2484=FACE_BOUND('',#2485,.T.);
#2485=EDGE_LOOP('',(#4028,#4029,#4030));
#2486=PLANE('',#2487);
#2487=AXIS2_PLACEMENT_3D('',#2488,#2489,#2490);
#2488=CARTESIAN_POINT('',(-236.459638711269,-11.4999999999999,-125.255900640442));
#2489=DIRECTION('',(1.76313036022789E-30,-1.,-6.49886648561067E-17));
#2490=DIRECTION('',(1.,0.,2.71298135472038E-14));
#2491=FACE_BOUND('',#2492,.T.);
#2492=EDGE_LOOP('',(#4031,#4032,#4033,#4034,#4035,#4036,#4037,#4038,#4039,#4040,
#4041,#4042));
#2493=CYLINDRICAL_SURFACE('',#2494,5.5);
#2494=AXIS2_PLACEMENT_3D('',#2495,#2496,#2497);
#2495=CARTESIAN_POINT('',(-236.459638711269,-5.99999999999993,-125.255900640442));
#2496=DIRECTION('',(-2.67972779523024E-14,-7.25043607918469E-17,1.));
#2497=DIRECTION('',(0.,1.,7.25043607918469E-17));
#2498=FACE_BOUND('',#2499,.T.);
#2499=EDGE_LOOP('',(#4043,#4044,#4045,#4046));
#2500=CONICAL_SURFACE('',#2501,5.35,0.785398163397449);
#2501=AXIS2_PLACEMENT_3D('',#2502,#2503,#2504);
#2502=CARTESIAN_POINT('',(-240.209638711274,-14.75,-33.2559006404409));
#2503=DIRECTION('',(-1.28635124736305E-16,-1.,-7.12642219874122E-17));
#2504=DIRECTION('',(0.177623900230977,-9.29796826265873E-17,0.98409844531263));
#2505=FACE_BOUND('',#2506,.T.);
#2506=EDGE_LOOP('',(#4047,#4048,#4049));
#2507=PLANE('',#2508);
#2508=AXIS2_PLACEMENT_3D('',#2509,#2510,#2511);
#2509=CARTESIAN_POINT('',(-225.459638711269,-0.499999999999929,-125.255900640442));
#2510=DIRECTION('',(-1.96515571400401E-30,1.,7.24352827042023E-17));
#2511=DIRECTION('',(-1.,0.,-2.71298135472038E-14));
#2512=FACE_BOUND('',#2513,.T.);
#2513=EDGE_LOOP('',(#4050,#4051,#4052,#4053,#4054,#4055,#4056,#4057));
#2514=CYLINDRICAL_SURFACE('',#2515,10.);
#2515=AXIS2_PLACEMENT_3D('',#2516,#2517,#2518);
#2516=CARTESIAN_POINT('',(-227.959638711271,24.5204166702127,-53.2559006404402));
#2517=DIRECTION('',(1.22464679914735E-16,-1.,-6.12323399573677E-17));
#2518=DIRECTION('',(-1.22464679914735E-16,-6.12323399573677E-17,1.));
#2519=FACE_BOUND('',#2520,.T.);
#2520=EDGE_LOOP('',(#4058,#4059,#4060,#4061,#4062,#4063,#4064,#4065,#4066,#4067,
#4068,#4069,#4070,#4071,#4072));
#2521=CYLINDRICAL_SURFACE('',#2522,5.5);
#2522=AXIS2_PLACEMENT_3D('',#2523,#2524,#2525);
#2523=CARTESIAN_POINT('',(-133.959638711271,6.00000000000003,-45.));
#2524=DIRECTION('',(-1.,0.,0.));
#2525=DIRECTION('',(0.,-1.,0.));
#2526=FACE_BOUND('',#2527,.T.);
#2527=EDGE_LOOP('',(#4073,#4074,#4075,#4076,#4077,#4078));
#2528=PLANE('',#2529);
#2529=AXIS2_PLACEMENT_3D('',#2530,#2531,#2532);
#2530=CARTESIAN_POINT('',(-171.959638711271,-15.,-43.2559006404384));
#2531=DIRECTION('',(-0.258819045102521,-3.08148791101958E-33,0.965925826289068));
#2532=DIRECTION('',(0.965925826289068,-1.09514202484996E-16,0.258819045102521));
#2533=FACE_BOUND('',#2534,.T.);
#2534=EDGE_LOOP('',(#4079,#4080,#4081,#4082));
#2535=B_SPLINE_SURFACE_WITH_KNOTS('',3,3,(
(#2536,#2537,#2538,#2539,#2540,#2541,#2542,#2543,#2544,#2545,#2546,#2547),
(#2548,#2549,#2550,#2551,#2552,#2553,#2554,#2555,#2556,#2557,#2558,#2559),
(#2560,#2561,#2562,#2563,#2564,#2565,#2566,#2567,#2568,#2569,#2570,#2571),
(#2572,#2573,#2574,#2575,#2576,#2577,#2578,#2579,#2580,#2581,#2582,#2583),
(#2584,#2585,#2586,#2587,#2588,#2589,#2590,#2591,#2592,#2593,#2594,#2595),
(#2596,#2597,#2598,#2599,#2600,#2601,#2602,#2603,#2604,#2605,#2606,#2607)),
.UNSPECIFIED.,.F.,.F.,.F.,
(4,1,1,4),
(4,1,1,1,1,1,1,1,1,4),
(-2.99881579106121E-6,0.36068037542457,0.776565457712436,1.00000300058956),
(0.,0.0891426937568416,0.207999618765964,0.326856543775086,0.445713468784208,0.56457039379333,
0.683427318802452,0.802284243811574,0.921141168820696,1.),
.UNSPECIFIED.);
#2536=CARTESIAN_POINT('',(-171.959638711278,-10.6374699290991,-43.2559006404402));
#2537=CARTESIAN_POINT('',(-171.920446403904,-10.6265290983403,-43.2453950466015));
#2538=CARTESIAN_POINT('',(-171.828200418201,-10.600332307544,-43.2142828633217));
#2539=CARTESIAN_POINT('',(-171.684965436853,-10.5577668709192,-43.1389146407388));
#2540=CARTESIAN_POINT('',(-171.540285174887,-10.5119755129585,-43.022715329527));
#2541=CARTESIAN_POINT('',(-171.417134938929,-10.4696228958821,-42.8754391585611));
#2542=CARTESIAN_POINT('',(-171.324055729818,-10.4334184639909,-42.7040348407292));
#2543=CARTESIAN_POINT('',(-171.266384521103,-10.4054522545718,-42.5185330885856));
#2544=CARTESIAN_POINT('',(-171.24525305209,-10.386800150593,-42.3301267551465));
#2545=CARTESIAN_POINT('',(-171.256377451392,-10.3784805462007,-42.1693963106329));
#2546=CARTESIAN_POINT('',(-171.276218197693,-10.3771296092638,-42.0759915578306));
#2547=CARTESIAN_POINT('',(-171.285837357132,-10.3771287347949,-42.0400797407638));
#2548=CARTESIAN_POINT('',(-171.959638711277,-10.1836199692542,-43.2559006404402));
#2549=CARTESIAN_POINT('',(-171.923410410336,-10.1758579922786,-43.2410611258405));
#2550=CARTESIAN_POINT('',(-171.839100096204,-10.1575265355139,-43.2005748035416));
#2551=CARTESIAN_POINT('',(-171.711508161318,-10.128631191658,-43.114496433649));
#2552=CARTESIAN_POINT('',(-171.585948666329,-10.0984199866572,-42.9932847393748));
#2553=CARTESIAN_POINT('',(-171.481387268546,-10.0710260040188,-42.8482081233138));
#2554=CARTESIAN_POINT('',(-171.40380139552,-10.0478188979971,-42.6852886087359));
#2555=CARTESIAN_POINT('',(-171.356770158646,-10.0298268918172,-42.5123769725601));
#2556=CARTESIAN_POINT('',(-171.340947861506,-10.017592663563,-42.3379443906208));
#2557=CARTESIAN_POINT('',(-171.352709421355,-10.0118599970945,-42.1886920219137));
#2558=CARTESIAN_POINT('',(-171.371503317215,-10.0107413031395,-42.1012512537436));
#2559=CARTESIAN_POINT('',(-171.380554818803,-10.0106494323411,-42.0674970745508));
#2560=CARTESIAN_POINT('',(-171.959638711278,-9.20645942351381,-43.2559006404402));
#2561=CARTESIAN_POINT('',(-171.929292771288,-9.20444600945076,-43.2372345708133));
#2562=CARTESIAN_POINT('',(-171.85953903045,-9.19981050690028,-43.1891667650396));
#2563=CARTESIAN_POINT('',(-171.756755409216,-9.19290702426422,-43.0970243201696));
#2564=CARTESIAN_POINT('',(-171.658262959447,-9.18609770896508,-42.9771932788183));
#2565=CARTESIAN_POINT('',(-171.578168642858,-9.18023238042593,-42.8411071588222));
#2566=CARTESIAN_POINT('',(-171.520200218984,-9.17548828060139,-42.6933019227473));
#2567=CARTESIAN_POINT('',(-171.48651015806,-9.17198185921697,-42.5393258294042));
#2568=CARTESIAN_POINT('',(-171.477402222194,-9.16976009885625,-42.3850363108537));
#2569=CARTESIAN_POINT('',(-171.489841622827,-9.16890930824068,-42.2526181012305));
#2570=CARTESIAN_POINT('',(-171.506958165242,-9.16892351739542,-42.1743411358106));
#2571=CARTESIAN_POINT('',(-171.515090740964,-9.16900984661925,-42.1439804405935));
#2572=CARTESIAN_POINT('',(-171.959638711277,-7.94814613521578,-43.2559006404402));
#2573=CARTESIAN_POINT('',(-171.927458821261,-7.95192512008415,-43.238008750561));
#2574=CARTESIAN_POINT('',(-171.853266559632,-7.9606958954525,-43.1913369294871));
#2575=CARTESIAN_POINT('',(-171.74326291273,-7.9739990773057,-43.0997378501353));
#2576=CARTESIAN_POINT('',(-171.637218426898,-7.98738094141528,-42.9784275419033));
#2577=CARTESIAN_POINT('',(-171.550499828862,-7.99912477375219,-42.8390218730467));
#2578=CARTESIAN_POINT('',(-171.487309959415,-8.00880520383728,-42.6864904735984));
#2579=CARTESIAN_POINT('',(-171.450083986627,-8.01612415151222,-42.5269428651686));
#2580=CARTESIAN_POINT('',(-171.439188274208,-8.02093913051255,-42.3668368217784));
#2581=CARTESIAN_POINT('',(-171.451461077061,-8.02300591543635,-42.2295310267131));
#2582=CARTESIAN_POINT('',(-171.469066397937,-8.02322312924336,-42.1485463784164));
#2583=CARTESIAN_POINT('',(-171.47746802361,-8.02315200374042,-42.1171741442612));
#2584=CARTESIAN_POINT('',(-171.959638711278,-7.14368280676271,-43.2559006404402));
#2585=CARTESIAN_POINT('',(-171.922243360397,-7.15270335436898,-43.2426844202392));
#2586=CARTESIAN_POINT('',(-171.834830653056,-7.17413515077263,-43.2056937877876));
#2587=CARTESIAN_POINT('',(-171.701203651876,-7.20836395408825,-43.1235565408389));
#2588=CARTESIAN_POINT('',(-171.568344217977,-7.24459647689413,-43.0041191367951));
#2589=CARTESIAN_POINT('',(-171.456734836348,-7.27773843528796,-42.8581214565492));
#2590=CARTESIAN_POINT('',(-171.373297848958,-7.30593630720977,-42.6919496334841));
#2591=CARTESIAN_POINT('',(-171.32225500286,-7.32778123941175,-42.5142681546007));
#2592=CARTESIAN_POINT('',(-171.304433654922,-7.34253643431711,-42.3345543614701));
#2593=CARTESIAN_POINT('',(-171.315964604439,-7.34933542729931,-42.1809584940524));
#2594=CARTESIAN_POINT('',(-171.335166724721,-7.35059224928583,-42.0912553732113));
#2595=CARTESIAN_POINT('',(-171.344438991327,-7.35066832562356,-42.0566819690211));
#2596=CARTESIAN_POINT('',(-171.959638711278,-6.86253006420502,-43.2559006404402));
#2597=CARTESIAN_POINT('',(-171.920446404358,-6.87347089469002,-43.2453950475273));
#2598=CARTESIAN_POINT('',(-171.828200419462,-6.89966768511572,-43.2142828664741));
#2599=CARTESIAN_POINT('',(-171.68496543846,-6.94223312227713,-43.1389146474418));
#2600=CARTESIAN_POINT('',(-171.54028517597,-6.98802448230843,-43.0227153399041));
#2601=CARTESIAN_POINT('',(-171.417134939016,-7.03037710285038,-42.875439172316));
#2602=CARTESIAN_POINT('',(-171.324055728907,-7.06658153933886,-42.7040348577006));
#2603=CARTESIAN_POINT('',(-171.266384519514,-7.09454775411257,-42.5185331089251));
#2604=CARTESIAN_POINT('',(-171.245253050215,-7.11319986380839,-42.330126779345));
#2605=CARTESIAN_POINT('',(-171.256377449469,-7.12151947329663,-42.1693963388763));
#2606=CARTESIAN_POINT('',(-171.276218195722,-7.12287041331392,-42.0759915889196));
#2607=CARTESIAN_POINT('',(-171.285837355125,-7.12287128898769,-42.0400797730295));
#2608=FACE_BOUND('',#2609,.T.);
#2609=EDGE_LOOP('',(#4083,#4084,#4085,#4086));
#2610=PLANE('',#2611);
#2611=AXIS2_PLACEMENT_3D('',#2612,#2613,#2614);
#2612=CARTESIAN_POINT('',(-171.959638711271,-15.,-43.2559006404384));
#2613=DIRECTION('',(-0.258819045102521,-3.08148791101958E-33,0.965925826289068));
#2614=DIRECTION('',(0.965925826289068,-1.09514202484996E-16,0.258819045102521));
#2615=FACE_BOUND('',#2616,.T.);
#2616=EDGE_LOOP('',(#4087,#4088,#4089,#4090));
#2617=CYLINDRICAL_SURFACE('',#2618,1.);
#2618=AXIS2_PLACEMENT_3D('',#2619,#2620,#2621);
#2619=CARTESIAN_POINT('',(-231.959638711271,-14.,-42.2559006404402));
#2620=DIRECTION('',(-1.,1.38777878078144E-16,-1.11022302462515E-16));
#2621=DIRECTION('',(1.11022302462515E-16,1.77635683940025E-15,-1.));
#2622=FACE_BOUND('',#2623,.T.);
#2623=EDGE_LOOP('',(#4091,#4092,#4093,#4094));
#2624=CONICAL_SURFACE('',#2625,5.35,0.785398163397438);
#2625=AXIS2_PLACEMENT_3D('',#2626,#2627,#2628);
#2626=CARTESIAN_POINT('',(-180.209638711274,-14.75,-33.2559006404409));
#2627=DIRECTION('',(-1.28635124736305E-16,-1.,-7.12642219874122E-17));
#2628=DIRECTION('',(-0.177623900230977,9.29796826265873E-17,-0.98409844531263));
#2629=FACE_BOUND('',#2630,.T.);
#2630=EDGE_LOOP('',(#4095,#4096,#4097,#4098));
#2631=TOROIDAL_SURFACE('',#2632,7.25,1.);
#2632=AXIS2_PLACEMENT_3D('',#2633,#2634,#2635);
#2633=CARTESIAN_POINT('',(-165.456976972357,8.75000000000002,-40.4782414984335));
#2634=DIRECTION('',(0.258819045102521,3.08148791101958E-33,-0.965925826289068));
#2635=DIRECTION('',(-0.965494225283892,0.0298906812654218,-0.258703397961732));
#2636=FACE_BOUND('',#2637,.T.);
#2637=EDGE_LOOP('',(#4099,#4100,#4101));
#2638=PLANE('',#2639);
#2639=AXIS2_PLACEMENT_3D('',#2640,#2641,#2642);
#2640=CARTESIAN_POINT('',(-133.959638711271,11.5,-45.));
#2641=DIRECTION('',(0.,1.,0.));
#2642=DIRECTION('',(0.,0.,-1.));
#2643=FACE_BOUND('',#2644,.T.);
#2644=EDGE_LOOP('',(#4102,#4103,#4104,#4105,#4106,#4107));
#2645=CYLINDRICAL_SURFACE('',#2646,7.);
#2646=AXIS2_PLACEMENT_3D('',#2647,#2648,#2649);
#2647=CARTESIAN_POINT('',(-230.959638711271,6.60050506338836,-20.6403983298535));
#2648=DIRECTION('',(0.,0.,1.));
#2649=DIRECTION('',(-0.707106781186546,0.707106781186549,0.));
#2650=FACE_BOUND('',#2651,.T.);
#2651=EDGE_LOOP('',(#4108,#4109,#4110,#4111,#4112));
#2652=FACE_BOUND('',#2653,.T.);
#2653=EDGE_LOOP('',(#4113,#4114,#4115,#4116,#4117,#4118,#4119,#4120));
#2654=FACE_OUTER_BOUND('',#2655,.T.);
#2655=EDGE_LOOP('',(#4121));
#2656=CYLINDRICAL_SURFACE('',#2657,5.05);
#2657=AXIS2_PLACEMENT_3D('',#2658,#2659,#2660);
#2658=CARTESIAN_POINT('',(-93.9596387112709,6.00000000000003,-45.));
#2659=DIRECTION('',(-1.,0.,0.));
#2660=DIRECTION('',(0.,0.,-1.));
#2661=FACE_BOUND('',#2662,.T.);
#2662=EDGE_LOOP('',(#4122,#4123,#4124,#4125,#4126,#4127));
#2663=CYLINDRICAL_SURFACE('',#2664,7.);
#2664=AXIS2_PLACEMENT_3D('',#2665,#2666,#2667);
#2665=CARTESIAN_POINT('',(-230.959638711271,5.39949493661152,-81.2559006404402));
#2666=DIRECTION('',(2.34442579431039E-15,-6.12481238763588E-15,-1.));
#2667=DIRECTION('',(-0.707106781186546,-0.707106781186549,2.67313699564718E-15));
#2668=FACE_BOUND('',#2669,.T.);
#2669=EDGE_LOOP('',(#4128,#4129,#4130));
#2670=FACE_BOUND('',#2671,.T.);
#2671=EDGE_LOOP('',(#4131,#4132,#4133,#4134,#4135,#4136,#4137,#4138));
#2672=FACE_BOUND('',#2673,.T.);
#2673=EDGE_LOOP('',(#4139,#4140,#4141));
#2674=CYLINDRICAL_SURFACE('',#2675,5.05);
#2675=AXIS2_PLACEMENT_3D('',#2676,#2677,#2678);
#2676=CARTESIAN_POINT('',(-93.9596387112709,6.00000000000003,-80.));
#2677=DIRECTION('',(-1.,0.,0.));
#2678=DIRECTION('',(0.,0.,-1.));
#2679=FACE_OUTER_BOUND('',#2680,.T.);
#2680=EDGE_LOOP('',(#4142));
#2681=FACE_BOUND('',#2682,.T.);
#2682=EDGE_LOOP('',(#4143,#4144,#4145,#4146,#4147,#4148));
#2683=FACE_OUTER_BOUND('',#2684,.T.);
#2684=EDGE_LOOP('',(#4149));
#2685=CYLINDRICAL_SURFACE('',#2686,5.05);
#2686=AXIS2_PLACEMENT_3D('',#2687,#2688,#2689);
#2687=CARTESIAN_POINT('',(-93.9596387112709,6.00000000000003,-62.5));
#2688=DIRECTION('',(-1.,0.,0.));
#2689=DIRECTION('',(0.,0.,-1.));
#2690=FACE_BOUND('',#2691,.T.);
#2691=EDGE_LOOP('',(#4150,#4151,#4152,#4153));
#2692=CYLINDRICAL_SURFACE('',#2693,5.);
#2693=AXIS2_PLACEMENT_3D('',#2694,#2695,#2696);
#2694=CARTESIAN_POINT('',(-242.959638711271,24.5204166702127,-81.1592521587644));
#2695=DIRECTION('',(-1.22464679914735E-16,1.,6.12323399573677E-17));
#2696=DIRECTION('',(1.,1.22464679914735E-16,1.22464679914735E-16));
#2697=FACE_BOUND('',#2698,.T.);
#2698=EDGE_LOOP('',(#4154,#4155,#4156,#4157));
#2699=CYLINDRICAL_SURFACE('',#2700,1.);
#2700=AXIS2_PLACEMENT_3D('',#2701,#2702,#2703);
#2701=CARTESIAN_POINT('',(-251.08023525098,-14.,-88.948410832834));
#2702=DIRECTION('',(-0.920616689438983,0.,-0.390467554511776));
#2703=DIRECTION('',(0.390467554511776,0.,-0.920616689438983));
#2704=FACE_BOUND('',#2705,.T.);
#2705=EDGE_LOOP('',(#4158,#4159,#4160,#4161,#4162));
#2706=B_SPLINE_SURFACE_WITH_KNOTS('',3,1,(
(#2707,#2708),
(#2709,#2710),
(#2711,#2712),
(#2713,#2714),
(#2715,#2716),
(#2717,#2718),
(#2719,#2720),
(#2721,#2722),
(#2723,#2724),
(#2725,#2726),
(#2727,#2728),
(#2729,#2730),
(#2731,#2732),
(#2733,#2734),
(#2735,#2736),
(#2737,#2738),
(#2739,#2740),
(#2741,#2742),
(#2743,#2744),
(#2745,#2746),
(#2747,#2748),
(#2749,#2750),
(#2751,#2752),
(#2753,#2754),
(#2755,#2756),
(#2757,#2758),
(#2759,#2760),
(#2761,#2762),
(#2763,#2764),
(#2765,#2766),
(#2767,#2768),
(#2769,#2770),
(#2771,#2772),
(#2773,#2774),
(#2775,#2776),
(#2777,#2778),
(#2779,#2780),
(#2781,#2782)),
.UNSPECIFIED.,.F.,.F.,.F.,
(4,1,1,1,1,1,1,1,1,1,1,1,1,1,1,1,1,1,1,1,1,1,1,1,1,1,1,1,1,1,1,1,1,1,1,4),
(2,2),
(-12.558259284752,-10.3723592651447,-9.42143947934463,-8.54740264339545,-7.80961305171154,
-7.18227761095174,-6.63465257889666,-6.09385184306849,-5.53311509738963,-4.94172997783802,
-4.28799025387674,-3.55891973921635,-2.76368960424646,-1.89258165558898,-0.982143125713823,
0.0350068718699372,1.1654746368673,2.37807058168651,3.56268394027626,4.65962435744197,
5.71973300629219,6.69248954226687,7.54917582707959,8.24351550982934,8.86233554540922,
9.44274129233035,10.0133828880618,10.5986538355665,11.1993606712849,11.8442524694002,
12.4915366703295,13.127120800795,13.7019830266637,14.2472585617826,14.8181816226395,
15.9409365934062),
(0.,1.),
.UNSPECIFIED.);
#2707=CARTESIAN_POINT('',(-253.459637763531,9.76073515926059,-83.3703666064542));
#2708=CARTESIAN_POINT('',(-253.959638707742,10.1332537229944,-83.7038860144343));
#2709=CARTESIAN_POINT('',(-253.483887069806,9.62048476781166,-83.5269116781798));
#2710=CARTESIAN_POINT('',(-253.959620106182,9.9697817412781,-83.8862816707017));
#2711=CARTESIAN_POINT('',(-253.505977455309,9.40271269973552,-83.7414917691303));
#2712=CARTESIAN_POINT('',(-253.945410466936,9.71970093038329,-84.1296772375681));
#2713=CARTESIAN_POINT('',(-253.515237481721,9.09781779131553,-83.9912731888779));
#2714=CARTESIAN_POINT('',(-253.911310498396,9.37514733525014,-84.4055221007535));
#2715=CARTESIAN_POINT('',(-253.51617231372,8.89395031003078,-84.1408499378318));
#2716=CARTESIAN_POINT('',(-253.885160198632,9.14711283085047,-84.5681863840075));
#2717=CARTESIAN_POINT('',(-253.512798273192,8.70919501561549,-84.2633948097531));
#2718=CARTESIAN_POINT('',(-253.859929201934,8.94155956434306,-84.6999803340008));
#2719=CARTESIAN_POINT('',(-253.507480739398,8.54687793269407,-84.3618974408912));
#2720=CARTESIAN_POINT('',(-253.837251119069,8.7617919089651,-84.8049619516837));
#2721=CARTESIAN_POINT('',(-253.501608453583,8.3980975305749,-84.4452682012579));
#2722=CARTESIAN_POINT('',(-253.816433259915,8.5978128339224,-84.8931369375341));
#2723=CARTESIAN_POINT('',(-253.495885217432,8.25252974248073,-84.5207986029694));
#2724=CARTESIAN_POINT('',(-253.796319880822,8.43835837344001,-84.9723868027518));
#2725=CARTESIAN_POINT('',(-253.488485602172,8.10043238273976,-84.5935359483567));
#2726=CARTESIAN_POINT('',(-253.775733587584,8.2718074364758,-85.048411043707));
#2727=CARTESIAN_POINT('',(-253.479615721512,7.93542666484702,-84.6656410038922));
#2728=CARTESIAN_POINT('',(-253.754162052751,8.0914374422094,-85.1234232159037));
#2729=CARTESIAN_POINT('',(-253.469714902367,7.75206882458467,-84.7378333101693));
#2730=CARTESIAN_POINT('',(-253.731432086144,7.89170117917526,-85.198065635662));
#2731=CARTESIAN_POINT('',(-253.459689191439,7.54653302649777,-84.80917390628));
#2732=CARTESIAN_POINT('',(-253.707899883925,7.66895229113765,-85.2712156930058));
#2733=CARTESIAN_POINT('',(-253.447867785901,7.31684950190602,-84.8774247537137));
#2734=CARTESIAN_POINT('',(-253.68421597622,7.41971025653944,-85.3411586098939));
#2735=CARTESIAN_POINT('',(-253.437109618701,7.06625861743518,-84.9385690711218));
#2736=CARTESIAN_POINT('',(-253.662181774367,7.14910842909476,-85.4032872724333));
#2737=CARTESIAN_POINT('',(-253.426897355633,6.79069010736256,-84.9905241519788));
#2738=CARTESIAN_POINT('',(-253.642752815831,6.85153512273516,-85.4560049249087));
#2739=CARTESIAN_POINT('',(-253.418935468195,6.48657855457081,-85.0299672389559));
#2740=CARTESIAN_POINT('',(-253.627616330692,6.52386063758077,-85.4958215682765));
#2741=CARTESIAN_POINT('',(-253.414297077557,6.15011755931336,-85.0518748592783));
#2742=CARTESIAN_POINT('',(-253.619041373979,6.16159470208377,-85.5179032748752));
#2743=CARTESIAN_POINT('',(-253.414658307802,5.7960457119366,-85.0501783075144));
#2744=CARTESIAN_POINT('',(-253.619709116916,5.78047025383674,-85.5161955219115));
#2745=CARTESIAN_POINT('',(-253.420283761007,5.44644481746812,-85.0234816619645));
#2746=CARTESIAN_POINT('',(-253.630138905226,5.40398680047351,-85.489282727519));
#2747=CARTESIAN_POINT('',(-253.429958394139,5.11484171146673,-84.9753430565901));
#2748=CARTESIAN_POINT('',(-253.648519304672,5.0465483213072,-85.4406348244801));
#2749=CARTESIAN_POINT('',(-253.442228180266,4.80813561168495,-84.9105008073871));
#2750=CARTESIAN_POINT('',(-253.672457432452,4.71532796877309,-85.3748151862964));
#2751=CARTESIAN_POINT('',(-253.455354322774,4.52947478663897,-84.8337532724929));
#2752=CARTESIAN_POINT('',(-253.699533569193,4.41378469589133,-85.2965318518472));
#2753=CARTESIAN_POINT('',(-253.46788261035,4.29034216221314,-84.7536955523911));
#2754=CARTESIAN_POINT('',(-253.726359558304,4.15417127245864,-85.21431996763));
#2755=CARTESIAN_POINT('',(-253.478359743745,4.08838782681775,-84.6755869767504));
#2756=CARTESIAN_POINT('',(-253.751125816822,3.93446261243516,-85.1336969892793));
#2757=CARTESIAN_POINT('',(-253.487294777351,3.91512439137292,-84.6007070684004));
#2758=CARTESIAN_POINT('',(-253.773633789518,3.74541057828086,-85.0559610165236));
#2759=CARTESIAN_POINT('',(-253.495515501421,3.75590813081752,-84.5250845537997));
#2760=CARTESIAN_POINT('',(-253.795152902596,3.57090902498221,-84.9768991472139));
#2761=CARTESIAN_POINT('',(-253.50193896722,3.60256773197059,-84.4457527430314));
#2762=CARTESIAN_POINT('',(-253.816352642694,3.40274103158483,-84.8935891361812));
#2763=CARTESIAN_POINT('',(-253.50756386041,3.45035709408895,-84.3603016632303));
#2764=CARTESIAN_POINT('',(-253.837643470535,3.23515149534691,-84.8032566869054));
#2765=CARTESIAN_POINT('',(-253.512576028533,3.29506475570136,-84.2658274346996));
#2766=CARTESIAN_POINT('',(-253.859323941446,3.06316669924049,-84.7025665006671));
#2767=CARTESIAN_POINT('',(-253.515835462246,3.13850640830383,-84.162524373181));
#2768=CARTESIAN_POINT('',(-253.880731358723,2.88892755175897,-84.591530027563));
#2769=CARTESIAN_POINT('',(-253.515882170432,2.98371416087906,-84.0517299282394));
#2770=CARTESIAN_POINT('',(-253.900944851761,2.71608313330415,-84.4713436739311));
#2771=CARTESIAN_POINT('',(-253.513174862641,2.83905343513638,-83.9397411751129));
#2772=CARTESIAN_POINT('',(-253.918437878743,2.55363847884921,-84.3486455551575));
#2773=CARTESIAN_POINT('',(-253.508587462991,2.70646162458244,-83.8293806361864));
#2774=CARTESIAN_POINT('',(-253.932758556169,2.40351696409354,-84.22648322497));
#2775=CARTESIAN_POINT('',(-253.501221391509,2.58279880026132,-83.7194283699751));
#2776=CARTESIAN_POINT('',(-253.944178585879,2.26279050219367,-84.1034842373013));
#2777=CARTESIAN_POINT('',(-253.48735988114,2.42455691943876,-83.5692822520608));
#2778=CARTESIAN_POINT('',(-253.955677872274,2.08163245802513,-83.9339344295698));
#2779=CARTESIAN_POINT('',(-253.471743377275,2.31138016982803,-83.4508341976));
#2780=CARTESIAN_POINT('',(-253.959654793347,1.95120981114758,-83.7970121794585));
#2781=CARTESIAN_POINT('',(-253.459637763531,2.23926484073947,-83.3703666064542));
#2782=CARTESIAN_POINT('',(-253.959638707742,1.86674627700562,-83.7038860144343));
#2783=FACE_BOUND('',#2784,.T.);
#2784=EDGE_LOOP('',(#4163,#4164,#4165,#4166));
#2785=TOROIDAL_SURFACE('',#2786,4.00000000000002,1.);
#2786=AXIS2_PLACEMENT_3D('',#2787,#2788,#2789);
#2787=CARTESIAN_POINT('',(-248.959638711271,-14.,-83.7040738570309));
#2788=DIRECTION('',(1.28635124736305E-16,1.,7.12642219874122E-17));
#2789=DIRECTION('',(0.784034669005815,-5.66194808567465E-17,-0.620717035207624));
#2790=FACE_BOUND('',#2791,.T.);
#2791=EDGE_LOOP('',(#4167,#4168,#4169,#4170));
#2792=CONICAL_SURFACE('',#2793,5.3,0.785398163397442);
#2793=AXIS2_PLACEMENT_3D('',#2794,#2795,#2796);
#2794=CARTESIAN_POINT('',(-253.709638711271,6.00000000000003,-80.));
#2795=DIRECTION('',(-1.,0.,0.));
#2796=DIRECTION('',(0.,-0.537262879309257,-0.843414843666109));
#2797=FACE_BOUND('',#2798,.T.);
#2798=EDGE_LOOP('',(#4171,#4172,#4173,#4174));
#2799=CYLINDRICAL_SURFACE('',#2800,1.);
#2800=AXIS2_PLACEMENT_3D('',#2801,#2802,#2803);
#2801=CARTESIAN_POINT('',(-252.959638711271,-14.,-31.2559006404402));
#2802=DIRECTION('',(0.,6.29376200566987E-17,-1.));
#2803=DIRECTION('',(0.,-1.,-6.29376200566987E-17));
#2804=FACE_OUTER_BOUND('',#2805,.T.);
#2805=EDGE_LOOP('',(#4175));
#2806=FACE_OUTER_BOUND('',#2807,.T.);
#2807=EDGE_LOOP('',(#4176));
#2808=CONICAL_SURFACE('',#2809,5.3,0.785398163397448);
#2809=AXIS2_PLACEMENT_3D('',#2810,#2811,#2812);
#2810=CARTESIAN_POINT('',(-253.709638711271,6.00000000000003,-45.));
#2811=DIRECTION('',(-1.,0.,0.));
#2812=DIRECTION('',(0.,1.67580833905684E-16,-1.));
#2813=FACE_OUTER_BOUND('',#2814,.T.);
#2814=EDGE_LOOP('',(#4177));
#2815=FACE_OUTER_BOUND('',#2816,.T.);
#2816=EDGE_LOOP('',(#4178));
#2817=CONICAL_SURFACE('',#2818,5.3,0.785398163397448);
#2818=AXIS2_PLACEMENT_3D('',#2819,#2820,#2821);
#2819=CARTESIAN_POINT('',(-253.709638711271,6.00000000000003,-62.5));
#2820=DIRECTION('',(-1.,0.,0.));
#2821=DIRECTION('',(0.,1.67580833905684E-16,-1.));
#2822=FACE_BOUND('',#2823,.T.);
#2823=EDGE_LOOP('',(#4179,#4180,#4181,#4182));
#2824=TOROIDAL_SURFACE('',#2825,8.99999999999999,1.);
#2825=AXIS2_PLACEMENT_3D('',#2826,#2827,#2828);
#2826=CARTESIAN_POINT('',(-243.959638711271,-14.,-35.2559006404402));
#2827=DIRECTION('',(1.28635124736305E-16,1.,7.12642219874122E-17));
#2828=DIRECTION('',(-0.975410085389447,1.41178471718304E-16,-0.220397743456123));
#2829=FACE_BOUND('',#2830,.T.);
#2830=EDGE_LOOP('',(#4183,#4184,#4185,#4186));
#2831=CYLINDRICAL_SURFACE('',#2832,1.);
#2832=AXIS2_PLACEMENT_3D('',#2833,#2834,#2835);
#2833=CARTESIAN_POINT('',(-171.875536874323,-14.,-26.2559006404401));
#2834=DIRECTION('',(-1.,1.16736400674551E-16,-2.68960667154164E-14));
#2835=DIRECTION('',(-1.16736400674739E-16,-1.,7.10542735760023E-15));
#2836=FACE_BOUND('',#2837,.T.);
#2837=EDGE_LOOP('',(#4187,#4188,#4189,#4190));
#2838=B_SPLINE_SURFACE_WITH_KNOTS('',3,3,(
(#2839,#2840,#2841,#2842,#2843,#2844,#2845,#2846,#2847,#2848,#2849,#2850),
(#2851,#2852,#2853,#2854,#2855,#2856,#2857,#2858,#2859,#2860,#2861,#2862),
(#2863,#2864,#2865,#2866,#2867,#2868,#2869,#2870,#2871,#2872,#2873,#2874),
(#2875,#2876,#2877,#2878,#2879,#2880,#2881,#2882,#2883,#2884,#2885,#2886),
(#2887,#2888,#2889,#2890,#2891,#2892,#2893,#2894,#2895,#2896,#2897,#2898),
(#2899,#2900,#2901,#2902,#2903,#2904,#2905,#2906,#2907,#2908,#2909,#2910)),
.UNSPECIFIED.,.F.,.F.,.F.,
(4,1,1,4),
(4,1,1,1,1,1,1,1,1,4),
(2.02068861278202,2.68596705707162,3.48430119021915,4.25123156430868),
(0.,0.0891427297542189,0.207999702759844,0.326856675765469,0.445713648771095,0.56457062177672,
0.683427594782345,0.80228456778797,0.921141540793596,1.),
.UNSPECIFIED.);
#2839=CARTESIAN_POINT('',(-175.607591968378,-13.9999999999828,-25.2559006404402));
#2840=CARTESIAN_POINT('',(-175.607592304651,-14.0420250621804,-25.2559046692184));
#2841=CARTESIAN_POINT('',(-175.607593109807,-14.1426501094218,-25.2620819992715));
#2842=CARTESIAN_POINT('',(-175.607594417973,-14.3061490501183,-25.297810633015));
#2843=CARTESIAN_POINT('',(-175.60759582517,-14.4820390578359,-25.3726050303952));
#2844=CARTESIAN_POINT('',(-175.607597126566,-14.6447203623204,-25.4829897002583));
#2845=CARTESIAN_POINT('',(-175.6075982389,-14.7837856705001,-25.6244632427545));
#2846=CARTESIAN_POINT('',(-175.607599097957,-14.8912069167498,-25.7887180210733));
#2847=CARTESIAN_POINT('',(-175.607599670702,-14.9628515304453,-25.9652354762388));
#2848=CARTESIAN_POINT('',(-175.607599925927,-14.9948077637743,-26.123368195316));
#2849=CARTESIAN_POINT('',(-175.607599967158,-14.999996696845,-26.2187252078799));
#2850=CARTESIAN_POINT('',(-175.607599967071,-14.9999999999486,-26.2559027836836));
#2851=CARTESIAN_POINT('',(-175.493234684474,-14.00016303223,-25.2559006404403));
#2852=CARTESIAN_POINT('',(-175.484218210375,-14.0409937616137,-25.2559041308758));
#2853=CARTESIAN_POINT('',(-175.462621998924,-14.1385815505158,-25.2617294301191));
#2854=CARTESIAN_POINT('',(-175.427516857039,-14.2967012033518,-25.2951616661243));
#2855=CARTESIAN_POINT('',(-175.389758126965,-14.4669191216808,-25.3647648126364));
#2856=CARTESIAN_POINT('',(-175.35487134918,-14.6253830764229,-25.4672783937464));
#2857=CARTESIAN_POINT('',(-175.32511877344,-14.7628912104399,-25.5988903671126));
#2858=CARTESIAN_POINT('',(-175.302245769403,-14.8721496811538,-25.7525558187237));
#2859=CARTESIAN_POINT('',(-175.287150087502,-14.949027755041,-25.919223656836));
#2860=CARTESIAN_POINT('',(-175.280623896355,-14.9880320566642,-26.0703648359319));
#2861=CARTESIAN_POINT('',(-175.279750490411,-14.9983696694037,-26.1625915950091));
#2862=CARTESIAN_POINT('',(-175.279849086293,-15.0004890966901,-26.1987241417313));
#2863=CARTESIAN_POINT('',(-175.239702147738,-13.9162071013836,-25.2559006404402));
#2864=CARTESIAN_POINT('',(-175.212785353955,-13.947813304953,-25.2559031120882));
#2865=CARTESIAN_POINT('',(-175.148619693254,-14.0229943974595,-25.2609468146809));
#2866=CARTESIAN_POINT('',(-175.045051036237,-14.1439720117264,-25.2894504914427));
#2867=CARTESIAN_POINT('',(-174.933434809523,-14.2744812984484,-25.3481682749244));
#2868=CARTESIAN_POINT('',(-174.828593366375,-14.3979445815198,-25.4343216910451));
#2869=CARTESIAN_POINT('',(-174.735789350187,-14.5089198137574,-25.5452960655396));
#2870=CARTESIAN_POINT('',(-174.65933727586,-14.602836900655,-25.676247003825));
#2871=CARTESIAN_POINT('',(-174.601955748928,-14.6766093710549,-25.8207871138354));
#2872=CARTESIAN_POINT('',(-174.568700055655,-14.7230593504597,-25.9549779053647));
#2873=CARTESIAN_POINT('',(-174.556710477349,-14.7423724975951,-26.0387961194554));
#2874=CARTESIAN_POINT('',(-174.553218395322,-14.7486213041507,-26.0719578733633));
#2875=CARTESIAN_POINT('',(-175.038165894392,-13.564917411969,-25.2559006404403));
#2876=CARTESIAN_POINT('',(-174.998820257832,-13.5695961899369,-25.2559025031351));
#2877=CARTESIAN_POINT('',(-174.905393142591,-13.5806844537218,-25.2603239705632));
#2878=CARTESIAN_POINT('',(-174.75541079982,-13.5984400849799,-25.2850719248747));
#2879=CARTESIAN_POINT('',(-174.593470293238,-13.6176316089572,-25.3357329341104));
#2880=CARTESIAN_POINT('',(-174.439425488427,-13.6359957491145,-25.4099049430747));
#2881=CARTESIAN_POINT('',(-174.299351978506,-13.6528972763642,-25.5056336113317));
#2882=CARTESIAN_POINT('',(-174.178431737886,-13.6677884434819,-25.619293572059));
#2883=CARTESIAN_POINT('',(-174.080318465274,-13.6802706626554,-25.7460478940252));
#2884=CARTESIAN_POINT('',(-174.015058857044,-13.6890195805343,-25.8654085373512));
#2885=CARTESIAN_POINT('',(-173.985625591101,-13.6932537015222,-25.9410653497924));
#2886=CARTESIAN_POINT('',(-173.97561037345,-13.6947522359072,-25.9711897466905));
#2887=CARTESIAN_POINT('',(-175.117073911457,-13.2939099288291,-25.2559006404402));
#2888=CARTESIAN_POINT('',(-175.082536631969,-13.2785744686621,-25.2559027350812));
#2889=CARTESIAN_POINT('',(-175.000418766293,-13.2421477400163,-25.2605678579902));
#2890=CARTESIAN_POINT('',(-174.868350067968,-13.1836419676845,-25.286781099029));
#2891=CARTESIAN_POINT('',(-174.725841601122,-13.1204809285479,-25.3405774674695));
#2892=CARTESIAN_POINT('',(-174.590853583052,-13.0604656937917,-25.4194077483904));
#2893=CARTESIAN_POINT('',(-174.46919429433,-13.0060202608819,-25.5210684063874));
#2894=CARTESIAN_POINT('',(-174.365744438953,-12.9592014824243,-25.6414737889217));
#2895=CARTESIAN_POINT('',(-174.283808793485,-12.9214401487265,-25.7751981110001));
#2896=CARTESIAN_POINT('',(-174.231428473375,-12.896557126142,-25.9004087653503));
#2897=CARTESIAN_POINT('',(-174.20910465623,-12.8854740976558,-25.9793084477988));
#2898=CARTESIAN_POINT('',(-174.20176275492,-12.8817297864874,-26.0106437552229));
#2899=CARTESIAN_POINT('',(-175.198574583408,-13.193544937659,-25.2559006404402));
#2900=CARTESIAN_POINT('',(-175.169350288933,-13.1700763981488,-25.2559030132801));
#2901=CARTESIAN_POINT('',(-175.099795118375,-13.1142201902392,-25.2608196170287));
#2902=CARTESIAN_POINT('',(-174.987772995997,-13.0242609405441,-25.2885774171947));
#2903=CARTESIAN_POINT('',(-174.866953276034,-12.9272367892323,-25.3457267233274));
#2904=CARTESIAN_POINT('',(-174.752884923302,-12.8356343164471,-25.429565045339));
#2905=CARTESIAN_POINT('',(-174.650796353231,-12.753652195797,-25.537575413928));
#2906=CARTESIAN_POINT('',(-174.565029825944,-12.684777474786,-25.6650948140818));
#2907=CARTESIAN_POINT('',(-174.498430266307,-12.6312947673799,-25.8059802873766));
#2908=CARTESIAN_POINT('',(-174.457276467396,-12.5982462518425,-25.9369724716842));
#2909=CARTESIAN_POINT('',(-174.440634506829,-12.5848819427119,-26.0189378320374));
#2910=CARTESIAN_POINT('',(-174.435345751157,-12.5806348129772,-26.0513940911984));
#2911=FACE_BOUND('',#2912,.T.);
#2912=EDGE_LOOP('',(#4191,#4192,#4193,#4194));
#2913=B_SPLINE_SURFACE_WITH_KNOTS('',3,3,(
(#2914,#2915,#2916,#2917,#2918,#2919,#2920,#2921,#2922,#2923,#2924,#2925),
(#2926,#2927,#2928,#2929,#2930,#2931,#2932,#2933,#2934,#2935,#2936,#2937),
(#2938,#2939,#2940,#2941,#2942,#2943,#2944,#2945,#2946,#2947,#2948,#2949),
(#2950,#2951,#2952,#2953,#2954,#2955,#2956,#2957,#2958,#2959,#2960,#2961),
(#2962,#2963,#2964,#2965,#2966,#2967,#2968,#2969,#2970,#2971,#2972,#2973),
(#2974,#2975,#2976,#2977,#2978,#2979,#2980,#2981,#2982,#2983,#2984,#2985)),
.UNSPECIFIED.,.F.,.F.,.F.,
(4,1,1,4),
(4,1,1,1,1,1,1,1,1,4),
(0.270948568411148,0.751427444842529,1.32800209656018,1.87614624682075),
(0.,0.091106956459527,0.212582898405563,0.334058840351599,0.455534782297635,0.577010724243671,
0.698486666189707,0.819962608135743,0.941438550081779,1.),
.UNSPECIFIED.);
#2914=CARTESIAN_POINT('',(-175.198564959347,-13.1935569222322,-25.2559006404402));
#2915=CARTESIAN_POINT('',(-175.168696499514,-13.16957144505,-25.2559032732957));
#2916=CARTESIAN_POINT('',(-175.097577252223,-13.1124600609187,-25.2610388050582));
#2917=CARTESIAN_POINT('',(-174.98303297655,-13.0204767740292,-25.2900756364476));
#2918=CARTESIAN_POINT('',(-174.859730271319,-12.9214601445209,-25.3498615299854));
#2919=CARTESIAN_POINT('',(-174.743823399095,-12.8283826422882,-25.4374456110187));
#2920=CARTESIAN_POINT('',(-174.640854364863,-12.7456947021661,-25.5499627344386));
#2921=CARTESIAN_POINT('',(-174.55533268103,-12.677017629284,-25.6822494407597));
#2922=CARTESIAN_POINT('',(-174.490086570529,-12.6246225911807,-25.8276223420365));
#2923=CARTESIAN_POINT('',(-174.453613986398,-12.595333758204,-25.9527996632705));
#2924=CARTESIAN_POINT('',(-174.439259822588,-12.5838068341979,-26.0272895452024));
#2925=CARTESIAN_POINT('',(-174.435331840179,-12.5806525191657,-26.0513929425226));
#2926=CARTESIAN_POINT('',(-175.934688519393,-12.2771777199418,-25.2559006404402));
#2927=CARTESIAN_POINT('',(-175.901424483968,-12.2583980972561,-25.2559030772461));
#2928=CARTESIAN_POINT('',(-175.822271480797,-12.2137251925133,-25.2608750124309));
#2929=CARTESIAN_POINT('',(-175.694903147689,-12.1418707667089,-25.2889023392344));
#2930=CARTESIAN_POINT('',(-175.557745593245,-12.0644802853724,-25.3464945617634));
#2931=CARTESIAN_POINT('',(-175.428521610087,-11.9914891384024,-25.4308106737914));
#2932=CARTESIAN_POINT('',(-175.313168195143,-11.9261873910646,-25.5392106335542));
#2933=CARTESIAN_POINT('',(-175.216558464215,-11.8712853421965,-25.6669321637146));
#2934=CARTESIAN_POINT('',(-175.141826048617,-11.8285438671621,-25.8077779490626));
#2935=CARTESIAN_POINT('',(-175.099011642125,-11.8037807848995,-25.9296189299766));
#2936=CARTESIAN_POINT('',(-175.081577840484,-11.7935432460113,-26.0024201959446));
#2937=CARTESIAN_POINT('',(-175.076722623441,-11.7906704482257,-26.0260093714866));
#2938=CARTESIAN_POINT('',(-177.047678242084,-9.8742795533663,-25.2559006404403));
#2939=CARTESIAN_POINT('',(-177.009503799873,-9.86843650846426,-25.2559028103903));
#2940=CARTESIAN_POINT('',(-176.918774115958,-9.85456105126753,-25.2606272709075));
#2941=CARTESIAN_POINT('',(-176.773012779768,-9.8322953461779,-25.2871500851616));
#2942=CARTESIAN_POINT('',(-176.615942205753,-9.8082901881451,-25.3415044047526));
#2943=CARTESIAN_POINT('',(-176.467359673639,-9.78551589753031,-25.4210122966995));
#2944=CARTESIAN_POINT('',(-176.333602142621,-9.76488979122888,-25.5233334439671));
#2945=CARTESIAN_POINT('',(-176.219943352484,-9.74718428074228,-25.6442412797604));
#2946=CARTESIAN_POINT('',(-176.129908317989,-9.73293203738048,-25.7781990805848));
#2947=CARTESIAN_POINT('',(-176.0761699403,-9.72420074730248,-25.8948115540637));
#2948=CARTESIAN_POINT('',(-176.053080566648,-9.72032923052716,-25.9648826294059));
#2949=CARTESIAN_POINT('',(-176.046480132567,-9.71920651152267,-25.9876304155317));
#2950=CARTESIAN_POINT('',(-176.592079473492,-5.85712662772019,-25.2559006404403));
#2951=CARTESIAN_POINT('',(-176.555872051203,-5.87227098630261,-25.2559029136608));
#2952=CARTESIAN_POINT('',(-176.469771592108,-5.90825304159718,-25.2607287002958));
#2953=CARTESIAN_POINT('',(-176.331348330793,-5.96603379430496,-25.2878630476017));
#2954=CARTESIAN_POINT('',(-176.182231079272,-6.02830943447956,-25.3435272615436));
#2955=CARTESIAN_POINT('',(-176.041423853748,-6.08728675140263,-25.4249773078834));
#2956=CARTESIAN_POINT('',(-175.915136824459,-6.1405050216954,-25.5297580400663));
#2957=CARTESIAN_POINT('',(-175.808508642333,-6.18590644923622,-25.6534373489459));
#2958=CARTESIAN_POINT('',(-175.724919617412,-6.22209761481068,-25.7902227993547));
#2959=CARTESIAN_POINT('',(-175.675910643942,-6.24392052105032,-25.9090117488786));
#2960=CARTESIAN_POINT('',(-175.655331684996,-6.2534141939354,-25.980235721221));
#2961=CARTESIAN_POINT('',(-175.649513010604,-6.25614364458636,-26.003340717897));
#2962=CARTESIAN_POINT('',(-174.773737715205,-3.64517811037209,-25.2559006404402));
#2963=CARTESIAN_POINT('',(-174.745751312256,-3.67280776634978,-25.2559033766796));
#2964=CARTESIAN_POINT('',(-174.679070739078,-3.73860863652058,-25.2611333661543));
#2965=CARTESIAN_POINT('',(-174.571581249681,-3.84461315925918,-25.2907454565101));
#2966=CARTESIAN_POINT('',(-174.455914619598,-3.95871024489484,-25.351770574902));
#2967=CARTESIAN_POINT('',(-174.347424823894,-4.06589697502424,-25.4411953725809));
#2968=CARTESIAN_POINT('',(-174.251495829346,-4.16099423440523,-25.5560388569415));
#2969=CARTESIAN_POINT('',(-174.172478158555,-4.2397927144618,-25.6909305043464));
#2970=CARTESIAN_POINT('',(-174.113043988681,-4.29966221746479,-25.8389315384808));
#2971=CARTESIAN_POINT('',(-174.080691084697,-4.33286645158893,-25.966096937094));
#2972=CARTESIAN_POINT('',(-174.06845317169,-4.34578025345771,-26.0416206752042));
#2973=CARTESIAN_POINT('',(-174.065176211885,-4.3492914744587,-26.0660421578378));
#2974=CARTESIAN_POINT('',(-173.661443845991,-2.87191649274282,-25.2559006404402));
#2975=CARTESIAN_POINT('',(-173.638812978883,-2.90436753608679,-25.2559037004985));
#2976=CARTESIAN_POINT('',(-173.584843757639,-2.98175553582087,-25.2613807579463));
#2977=CARTESIAN_POINT('',(-173.497732819664,-3.10666638478969,-25.29253919671));
#2978=CARTESIAN_POINT('',(-173.404040744673,-3.24101411307462,-25.3569558664452));
#2979=CARTESIAN_POINT('',(-173.316445800705,-3.36661899192392,-25.4514488838686));
#2980=CARTESIAN_POINT('',(-173.239531390145,-3.47690875043113,-25.5726563266598));
#2981=CARTESIAN_POINT('',(-173.176953716334,-3.56664065475235,-25.7145306132037));
#2982=CARTESIAN_POINT('',(-173.130872246126,-3.63271818401629,-25.8693265113328));
#2983=CARTESIAN_POINT('',(-173.106780488866,-3.66726403912394,-26.0013531590256));
#2984=CARTESIAN_POINT('',(-173.098230219267,-3.67952451355751,-26.0792592765491));
#2985=CARTESIAN_POINT('',(-173.096025005873,-3.68268663167484,-26.1043971188452));
#2986=FACE_BOUND('',#2987,.T.);
#2987=EDGE_LOOP('',(#4195,#4196,#4197,#4198));
#2988=B_SPLINE_SURFACE_WITH_KNOTS('',3,3,(
(#2989,#2990,#2991,#2992,#2993,#2994,#2995,#2996,#2997,#2998,#2999,#3000),
(#3001,#3002,#3003,#3004,#3005,#3006,#3007,#3008,#3009,#3010,#3011,#3012),
(#3013,#3014,#3015,#3016,#3017,#3018,#3019,#3020,#3021,#3022,#3023,#3024),
(#3025,#3026,#3027,#3028,#3029,#3030,#3031,#3032,#3033,#3034,#3035,#3036),
(#3037,#3038,#3039,#3040,#3041,#3042,#3043,#3044,#3045,#3046,#3047,#3048),
(#3049,#3050,#3051,#3052,#3053,#3054,#3055,#3056,#3057,#3058,#3059,#3060)),
.UNSPECIFIED.,.F.,.F.,.F.,
(4,1,1,4),
(4,1,1,1,1,1,1,1,1,4),
(0.646481218557994,0.942160527131151,1.29697569741894,1.59195176455538),
(0.,0.0911069467528868,0.212582875756736,0.334058804760585,0.455534733764434,0.577010662768283,
0.698486591772132,0.819962520775981,0.94143844977983,1.),
.UNSPECIFIED.);
#2989=CARTESIAN_POINT('',(-173.661459604301,-2.87192748236149,-25.2559006404402));
#2990=CARTESIAN_POINT('',(-173.638828774723,-2.9043785551212,-25.2559037004984));
#2991=CARTESIAN_POINT('',(-173.584859643108,-2.98176662479814,-25.261380758425));
#2992=CARTESIAN_POINT('',(-173.497748850271,-3.10667758592031,-25.2925392002099));
#2993=CARTESIAN_POINT('',(-173.404056932006,-3.24102543384445,-25.3569558769337));
#2994=CARTESIAN_POINT('',(-173.316462135359,-3.36663042329855,-25.4514489056965));
#2995=CARTESIAN_POINT('',(-173.239547855288,-3.4769202771867,-25.5726563643881));
#2996=CARTESIAN_POINT('',(-173.176970289264,-3.5666522566496,-25.7145306709754));
#2997=CARTESIAN_POINT('',(-173.130888900687,-3.63272983785427,-25.869326592286));
#2998=CARTESIAN_POINT('',(-173.10679718018,-3.66727572845392,-26.0013533072134));
#2999=CARTESIAN_POINT('',(-173.098246926694,-3.67953621098597,-26.0792594826735));
#3000=CARTESIAN_POINT('',(-173.096041716243,-3.68269833291445,-26.1043973739489));
#3001=CARTESIAN_POINT('',(-173.413321137253,-2.6988731892055,-25.2559006404402));
#3002=CARTESIAN_POINT('',(-173.387804276902,-2.72872361043601,-25.2559035263222));
#3003=CARTESIAN_POINT('',(-173.326985305763,-2.79986259896365,-25.2612473829034));
#3004=CARTESIAN_POINT('',(-173.228892918852,-2.91457917903331,-25.2915723843089));
#3005=CARTESIAN_POINT('',(-173.123358788435,-3.0380067297756,-25.3541613352877));
#3006=CARTESIAN_POINT('',(-173.024503076718,-3.15367443425248,-25.4459231414783));
#3007=CARTESIAN_POINT('',(-172.937340534829,-3.25575738375287,-25.5637009794424));
#3008=CARTESIAN_POINT('',(-172.86590067487,-3.33956711498682,-25.7018117858733));
#3009=CARTESIAN_POINT('',(-172.81261734177,-3.40225713064373,-25.8529443528123));
#3010=CARTESIAN_POINT('',(-172.784063662442,-3.43603590142249,-25.9823485287543));
#3011=CARTESIAN_POINT('',(-172.77351716369,-3.44861890037531,-26.0589682619988));
#3012=CARTESIAN_POINT('',(-172.770731135334,-3.45195927537311,-26.0837191683615));
#3013=CARTESIAN_POINT('',(-172.925797810926,-2.23963601428172,-25.2559006404401));
#3014=CARTESIAN_POINT('',(-172.894778041172,-2.26295568466531,-25.2559032038926));
#3015=CARTESIAN_POINT('',(-172.820927761886,-2.31845507602381,-25.2609852596927));
#3016=CARTESIAN_POINT('',(-172.702009177793,-2.40778203779417,-25.2896880070796));
#3017=CARTESIAN_POINT('',(-172.573988957738,-2.50396480513657,-25.3487421471707));
#3018=CARTESIAN_POINT('',(-172.453588350685,-2.59453055838337,-25.4352332559714));
#3019=CARTESIAN_POINT('',(-172.346514286326,-2.6752747630757,-25.5463773026505));
#3020=CARTESIAN_POINT('',(-172.257421338067,-2.74275354007929,-25.6771550836056));
#3021=CARTESIAN_POINT('',(-172.189248329524,-2.79476555325878,-25.8210556878979));
#3022=CARTESIAN_POINT('',(-172.150941153431,-2.82437563644953,-25.9451756389766));
#3023=CARTESIAN_POINT('',(-172.135756697669,-2.83632875455703,-26.0191454062871));
#3024=CARTESIAN_POINT('',(-172.131585990363,-2.83964304214142,-26.0430922245011));
#3025=CARTESIAN_POINT('',(-172.473419729401,-1.38444726882962,-25.2559006404402));
#3026=CARTESIAN_POINT('',(-172.437506099025,-1.39650242793058,-25.2559029322942));
#3027=CARTESIAN_POINT('',(-172.352103719151,-1.42516213225556,-25.2607419412861));
#3028=CARTESIAN_POINT('',(-172.214800343842,-1.47122285767592,-25.2879599533309));
#3029=CARTESIAN_POINT('',(-172.066888165838,-1.52084958020094,-25.3438087716067));
#3030=CARTESIAN_POINT('',(-171.927220913764,-1.56775040690599,-25.4255351615541));
#3031=CARTESIAN_POINT('',(-171.801961660214,-1.60988891174546,-25.5306621781685));
#3032=CARTESIAN_POINT('',(-171.696207736365,-1.64557590186327,-25.6547189731573));
#3033=CARTESIAN_POINT('',(-171.613308209187,-1.673692475859,-25.7918670006838));
#3034=CARTESIAN_POINT('',(-171.564702193997,-1.69032124181695,-25.9109091788761));
#3035=CARTESIAN_POINT('',(-171.544288882514,-1.69738354657979,-25.9822533771835));
#3036=CARTESIAN_POINT('',(-171.538516410131,-1.69939138153861,-26.0053940510405));
#3037=CARTESIAN_POINT('',(-172.373671143052,-0.734536459887499,-25.2559006404402));
#3038=CARTESIAN_POINT('',(-172.33669434794,-0.738300389839891,-25.2559028744142));
#3039=CARTESIAN_POINT('',(-172.248786497957,-0.747248795026843,-25.260688283674));
#3040=CARTESIAN_POINT('',(-172.10750543326,-0.761630460323918,-25.2875803613507));
#3041=CARTESIAN_POINT('',(-171.955288820997,-0.777125217477789,-25.3427276345328));
#3042=CARTESIAN_POINT('',(-171.811436882945,-0.791767986585406,-25.4234122028861));
#3043=CARTESIAN_POINT('',(-171.682196917051,-0.804922418984701,-25.5272221538434));
#3044=CARTESIAN_POINT('',(-171.572750806941,-0.816060675284418,-25.6498028728948));
#3045=CARTESIAN_POINT('',(-171.486530688082,-0.824833142609101,-25.7854591317123));
#3046=CARTESIAN_POINT('',(-171.435547255804,-0.830018142404645,-25.9033694642855));
#3047=CARTESIAN_POINT('',(-171.413899442553,-0.83221836409145,-25.9741229845041));
#3048=CARTESIAN_POINT('',(-171.407745591096,-0.832843636282458,-25.9970816688448));
#3049=CARTESIAN_POINT('',(-172.373670260978,-0.439606666775962,-25.2559006404402));
#3050=CARTESIAN_POINT('',(-172.336694645207,-0.439606561325888,-25.2559028747372));
#3051=CARTESIAN_POINT('',(-172.248788908482,-0.439606310629559,-25.2606882827878));
#3052=CARTESIAN_POINT('',(-172.107508945534,-0.439605907718162,-25.2875806014764));
#3053=CARTESIAN_POINT('',(-171.955291343233,-0.439605473616346,-25.3427287063133));
#3054=CARTESIAN_POINT('',(-171.81143711942,-0.439605063368088,-25.4234146507576));
#3055=CARTESIAN_POINT('',(-171.682194622803,-0.439604694792736,-25.5272261333741));
#3056=CARTESIAN_POINT('',(-171.572746730809,-0.439604382670862,-25.6498078514498));
#3057=CARTESIAN_POINT('',(-171.486526314406,-0.43960413679212,-25.7854637794248));
#3058=CARTESIAN_POINT('',(-171.435544156934,-0.43960399140719,-25.90337217798));
#3059=CARTESIAN_POINT('',(-171.413897762569,-0.439603929680324,-25.9741236654654));
#3060=CARTESIAN_POINT('',(-171.407744434693,-0.439603912133737,-25.9970815953386));
#3061=FACE_BOUND('',#3062,.T.);
#3062=EDGE_LOOP('',(#4199,#4200,#4201,#4202));
#3063=CYLINDRICAL_SURFACE('',#3064,1.);
#3064=AXIS2_PLACEMENT_3D('',#3065,#3066,#3067);
#3065=CARTESIAN_POINT('',(-172.373670260966,4.4396149307027,-26.2559006404401));
#3066=DIRECTION('',(0.,-1.,-2.00057535070851E-15));
#3067=DIRECTION('',(0.965925826289067,-5.1778700192603E-16,0.258819045102527));
#3068=FACE_BOUND('',#3069,.T.);
#3069=EDGE_LOOP('',(#4203,#4204,#4205,#4206));
#3070=B_SPLINE_SURFACE_WITH_KNOTS('',3,3,(
(#3071,#3072,#3073,#3074,#3075,#3076,#3077,#3078,#3079,#3080,#3081,#3082),
(#3083,#3084,#3085,#3086,#3087,#3088,#3089,#3090,#3091,#3092,#3093,#3094),
(#3095,#3096,#3097,#3098,#3099,#3100,#3101,#3102,#3103,#3104,#3105,#3106),
(#3107,#3108,#3109,#3110,#3111,#3112,#3113,#3114,#3115,#3116,#3117,#3118),
(#3119,#3120,#3121,#3122,#3123,#3124,#3125,#3126,#3127,#3128,#3129,#3130),
(#3131,#3132,#3133,#3134,#3135,#3136,#3137,#3138,#3139,#3140,#3141,#3142)),
.UNSPECIFIED.,.F.,.F.,.F.,
(4,1,1,4),
(4,1,1,1,1,1,1,1,1,4),
(0.663477397059051,0.959156705632208,1.31397187592,1.60894794305599),
(0.,0.0911069500638702,0.212582883482364,0.334058816900858,0.455534750319351,0.577010683737845,
0.698486617156339,0.819962550574832,0.941438483993326,1.),
.UNSPECIFIED.);
#3071=CARTESIAN_POINT('',(-172.373670260978,0.439606666777273,-25.2559006404402));
#3072=CARTESIAN_POINT('',(-172.336694363475,0.439606561326826,-25.2559028746618));
#3073=CARTESIAN_POINT('',(-172.248788098806,0.439606310629941,-25.2606882832206));
#3074=CARTESIAN_POINT('',(-172.107507770472,0.439605907718753,-25.2875805478273));
#3075=CARTESIAN_POINT('',(-171.955290244808,0.439605473618117,-25.3427284652441));
#3076=CARTESIAN_POINT('',(-171.811436394547,0.439605063371421,-25.423414099707));
#3077=CARTESIAN_POINT('',(-171.682194358552,0.439604694797363,-25.527225236954));
#3078=CARTESIAN_POINT('',(-171.572746827495,0.439604382676003,-25.6498067291015));
#3079=CARTESIAN_POINT('',(-171.486526555002,0.439604136796689,-25.7854627329793));
#3080=CARTESIAN_POINT('',(-171.43554431958,0.439603991410408,-25.9033715619336));
#3081=CARTESIAN_POINT('',(-171.4138978054,0.439603929682416,-25.9741235049694));
#3082=CARTESIAN_POINT('',(-171.407744434693,0.439603912135443,-25.9970815953386));
#3083=CARTESIAN_POINT('',(-172.373675058573,0.735234639837128,-25.2559006404402));
#3084=CARTESIAN_POINT('',(-172.336700080065,0.739007362433291,-25.2559028749035));
#3085=CARTESIAN_POINT('',(-172.248795640774,0.747976776598557,-25.2606882855914));
#3086=CARTESIAN_POINT('',(-172.107516966536,0.762392547871896,-25.2875807382609));
#3087=CARTESIAN_POINT('',(-171.955299933677,0.777924348148666,-25.3427292723839));
#3088=CARTESIAN_POINT('',(-171.811445704885,0.792602265871258,-25.4234159139604));
#3089=CARTESIAN_POINT('',(-171.682202935487,0.805788252702985,-25.5272281853737));
#3090=CARTESIAN_POINT('',(-171.572754706475,0.816953048722441,-25.6498104695835));
#3091=CARTESIAN_POINT('',(-171.486533888741,0.825746101909563,-25.7854663559104));
#3092=CARTESIAN_POINT('',(-171.435551184304,0.830942907130474,-25.9033739040708));
#3093=CARTESIAN_POINT('',(-171.413904252677,0.833147933227368,-25.9741244341474));
#3094=CARTESIAN_POINT('',(-171.40775072436,0.83377454288191,-25.9970819951382));
#3095=CARTESIAN_POINT('',(-172.473765469767,1.3858568784168,-25.2559006404401));
#3096=CARTESIAN_POINT('',(-172.437854443736,1.39793008892117,-25.2559029322009));
#3097=CARTESIAN_POINT('',(-172.352458724723,1.42663264632492,-25.2607421279483));
#3098=CARTESIAN_POINT('',(-172.21516774531,1.47276204422566,-25.2879610537212));
#3099=CARTESIAN_POINT('',(-172.067270797946,1.52246258293551,-25.3438115635137));
#3100=CARTESIAN_POINT('',(-171.927619498265,1.56943308885239,-25.4255403433622));
#3101=CARTESIAN_POINT('',(-171.802375814368,1.61163421126769,-25.5306705627887));
#3102=CARTESIAN_POINT('',(-171.696636065441,1.64737433985639,-25.6547315739616));
#3103=CARTESIAN_POINT('',(-171.613748586175,1.67553297476346,-25.7918850453841));
#3104=CARTESIAN_POINT('',(-171.565150489643,1.69218684218262,-25.9109328449286));
#3105=CARTESIAN_POINT('',(-171.544740996426,1.69925994009721,-25.9822808954844));
#3106=CARTESIAN_POINT('',(-171.538969677215,1.70127086098816,-26.0054228627378));
#3107=CARTESIAN_POINT('',(-172.926778610416,2.24073191580227,-25.2559006404402));
#3108=CARTESIAN_POINT('',(-172.89577028097,2.26406669466672,-25.2559032046836));
#3109=CARTESIAN_POINT('',(-172.821946719098,2.31960223927584,-25.2609857873285));
#3110=CARTESIAN_POINT('',(-172.703069613323,2.40898785949634,-25.2896919054996));
#3111=CARTESIAN_POINT('',(-172.575093135101,2.50523373536586,-25.348753513577));
#3112=CARTESIAN_POINT('',(-172.454734021781,2.59585807415513,-25.4352558089196));
#3113=CARTESIAN_POINT('',(-172.347698553573,2.67665283288503,-25.5464138554689));
#3114=CARTESIAN_POINT('',(-172.258640665379,2.74417136779097,-25.6772068370919));
#3115=CARTESIAN_POINT('',(-172.190498508963,2.79621078387295,-25.821121893395));
#3116=CARTESIAN_POINT('',(-172.15221282804,2.82583314819061,-25.9452516619212));
#3117=CARTESIAN_POINT('',(-172.137039217395,2.83778936303287,-26.0192258666343));
#3118=CARTESIAN_POINT('',(-172.132871822646,2.84110424416876,-26.0431739577917));
#3119=CARTESIAN_POINT('',(-173.4139048766,2.69928494635497,-25.2559006404402));
#3120=CARTESIAN_POINT('',(-173.388394589716,2.72914157669109,-25.2559035266661));
#3121=CARTESIAN_POINT('',(-173.327591371618,2.80029546879441,-25.2612476971134));
#3122=CARTESIAN_POINT('',(-173.229524740815,2.91503631260797,-25.2915746116969));
#3123=CARTESIAN_POINT('',(-173.124018841157,3.03848980998984,-25.3541676981327));
#3124=CARTESIAN_POINT('',(-173.025190216563,3.15418109309754,-25.445935658136));
#3125=CARTESIAN_POINT('',(-172.938052340832,3.25628349550722,-25.5637212615206));
#3126=CARTESIAN_POINT('',(-172.866633617389,3.3401072623348,-25.7018407223109));
#3127=CARTESIAN_POINT('',(-172.8133671012,3.40280533429648,-25.8529819721156));
#3128=CARTESIAN_POINT('',(-172.784823449576,3.43658599342526,-25.9823926936629));
#3129=CARTESIAN_POINT('',(-172.774281228989,3.44916830452952,-26.0590158558644));
#3130=CARTESIAN_POINT('',(-172.771496420089,3.45250828490571,-26.0837678133072));
#3131=CARTESIAN_POINT('',(-173.661459604301,2.87192748236151,-25.2559006404402));
#3132=CARTESIAN_POINT('',(-173.638828773272,2.90437855712515,-25.2559037004988));
#3133=CARTESIAN_POINT('',(-173.584859638419,2.98176663127747,-25.2613807588237));
#3134=CARTESIAN_POINT('',(-173.497748841278,3.10667759834958,-25.2925392027735));
#3135=CARTESIAN_POINT('',(-173.40405691967,3.24102545089649,-25.3569558837196));
#3136=CARTESIAN_POINT('',(-173.31646212129,3.36663044275505,-25.4514489183054));
#3137=CARTESIAN_POINT('',(-173.239547841165,3.47692029673238,-25.5726563840034));
#3138=CARTESIAN_POINT('',(-173.176970276643,3.56665227414877,-25.7145306983039));
#3139=CARTESIAN_POINT('',(-173.130888890843,3.63272985156241,-25.869326627582));
#3140=CARTESIAN_POINT('',(-173.106797176287,3.66727573384192,-26.0013533331154));
#3141=CARTESIAN_POINT('',(-173.098246925373,3.67953621283201,-26.0792594968026));
#3142=CARTESIAN_POINT('',(-173.096041716243,3.68269833291443,-26.1043973739489));
#3143=FACE_BOUND('',#3144,.T.);
#3144=EDGE_LOOP('',(#4207,#4208,#4209,#4210));
#3145=B_SPLINE_SURFACE_WITH_KNOTS('',3,3,(
(#3146,#3147,#3148,#3149,#3150,#3151,#3152,#3153,#3154,#3155,#3156,#3157),
(#3158,#3159,#3160,#3161,#3162,#3163,#3164,#3165,#3166,#3167,#3168,#3169),
(#3170,#3171,#3172,#3173,#3174,#3175,#3176,#3177,#3178,#3179,#3180,#3181),
(#3182,#3183,#3184,#3185,#3186,#3187,#3188,#3189,#3190,#3191,#3192,#3193),
(#3194,#3195,#3196,#3197,#3198,#3199,#3200,#3201,#3202,#3203,#3204,#3205),
(#3206,#3207,#3208,#3209,#3210,#3211,#3212,#3213,#3214,#3215,#3216,#3217)),
.UNSPECIFIED.,.F.,.F.,.F.,
(4,1,1,4),
(4,1,1,1,1,1,1,1,1,4),
(0.268499015697592,0.748977892128972,1.32555254384663,1.87369669410719),
(0.,0.09110696249548,0.212582912489453,0.334058862483427,0.4555348124774,0.577010762471374,
0.698486712465347,0.819962662459321,0.941438612453294,1.),
.UNSPECIFIED.);
#3146=CARTESIAN_POINT('',(-173.661443845991,2.87191649274284,-25.2559006404402));
#3147=CARTESIAN_POINT('',(-173.638812976325,2.90436753980209,-25.255903700499));
#3148=CARTESIAN_POINT('',(-173.584843749369,2.98175554783283,-25.2613807586732));
#3149=CARTESIAN_POINT('',(-173.497732803799,3.10666640783045,-25.2925392013834));
#3150=CARTESIAN_POINT('',(-173.40404072291,3.24101414468201,-25.3569558788161));
#3151=CARTESIAN_POINT('',(-173.316445775874,3.36661902798219,-25.4514489068544));
#3152=CARTESIAN_POINT('',(-173.239531365202,3.47690878664146,-25.5726563624189));
#3153=CARTESIAN_POINT('',(-173.176953694007,3.56664068714416,-25.7145306630235));
#3154=CARTESIAN_POINT('',(-173.130872228643,3.63271820934051,-25.8693265756779));
#3155=CARTESIAN_POINT('',(-173.10678048199,3.66726404910523,-26.001353206245));
#3156=CARTESIAN_POINT('',(-173.098230216914,3.67952451696281,-26.0792593023065));
#3157=CARTESIAN_POINT('',(-173.096025005872,3.68268663167486,-26.1043971188452));
#3158=CARTESIAN_POINT('',(-174.635126155246,3.55072453296435,-25.2559006404402));
#3159=CARTESIAN_POINT('',(-174.607803879754,3.57894957717277,-25.2559034166457));
#3160=CARTESIAN_POINT('',(-174.542699310275,3.64618226906479,-25.261164197901));
#3161=CARTESIAN_POINT('',(-174.437735920798,3.75452484572961,-25.2909686813647));
#3162=CARTESIAN_POINT('',(-174.324794339244,3.87112522310298,-25.3524152896546));
#3163=CARTESIAN_POINT('',(-174.218899095962,3.98058414397487,-25.4424697012925));
#3164=CARTESIAN_POINT('',(-174.125336939118,4.0775468608673,-25.5581040898442));
#3165=CARTESIAN_POINT('',(-174.048373363434,4.15767342654629,-25.6938646598848));
#3166=CARTESIAN_POINT('',(-173.990616583799,4.21827410570895,-25.8427132159973));
#3167=CARTESIAN_POINT('',(-173.959309580986,4.25160331034667,-25.9704871279426));
#3168=CARTESIAN_POINT('',(-173.947542425799,4.2644076438728,-26.0463102430049));
#3169=CARTESIAN_POINT('',(-173.944402768626,4.2678659766934,-26.0708218668019));
#3170=CARTESIAN_POINT('',(-176.404169946218,5.55317486902588,-25.2559006404403));
#3171=CARTESIAN_POINT('',(-176.368785802356,5.56996569379442,-25.2559029581728));
#3172=CARTESIAN_POINT('',(-176.284624798657,5.60986904720622,-25.2607705308337));
#3173=CARTESIAN_POINT('',(-176.149279207255,5.67396701318,-25.2881584561889));
#3174=CARTESIAN_POINT('',(-176.003494153465,5.74304165786536,-25.3443676713979));
#3175=CARTESIAN_POINT('',(-175.865932674231,5.80840564154761,-25.4266266383943));
#3176=CARTESIAN_POINT('',(-175.742743870577,5.86728946801363,-25.5324305638583));
#3177=CARTESIAN_POINT('',(-175.639003152381,5.91738356274901,-25.6572585382998));
#3178=CARTESIAN_POINT('',(-175.558025860755,5.95713579596364,-25.7952081357829));
#3179=CARTESIAN_POINT('',(-175.510898399083,5.98092687423298,-25.9148837646189));
#3180=CARTESIAN_POINT('',(-175.491300856935,5.99118089258881,-25.9865721191516));
#3181=CARTESIAN_POINT('',(-175.485785824814,5.99411626640161,-26.0098203567685));
#3182=CARTESIAN_POINT('',(-177.139273885324,9.53149159147757,-25.2559006404403));
#3183=CARTESIAN_POINT('',(-177.10070374171,9.52743144010459,-25.255902789418));
#3184=CARTESIAN_POINT('',(-177.009042980504,9.51779015460776,-25.2606068793502));
#3185=CARTESIAN_POINT('',(-176.861806520801,9.5023198805396,-25.2870066313764));
#3186=CARTESIAN_POINT('',(-176.703137777402,9.48564107203931,-25.3410972547741));
#3187=CARTESIAN_POINT('',(-176.552992691536,9.46981599051182,-25.4202141498629));
#3188=CARTESIAN_POINT('',(-176.417732960349,9.45548055255806,-25.5220401848935));
#3189=CARTESIAN_POINT('',(-176.302659396328,9.44317066939339,-25.6423903106467));
#3190=CARTESIAN_POINT('',(-176.211327006651,9.43325670439321,-25.7757795796628));
#3191=CARTESIAN_POINT('',(-176.156637950624,9.42717885971485,-25.8919552614971));
#3192=CARTESIAN_POINT('',(-176.133045209338,9.42448196627374,-25.9617955868509));
#3193=CARTESIAN_POINT('',(-176.12628820359,9.4236996478255,-25.9844719450751));
#3194=CARTESIAN_POINT('',(-176.040117876545,12.1488155653611,-25.2559006404403));
#3195=CARTESIAN_POINT('',(-176.006372418053,12.1307693236312,-25.2559030498323));
#3196=CARTESIAN_POINT('',(-175.926081347695,12.0878493187728,-25.2608515523461));
#3197=CARTESIAN_POINT('',(-175.796898373325,12.0188326745648,-25.2887347822839));
#3198=CARTESIAN_POINT('',(-175.657779505628,11.9444902208651,-25.3460145648329));
#3199=CARTESIAN_POINT('',(-175.526665635971,11.8743268182983,-25.4298655573507));
#3200=CARTESIAN_POINT('',(-175.409545966583,11.811466675645,-25.5376790741793));
#3201=CARTESIAN_POINT('',(-175.31134227557,11.7584896984075,-25.6647487521626));
#3202=CARTESIAN_POINT('',(-175.235230117964,11.7170834590707,-25.8049452502158));
#3203=CARTESIAN_POINT('',(-175.1914775066,11.6929295247999,-25.9263043282387));
#3204=CARTESIAN_POINT('',(-175.173579960687,11.6828534282189,-25.998859795512));
#3205=CARTESIAN_POINT('',(-175.168584128265,11.6800134184147,-26.0223738764124));
#3206=CARTESIAN_POINT('',(-175.198564959347,13.1935569222323,-25.2559006404402));
#3207=CARTESIAN_POINT('',(-175.168696498467,13.1695714442276,-25.2559032732969));
#3208=CARTESIAN_POINT('',(-175.097577248131,13.1124600576919,-25.2610388057386));
#3209=CARTESIAN_POINT('',(-174.983032965974,13.0204767656496,-25.2900756413463));
#3210=CARTESIAN_POINT('',(-174.859730252961,12.9214601299319,-25.349861543909));
#3211=CARTESIAN_POINT('',(-174.743823373996,12.8283826223062,-25.4374456379356));
#3212=CARTESIAN_POINT('',(-174.640854335729,12.7456946789406,-25.549962776813));
#3213=CARTESIAN_POINT('',(-174.555332651673,12.6770176058532,-25.682249498784));
#3214=CARTESIAN_POINT('',(-174.490086545035,12.6246225708075,-25.8276224134167));
#3215=CARTESIAN_POINT('',(-174.453613975024,12.5953337491168,-25.9527997145991));
#3216=CARTESIAN_POINT('',(-174.439259818294,12.5838068307613,-26.0272895716119));
#3217=CARTESIAN_POINT('',(-174.435331840179,12.5806525191657,-26.0513929425226));
#3218=FACE_BOUND('',#3219,.T.);
#3219=EDGE_LOOP('',(#4211,#4212,#4213,#4214));
#3220=TOROIDAL_SURFACE('',#3221,4.,1.);
#3221=AXIS2_PLACEMENT_3D('',#3222,#3223,#3224);
#3222=CARTESIAN_POINT('',(-242.959638711271,-14.,-81.1592521587644));
#3223=DIRECTION('',(1.28635124736305E-16,1.,7.12642219874122E-17));
#3224=DIRECTION('',(0.877582561890372,-1.47053830324699E-16,0.479425538604205));
#3225=FACE_BOUND('',#3226,.T.);
#3226=EDGE_LOOP('',(#4215,#4216,#4217,#4218));
#3227=CYLINDRICAL_SURFACE('',#3228,1.);
#3228=AXIS2_PLACEMENT_3D('',#3229,#3230,#3231);
#3229=CARTESIAN_POINT('',(-238.959638711271,-14.,-85.1592521587644));
#3230=DIRECTION('',(0.,0.,-1.));
#3231=DIRECTION('',(1.,0.,0.));
#3232=FACE_BOUND('',#3233,.T.);
#3233=EDGE_LOOP('',(#4219,#4220,#4221,#4222));
#3234=TOROIDAL_SURFACE('',#3235,11.,1.);
#3235=AXIS2_PLACEMENT_3D('',#3236,#3237,#3238);
#3236=CARTESIAN_POINT('',(-227.959638711271,-14.,-53.2559006404402));
#3237=DIRECTION('',(-1.28635124736305E-16,-1.,-7.12642219874122E-17));
#3238=DIRECTION('',(0.180818083237847,-9.33490990426021E-17,0.983516558464671));
#3239=FACE_BOUND('',#3240,.T.);
#3240=EDGE_LOOP('',(#4223,#4224,#4225,#4226));
#3241=CYLINDRICAL_SURFACE('',#3242,1.);
#3242=AXIS2_PLACEMENT_3D('',#3243,#3244,#3245);
#3243=CARTESIAN_POINT('',(-176.08216106153,-14.,-43.3252509945594));
#3244=DIRECTION('',(-0.965925826289068,0.,-0.258819045102522));
#3245=DIRECTION('',(0.258819045102522,0.,-0.965925826289068));
#3246=FACE_BOUND('',#3247,.T.);
#3247=EDGE_LOOP('',(#4227,#4228,#4229,#4230));
#3248=CONICAL_SURFACE('',#3249,5.34999999999998,0.785398163397436);
#3249=AXIS2_PLACEMENT_3D('',#3250,#3251,#3252);
#3250=CARTESIAN_POINT('',(-245.959638711034,-14.75,-79.9999999997595));
#3251=DIRECTION('',(-1.28635124736305E-16,-1.,-7.12642219874122E-17));
#3252=DIRECTION('',(-0.98409844531263,1.13931397209264E-16,0.177623900230977));
#3253=FACE_BOUND('',#3254,.T.);
#3254=EDGE_LOOP('',(#4231,#4232,#4233,#4234));
#3255=PLANE('',#3256);
#3256=AXIS2_PLACEMENT_3D('',#3257,#3258,#3259);
#3257=CARTESIAN_POINT('',(-251.559638711034,-15.,-81.9999999997595));
#3258=DIRECTION('',(-0.707106781186525,0.70710678118657,5.47519421489711E-16));
#3259=DIRECTION('',(7.28761780266769E-16,-4.5547611266673E-17,1.));
#3260=FACE_BOUND('',#3261,.T.);
#3261=EDGE_LOOP('',(#4235,#4236,#4237,#4238));
#3262=CONICAL_SURFACE('',#3263,5.34999999999998,0.785398163397437);
#3263=AXIS2_PLACEMENT_3D('',#3264,#3265,#3266);
#3264=CARTESIAN_POINT('',(-245.959638711034,-14.75,-44.9999999997595));
#3265=DIRECTION('',(-1.28635124736305E-16,-1.,-7.12642219874122E-17));
#3266=DIRECTION('',(0.98409844531263,-1.13931397209264E-16,-0.177623900230979));
#3267=FACE_BOUND('',#3268,.T.);
#3268=EDGE_LOOP('',(#4239,#4240,#4241,#4242));
#3269=PLANE('',#3270);
#3270=AXIS2_PLACEMENT_3D('',#3271,#3272,#3273);
#3271=CARTESIAN_POINT('',(-240.359638711034,-15.,-42.9999999997595));
#3272=DIRECTION('',(0.70710678118655,0.707106781186545,3.22070247935132E-17));
#3273=DIRECTION('',(0.,4.55476112666731E-17,-1.));
#3274=FACE_BOUND('',#3275,.T.);
#3275=EDGE_LOOP('',(#4243,#4244,#4245,#4246));
#3276=DEGENERATE_TOROIDAL_SURFACE('',#3277,0.499999999999984,1.,.T.);
#3277=AXIS2_PLACEMENT_3D('',#3278,#3279,#3280);
#3278=CARTESIAN_POINT('',(-171.372040481818,-13.5,-42.0631779889724));
#3279=DIRECTION('',(-0.258819045102521,-3.08148791101958E-33,0.965925826289068));
#3280=DIRECTION('',(-0.965925826289068,-7.10542735760105E-15,-0.258819045102521));
#3281=FACE_BOUND('',#3282,.T.);
#3282=EDGE_LOOP('',(#4247,#4248,#4249,#4250));
#3283=TOROIDAL_SURFACE('',#3284,7.24999999999999,1.);
#3284=AXIS2_PLACEMENT_3D('',#3285,#3286,#3287);
#3285=CARTESIAN_POINT('',(-165.456976972357,-8.74999999999998,-40.4782414984335));
#3286=DIRECTION('',(0.258819045102521,3.08148791101958E-33,-0.965925826289068));
#3287=DIRECTION('',(-0.573124608728916,-0.804950288809074,-0.153568276071316));
#3288=FACE_BOUND('',#3289,.T.);
#3289=EDGE_LOOP('',(#4251,#4252,#4253,#4254));
#3290=TOROIDAL_SURFACE('',#3291,7.24999999999999,1.);
#3291=AXIS2_PLACEMENT_3D('',#3292,#3293,#3294);
#3292=CARTESIAN_POINT('',(-165.456976972357,-8.74999999999998,-40.4782414984335));
#3293=DIRECTION('',(0.258819045102521,3.08148791101958E-33,-0.965925826289068));
#3294=DIRECTION('',(-0.573124608728916,-0.804950288809074,-0.153568276071316));
#3295=FACE_BOUND('',#3296,.T.);
#3296=EDGE_LOOP('',(#4255,#4256,#4257,#4258));
#3297=TOROIDAL_SURFACE('',#3298,2.99999999999998,1.);
#3298=AXIS2_PLACEMENT_3D('',#3299,#3300,#3301);
#3299=CARTESIAN_POINT('',(-171.252531930091,-0.439614930702644,-42.0311557690486));
#3300=DIRECTION('',(-0.258819045102521,-3.08148791101958E-33,0.965925826289068));
#3301=DIRECTION('',(-0.78314298193574,-0.585365853658541,-0.209842529567783));
#3302=FACE_BOUND('',#3303,.T.);
#3303=EDGE_LOOP('',(#4259,#4260,#4261,#4262));
#3304=CYLINDRICAL_SURFACE('',#3305,1.);
#3305=AXIS2_PLACEMENT_3D('',#3306,#3307,#3308);
#3306=CARTESIAN_POINT('',(-168.354754451224,4.43961493070272,-41.2546986337411));
#3307=DIRECTION('',(0.,1.,0.));
#3308=DIRECTION('',(0.965925826289067,0.,0.258819045102527));
#3309=FACE_BOUND('',#3310,.T.);
#3310=EDGE_LOOP('',(#4263,#4264,#4265,#4266));
#3311=TOROIDAL_SURFACE('',#3312,2.99999999999999,1.);
#3312=AXIS2_PLACEMENT_3D('',#3313,#3314,#3315);
#3313=CARTESIAN_POINT('',(-171.252531930091,0.439614930702716,-42.0311557690486));
#3314=DIRECTION('',(-0.258819045102521,-3.08148791101958E-33,0.965925826289068));
#3315=DIRECTION('',(4.84410353027539E-15,-1.,1.29797362899004E-15));
#3316=FACE_BOUND('',#3317,.T.);
#3317=EDGE_LOOP('',(#4267,#4268));
#3318=PLANE('',#3319);
#3319=AXIS2_PLACEMENT_3D('',#3320,#3321,#3322);
#3320=CARTESIAN_POINT('',(2.04369054424808E-14,5.,3.30994601315741E-16));
#3321=DIRECTION('',(1.28635124736305E-16,1.,7.12642219874121E-17));
#3322=DIRECTION('',(-1.,1.28635124736305E-16,-1.22464679914735E-16));
#3323=FACE_BOUND('',#3324,.T.);
#3324=EDGE_LOOP('',(#4269,#4270,#4271,#4272));
#3325=FACE_BOUND('',#3326,.T.);
#3326=EDGE_LOOP('',(#4273));
#3327=PLANE('',#3328);
#3328=AXIS2_PLACEMENT_3D('',#3329,#3330,#3331);
#3329=CARTESIAN_POINT('',(2.04369054424808E-14,5.,3.30994601315741E-16));
#3330=DIRECTION('',(1.28635124736305E-16,1.,7.12642219874121E-17));
#3331=DIRECTION('',(-1.,1.28635124736305E-16,-1.22464679914735E-16));
#3332=FACE_BOUND('',#3333,.T.);
#3333=EDGE_LOOP('',(#4274,#4275,#4276,#4277));
#3334=FACE_BOUND('',#3335,.T.);
#3335=EDGE_LOOP('',(#4278));
#3336=PLANE('',#3337);
#3337=AXIS2_PLACEMENT_3D('',#3338,#3339,#3340);
#3338=CARTESIAN_POINT('',(2.04369054424808E-14,5.,3.30994601315741E-16));
#3339=DIRECTION('',(1.28635124736305E-16,1.,7.12642219874121E-17));
#3340=DIRECTION('',(-1.,1.28635124736305E-16,-1.22464679914735E-16));
#3341=FACE_BOUND('',#3342,.T.);
#3342=EDGE_LOOP('',(#4279,#4280));
#3343=PLANE('',#3344);
#3344=AXIS2_PLACEMENT_3D('',#3345,#3346,#3347);
#3345=CARTESIAN_POINT('',(2.04369054424808E-14,5.,3.30994601315741E-16));
#3346=DIRECTION('',(1.28635124736305E-16,1.,7.12642219874121E-17));
#3347=DIRECTION('',(-1.,1.28635124736305E-16,-1.22464679914735E-16));
#3348=FACE_BOUND('',#3349,.T.);
#3349=EDGE_LOOP('',(#4281,#4282,#4283,#4284));
#3350=PLANE('',#3351);
#3351=AXIS2_PLACEMENT_3D('',#3352,#3353,#3354);
#3352=CARTESIAN_POINT('',(-237.959638711271,24.5204166702127,-53.2559006404402));
#3353=DIRECTION('',(-1.,0.,0.));
#3354=DIRECTION('',(0.,0.,-1.));
#3355=FACE_BOUND('',#3356,.T.);
#3356=EDGE_LOOP('',(#4285,#4286,#4287));
#3357=PLANE('',#3358);
#3358=AXIS2_PLACEMENT_3D('',#3359,#3360,#3361);
#3359=CARTESIAN_POINT('',(-133.959638711271,0.500000000000032,-56.));
#3360=DIRECTION('',(0.,-1.,0.));
#3361=DIRECTION('',(0.,0.,1.));
#3362=FACE_BOUND('',#3363,.T.);
#3363=EDGE_LOOP('',(#4288,#4289,#4290,#4291));
#3364=CONICAL_SURFACE('',#3365,5.275,0.78539816339745);
#3365=AXIS2_PLACEMENT_3D('',#3366,#3367,#3368);
#3366=CARTESIAN_POINT('',(-236.184638711271,6.00000000000003,-45.));
#3367=DIRECTION('',(1.,0.,0.));
#3368=DIRECTION('',(0.,0.707106781186548,0.707106781186547));
#3369=FACE_BOUND('',#3370,.T.);
#3370=EDGE_LOOP('',(#4292,#4293,#4294,#4295));
#3371=CYLINDRICAL_SURFACE('',#3372,5.1);
#3372=AXIS2_PLACEMENT_3D('',#3373,#3374,#3375);
#3373=CARTESIAN_POINT('',(-245.959638711034,-9.99999999999996,-79.9999999997595));
#3374=DIRECTION('',(-1.28635124736305E-16,-1.,-7.12642219874122E-17));
#3375=DIRECTION('',(-1.,1.28635124736305E-16,9.16708208458653E-33));
#3376=FACE_BOUND('',#3377,.T.);
#3377=EDGE_LOOP('',(#4296,#4297,#4298,#4299));
#3378=PLANE('',#3379);
#3379=AXIS2_PLACEMENT_3D('',#3380,#3381,#3382);
#3380=CARTESIAN_POINT('',(-251.059638711034,-9.99999999999997,-44.9999999997595));
#3381=DIRECTION('',(-1.,5.6843418860808E-15,2.88497702480827E-31));
#3382=DIRECTION('',(0.,5.07530525542929E-17,-1.));
#3383=FACE_BOUND('',#3384,.T.);
#3384=EDGE_LOOP('',(#4300,#4301,#4302,#4303));
#3385=CYLINDRICAL_SURFACE('',#3386,5.1);
#3386=AXIS2_PLACEMENT_3D('',#3387,#3388,#3389);
#3387=CARTESIAN_POINT('',(-245.959638711034,-9.99999999999997,-44.9999999997595));
#3388=DIRECTION('',(-1.28635124736305E-16,-1.,-7.12642219874122E-17));
#3389=DIRECTION('',(1.,-1.28635124736305E-16,-9.16708208458653E-33));
#3390=FACE_BOUND('',#3391,.T.);
#3391=EDGE_LOOP('',(#4304,#4305,#4306,#4307));
#3392=PLANE('',#3393);
#3393=AXIS2_PLACEMENT_3D('',#3394,#3395,#3396);
#3394=CARTESIAN_POINT('',(-240.859638711034,-9.99999999999997,-79.9999999997595));
#3395=DIRECTION('',(1.,-5.6843418860808E-15,-2.88497702480827E-31));
#3396=DIRECTION('',(0.,-5.07530525542929E-17,1.));
#3397=FACE_OUTER_BOUND('',#3398,.T.);
#3398=EDGE_LOOP('',(#4308));
#3399=FACE_OUTER_BOUND('',#3400,.T.);
#3400=EDGE_LOOP('',(#4309));
#3401=CYLINDRICAL_SURFACE('',#3402,3.5);
#3402=AXIS2_PLACEMENT_3D('',#3403,#3404,#3405);
#3403=CARTESIAN_POINT('',(-245.959638711274,3.191678705875E-14,-53.7500000000814));
#3404=DIRECTION('',(1.28635124736305E-16,1.,7.12642219874121E-17));
#3405=DIRECTION('',(-1.,1.28635124736305E-16,-1.22464679914735E-16));
#3406=FACE_OUTER_BOUND('',#3407,.T.);
#3407=EDGE_LOOP('',(#4310));
#3408=FACE_OUTER_BOUND('',#3409,.T.);
#3409=EDGE_LOOP('',(#4311));
#3410=CYLINDRICAL_SURFACE('',#3411,3.5);
#3411=AXIS2_PLACEMENT_3D('',#3412,#3413,#3414);
#3412=CARTESIAN_POINT('',(-245.959638711274,3.31639109435181E-14,-71.2499999999187));
#3413=DIRECTION('',(1.28635124736305E-16,1.,7.12642219874121E-17));
#3414=DIRECTION('',(-1.,1.28635124736305E-16,-1.22464679914735E-16));
#3415=FACE_BOUND('',#3416,.T.);
#3416=EDGE_LOOP('',(#4312,#4313,#4314,#4315));
#3417=FACE_BOUND('',#3418,.T.);
#3418=EDGE_LOOP('',(#4316));
#3419=FACE_BOUND('',#3420,.T.);
#3420=EDGE_LOOP('',(#4317));
#3421=FACE_BOUND('',#3422,.T.);
#3422=EDGE_LOOP('',(#4318));
#3423=FACE_BOUND('',#3424,.T.);
#3424=EDGE_LOOP('',(#4319));
#3425=PLANE('',#3426);
#3426=AXIS2_PLACEMENT_3D('',#3427,#3428,#3429);
#3427=CARTESIAN_POINT('',(-1.38220016018093E-14,-10.,-7.60305141302761E-16));
#3428=DIRECTION('',(-1.28635124736305E-16,-1.,-7.12642219874122E-17));
#3429=DIRECTION('',(1.,-1.28635124736305E-16,-9.16708208458652E-33));
#3430=FACE_BOUND('',#3431,.T.);
#3431=EDGE_LOOP('',(#4320));
#3432=FACE_BOUND('',#3433,.T.);
#3433=EDGE_LOOP('',(#4321));
#3434=PLANE('',#3435);
#3435=AXIS2_PLACEMENT_3D('',#3436,#3437,#3438);
#3436=CARTESIAN_POINT('',(-1.38050658413677E-30,-3.5527136788005E-15,-2.46519032881566E-31));
#3437=DIRECTION('',(1.28635124736305E-16,1.,7.12642219874121E-17));
#3438=DIRECTION('',(-1.,1.28635124736305E-16,-1.22464679914735E-16));
#3439=FACE_BOUND('',#3440,.T.);
#3440=EDGE_LOOP('',(#4322));
#3441=FACE_BOUND('',#3442,.T.);
#3442=EDGE_LOOP('',(#4323));
#3443=PLANE('',#3444);
#3444=AXIS2_PLACEMENT_3D('',#3445,#3446,#3447);
#3445=CARTESIAN_POINT('',(-1.38050658413677E-30,-3.5527136788005E-15,-2.46519032881566E-31));
#3446=DIRECTION('',(1.28635124736305E-16,1.,7.12642219874121E-17));
#3447=DIRECTION('',(-1.,1.28635124736305E-16,-1.22464679914735E-16));
#3448=FACE_OUTER_BOUND('',#3449,.T.);
#3449=EDGE_LOOP('',(#4324));
#3450=FACE_OUTER_BOUND('',#3451,.T.);
#3451=EDGE_LOOP('',(#4325));
#3452=CYLINDRICAL_SURFACE('',#3453,3.5);
#3453=AXIS2_PLACEMENT_3D('',#3454,#3455,#3456);
#3454=CARTESIAN_POINT('',(-245.959638711034,-4.99999999999996,-79.9999999997595));
#3455=DIRECTION('',(-1.28635124736305E-16,-1.,-7.12642219874122E-17));
#3456=DIRECTION('',(1.,-1.28635124736305E-16,-9.16708208458652E-33));
#3457=FACE_OUTER_BOUND('',#3458,.T.);
#3458=EDGE_LOOP('',(#4326));
#3459=FACE_OUTER_BOUND('',#3460,.T.);
#3460=EDGE_LOOP('',(#4327));
#3461=CYLINDRICAL_SURFACE('',#3462,3.5);
#3462=AXIS2_PLACEMENT_3D('',#3463,#3464,#3465);
#3463=CARTESIAN_POINT('',(-245.959638711034,-4.99999999999997,-44.9999999997595));
#3464=DIRECTION('',(-1.28635124736305E-16,-1.,-7.12642219874122E-17));
#3465=DIRECTION('',(1.,-1.28635124736305E-16,-9.16708208458652E-33));
#3466=FACE_OUTER_BOUND('',#3467,.T.);
#3467=EDGE_LOOP('',(#4328));
#3468=FACE_OUTER_BOUND('',#3469,.T.);
#3469=EDGE_LOOP('',(#4329));
#3470=CYLINDRICAL_SURFACE('',#3471,2.5);
#3471=AXIS2_PLACEMENT_3D('',#3472,#3473,#3474);
#3472=CARTESIAN_POINT('',(-245.959638711274,-24.4795833297873,-53.7500000000814));
#3473=DIRECTION('',(1.28635124736305E-16,1.,7.12642219874121E-17));
#3474=DIRECTION('',(-1.,1.28635124736305E-16,-1.22464679914735E-16));
#3475=FACE_OUTER_BOUND('',#3476,.T.);
#3476=EDGE_LOOP('',(#4330));
#3477=FACE_OUTER_BOUND('',#3478,.T.);
#3478=EDGE_LOOP('',(#4331));
#3479=CYLINDRICAL_SURFACE('',#3480,2.5);
#3480=AXIS2_PLACEMENT_3D('',#3481,#3482,#3483);
#3481=CARTESIAN_POINT('',(-245.959638711274,-24.4795833297873,-71.25));
#3482=DIRECTION('',(1.28635124736305E-16,1.,7.12642219874121E-17));
#3483=DIRECTION('',(-1.,1.28635124736305E-16,-1.22464679914735E-16));
#3484=FACE_BOUND('',#3485,.T.);
#3485=EDGE_LOOP('',(#4332));
#3486=PLANE('',#3487);
#3487=AXIS2_PLACEMENT_3D('',#3488,#3489,#3490);
#3488=CARTESIAN_POINT('',(-6.43175623681527E-16,-5.,-3.56321109937061E-16));
#3489=DIRECTION('',(-1.28635124736305E-16,-1.,-7.12642219874122E-17));
#3490=DIRECTION('',(1.,-1.28635124736305E-16,-9.16708208458652E-33));
#3491=FACE_BOUND('',#3492,.T.);
#3492=EDGE_LOOP('',(#4333));
#3493=PLANE('',#3494);
#3494=AXIS2_PLACEMENT_3D('',#3495,#3496,#3497);
#3495=CARTESIAN_POINT('',(-6.43175623681527E-16,-5.,-3.56321109937061E-16));
#3496=DIRECTION('',(-1.28635124736305E-16,-1.,-7.12642219874122E-17));
#3497=DIRECTION('',(1.,-1.28635124736305E-16,-9.16708208458652E-33));
#3498=ORIENTED_EDGE('',*,*,#4334,.T.);
#3499=ORIENTED_EDGE('',*,*,#4335,.T.);
#3500=ORIENTED_EDGE('',*,*,#4336,.T.);
#3501=ORIENTED_EDGE('',*,*,#4337,.T.);
#3502=ORIENTED_EDGE('',*,*,#4338,.T.);
#3503=ORIENTED_EDGE('',*,*,#4339,.T.);
#3504=ORIENTED_EDGE('',*,*,#4340,.T.);
#3505=ORIENTED_EDGE('',*,*,#4341,.T.);
#3506=ORIENTED_EDGE('',*,*,#4342,.T.);
#3507=ORIENTED_EDGE('',*,*,#4343,.T.);
#3508=ORIENTED_EDGE('',*,*,#4344,.T.);
#3509=ORIENTED_EDGE('',*,*,#4345,.T.);
#3510=ORIENTED_EDGE('',*,*,#4346,.T.);
#3511=ORIENTED_EDGE('',*,*,#4347,.T.);
#3512=ORIENTED_EDGE('',*,*,#4334,.F.);
#3513=ORIENTED_EDGE('',*,*,#4346,.F.);
#3514=ORIENTED_EDGE('',*,*,#4347,.F.);
#3515=ORIENTED_EDGE('',*,*,#4348,.T.);
#3516=ORIENTED_EDGE('',*,*,#4336,.F.);
#3517=ORIENTED_EDGE('',*,*,#4345,.F.);
#3518=ORIENTED_EDGE('',*,*,#4348,.F.);
#3519=ORIENTED_EDGE('',*,*,#4349,.T.);
#3520=ORIENTED_EDGE('',*,*,#4338,.F.);
#3521=ORIENTED_EDGE('',*,*,#4344,.F.);
#3522=ORIENTED_EDGE('',*,*,#4349,.F.);
#3523=ORIENTED_EDGE('',*,*,#4350,.T.);
#3524=ORIENTED_EDGE('',*,*,#4335,.F.);
#3525=ORIENTED_EDGE('',*,*,#4351,.T.);
#3526=ORIENTED_EDGE('',*,*,#4337,.F.);
#3527=ORIENTED_EDGE('',*,*,#4352,.T.);
#3528=ORIENTED_EDGE('',*,*,#4339,.F.);
#3529=ORIENTED_EDGE('',*,*,#4353,.F.);
#3530=ORIENTED_EDGE('',*,*,#4354,.F.);
#3531=ORIENTED_EDGE('',*,*,#4340,.F.);
#3532=ORIENTED_EDGE('',*,*,#4355,.T.);
#3533=ORIENTED_EDGE('',*,*,#4356,.F.);
#3534=ORIENTED_EDGE('',*,*,#4357,.F.);
#3535=ORIENTED_EDGE('',*,*,#4341,.F.);
#3536=ORIENTED_EDGE('',*,*,#4354,.T.);
#3537=ORIENTED_EDGE('',*,*,#4358,.F.);
#3538=ORIENTED_EDGE('',*,*,#4359,.F.);
#3539=ORIENTED_EDGE('',*,*,#4342,.F.);
#3540=ORIENTED_EDGE('',*,*,#4357,.T.);
#3541=ORIENTED_EDGE('',*,*,#4360,.F.);
#3542=ORIENTED_EDGE('',*,*,#4355,.F.);
#3543=ORIENTED_EDGE('',*,*,#4343,.F.);
#3544=ORIENTED_EDGE('',*,*,#4359,.T.);
#3545=ORIENTED_EDGE('',*,*,#4350,.F.);
#3546=ORIENTED_EDGE('',*,*,#4361,.F.);
#3547=ORIENTED_EDGE('',*,*,#4351,.F.);
#3548=ORIENTED_EDGE('',*,*,#4362,.F.);
#3549=ORIENTED_EDGE('',*,*,#4352,.F.);
#3550=ORIENTED_EDGE('',*,*,#4363,.F.);
#3551=ORIENTED_EDGE('',*,*,#4364,.F.);
#3552=ORIENTED_EDGE('',*,*,#4365,.F.);
#3553=ORIENTED_EDGE('',*,*,#4353,.T.);
#3554=ORIENTED_EDGE('',*,*,#4366,.T.);
#3555=ORIENTED_EDGE('',*,*,#4367,.F.);
#3556=ORIENTED_EDGE('',*,*,#4368,.F.);
#3557=ORIENTED_EDGE('',*,*,#4356,.T.);
#3558=ORIENTED_EDGE('',*,*,#4365,.T.);
#3559=ORIENTED_EDGE('',*,*,#4369,.F.);
#3560=ORIENTED_EDGE('',*,*,#4370,.F.);
#3561=ORIENTED_EDGE('',*,*,#4358,.T.);
#3562=ORIENTED_EDGE('',*,*,#4368,.T.);
#3563=ORIENTED_EDGE('',*,*,#4371,.F.);
#3564=ORIENTED_EDGE('',*,*,#4366,.F.);
#3565=ORIENTED_EDGE('',*,*,#4360,.T.);
#3566=ORIENTED_EDGE('',*,*,#4370,.T.);
#3567=ORIENTED_EDGE('',*,*,#4372,.F.);
#3568=ORIENTED_EDGE('',*,*,#4373,.T.);
#3569=ORIENTED_EDGE('',*,*,#4374,.F.);
#3570=ORIENTED_EDGE('',*,*,#4375,.T.);
#3571=ORIENTED_EDGE('',*,*,#4361,.T.);
#3572=ORIENTED_EDGE('',*,*,#4376,.F.);
#3573=ORIENTED_EDGE('',*,*,#4377,.T.);
#3574=ORIENTED_EDGE('',*,*,#4378,.F.);
#3575=ORIENTED_EDGE('',*,*,#4379,.T.);
#3576=ORIENTED_EDGE('',*,*,#4362,.T.);
#3577=ORIENTED_EDGE('',*,*,#4380,.F.);
#3578=ORIENTED_EDGE('',*,*,#4381,.T.);
#3579=ORIENTED_EDGE('',*,*,#4382,.F.);
#3580=ORIENTED_EDGE('',*,*,#4383,.T.);
#3581=ORIENTED_EDGE('',*,*,#4363,.T.);
#3582=ORIENTED_EDGE('',*,*,#4384,.T.);
#3583=ORIENTED_EDGE('',*,*,#4385,.T.);
#3584=ORIENTED_EDGE('',*,*,#4386,.T.);
#3585=ORIENTED_EDGE('',*,*,#4387,.T.);
#3586=ORIENTED_EDGE('',*,*,#4388,.T.);
#3587=ORIENTED_EDGE('',*,*,#4389,.T.);
#3588=ORIENTED_EDGE('',*,*,#4390,.T.);
#3589=ORIENTED_EDGE('',*,*,#4391,.F.);
#3590=ORIENTED_EDGE('',*,*,#4392,.T.);
#3591=ORIENTED_EDGE('',*,*,#4393,.F.);
#3592=ORIENTED_EDGE('',*,*,#4394,.T.);
#3593=ORIENTED_EDGE('',*,*,#4395,.T.);
#3594=ORIENTED_EDGE('',*,*,#4396,.F.);
#3595=ORIENTED_EDGE('',*,*,#4397,.T.);
#3596=ORIENTED_EDGE('',*,*,#4398,.T.);
#3597=ORIENTED_EDGE('',*,*,#4371,.T.);
#3598=ORIENTED_EDGE('',*,*,#4369,.T.);
#3599=ORIENTED_EDGE('',*,*,#4367,.T.);
#3600=ORIENTED_EDGE('',*,*,#4364,.T.);
#3601=ORIENTED_EDGE('',*,*,#4399,.T.);
#3602=ORIENTED_EDGE('',*,*,#4400,.T.);
#3603=ORIENTED_EDGE('',*,*,#4401,.T.);
#3604=ORIENTED_EDGE('',*,*,#4402,.T.);
#3605=ORIENTED_EDGE('',*,*,#4403,.T.);
#3606=ORIENTED_EDGE('',*,*,#4404,.T.);
#3607=ORIENTED_EDGE('',*,*,#4405,.T.);
#3608=ORIENTED_EDGE('',*,*,#4406,.T.);
#3609=ORIENTED_EDGE('',*,*,#4407,.T.);
#3610=ORIENTED_EDGE('',*,*,#4372,.T.);
#3611=ORIENTED_EDGE('',*,*,#4408,.T.);
#3612=ORIENTED_EDGE('',*,*,#4409,.F.);
#3613=ORIENTED_EDGE('',*,*,#4410,.T.);
#3614=ORIENTED_EDGE('',*,*,#4411,.F.);
#3615=ORIENTED_EDGE('',*,*,#4412,.F.);
#3616=ORIENTED_EDGE('',*,*,#4413,.F.);
#3617=ORIENTED_EDGE('',*,*,#4414,.F.);
#3618=ORIENTED_EDGE('',*,*,#4415,.F.);
#3619=ORIENTED_EDGE('',*,*,#4416,.F.);
#3620=ORIENTED_EDGE('',*,*,#4381,.F.);
#3621=ORIENTED_EDGE('',*,*,#4417,.F.);
#3622=ORIENTED_EDGE('',*,*,#4377,.F.);
#3623=ORIENTED_EDGE('',*,*,#4418,.F.);
#3624=ORIENTED_EDGE('',*,*,#4373,.F.);
#3625=ORIENTED_EDGE('',*,*,#4407,.F.);
#3626=ORIENTED_EDGE('',*,*,#4419,.T.);
#3627=ORIENTED_EDGE('',*,*,#4420,.T.);
#3628=ORIENTED_EDGE('',*,*,#4374,.T.);
#3629=ORIENTED_EDGE('',*,*,#4418,.T.);
#3630=ORIENTED_EDGE('',*,*,#4376,.T.);
#3631=ORIENTED_EDGE('',*,*,#4421,.F.);
#3632=ORIENTED_EDGE('',*,*,#4422,.T.);
#3633=ORIENTED_EDGE('',*,*,#4423,.F.);
#3634=ORIENTED_EDGE('',*,*,#4424,.F.);
#3635=ORIENTED_EDGE('',*,*,#4403,.F.);
#3636=ORIENTED_EDGE('',*,*,#4375,.F.);
#3637=ORIENTED_EDGE('',*,*,#4420,.F.);
#3638=ORIENTED_EDGE('',*,*,#4379,.F.);
#3639=ORIENTED_EDGE('',*,*,#4425,.F.);
#3640=ORIENTED_EDGE('',*,*,#4383,.F.);
#3641=ORIENTED_EDGE('',*,*,#4426,.F.);
#3642=ORIENTED_EDGE('',*,*,#4427,.T.);
#3643=ORIENTED_EDGE('',*,*,#4425,.T.);
#3644=ORIENTED_EDGE('',*,*,#4378,.T.);
#3645=ORIENTED_EDGE('',*,*,#4417,.T.);
#3646=ORIENTED_EDGE('',*,*,#4380,.T.);
#3647=ORIENTED_EDGE('',*,*,#4428,.F.);
#3648=ORIENTED_EDGE('',*,*,#4429,.T.);
#3649=ORIENTED_EDGE('',*,*,#4430,.T.);
#3650=ORIENTED_EDGE('',*,*,#4426,.T.);
#3651=ORIENTED_EDGE('',*,*,#4382,.T.);
#3652=ORIENTED_EDGE('',*,*,#4416,.T.);
#3653=ORIENTED_EDGE('',*,*,#4431,.T.);
#3654=ORIENTED_EDGE('',*,*,#4432,.T.);
#3655=ORIENTED_EDGE('',*,*,#4433,.F.);
#3656=ORIENTED_EDGE('',*,*,#4434,.T.);
#3657=ORIENTED_EDGE('',*,*,#4384,.F.);
#3658=ORIENTED_EDGE('',*,*,#4435,.F.);
#3659=ORIENTED_EDGE('',*,*,#4436,.T.);
#3660=ORIENTED_EDGE('',*,*,#4437,.T.);
#3661=ORIENTED_EDGE('',*,*,#4385,.F.);
#3662=ORIENTED_EDGE('',*,*,#4437,.F.);
#3663=ORIENTED_EDGE('',*,*,#4438,.T.);
#3664=ORIENTED_EDGE('',*,*,#4439,.T.);
#3665=ORIENTED_EDGE('',*,*,#4386,.F.);
#3666=ORIENTED_EDGE('',*,*,#4439,.F.);
#3667=ORIENTED_EDGE('',*,*,#4440,.T.);
#3668=ORIENTED_EDGE('',*,*,#4441,.T.);
#3669=ORIENTED_EDGE('',*,*,#4387,.F.);
#3670=ORIENTED_EDGE('',*,*,#4441,.F.);
#3671=ORIENTED_EDGE('',*,*,#4442,.T.);
#3672=ORIENTED_EDGE('',*,*,#4443,.T.);
#3673=ORIENTED_EDGE('',*,*,#4388,.F.);
#3674=ORIENTED_EDGE('',*,*,#4443,.F.);
#3675=ORIENTED_EDGE('',*,*,#4444,.T.);
#3676=ORIENTED_EDGE('',*,*,#4445,.T.);
#3677=ORIENTED_EDGE('',*,*,#4389,.F.);
#3678=ORIENTED_EDGE('',*,*,#4445,.F.);
#3679=ORIENTED_EDGE('',*,*,#4446,.T.);
#3680=ORIENTED_EDGE('',*,*,#4447,.T.);
#3681=ORIENTED_EDGE('',*,*,#4390,.F.);
#3682=ORIENTED_EDGE('',*,*,#4447,.F.);
#3683=ORIENTED_EDGE('',*,*,#4448,.T.);
#3684=ORIENTED_EDGE('',*,*,#4449,.T.);
#3685=ORIENTED_EDGE('',*,*,#4450,.F.);
#3686=ORIENTED_EDGE('',*,*,#4451,.T.);
#3687=ORIENTED_EDGE('',*,*,#4391,.T.);
#3688=ORIENTED_EDGE('',*,*,#4449,.F.);
#3689=ORIENTED_EDGE('',*,*,#4392,.F.);
#3690=ORIENTED_EDGE('',*,*,#4451,.F.);
#3691=ORIENTED_EDGE('',*,*,#4452,.T.);
#3692=ORIENTED_EDGE('',*,*,#4453,.T.);
#3693=ORIENTED_EDGE('',*,*,#4454,.F.);
#3694=ORIENTED_EDGE('',*,*,#4455,.T.);
#3695=ORIENTED_EDGE('',*,*,#4393,.T.);
#3696=ORIENTED_EDGE('',*,*,#4453,.F.);
#3697=ORIENTED_EDGE('',*,*,#4456,.F.);
#3698=ORIENTED_EDGE('',*,*,#4457,.T.);
#3699=ORIENTED_EDGE('',*,*,#4458,.T.);
#3700=ORIENTED_EDGE('',*,*,#4394,.F.);
#3701=ORIENTED_EDGE('',*,*,#4459,.T.);
#3702=ORIENTED_EDGE('',*,*,#4395,.F.);
#3703=ORIENTED_EDGE('',*,*,#4458,.F.);
#3704=ORIENTED_EDGE('',*,*,#4460,.F.);
#3705=ORIENTED_EDGE('',*,*,#4461,.F.);
#3706=ORIENTED_EDGE('',*,*,#4462,.F.);
#3707=ORIENTED_EDGE('',*,*,#4463,.F.);
#3708=ORIENTED_EDGE('',*,*,#4464,.F.);
#3709=ORIENTED_EDGE('',*,*,#4465,.F.);
#3710=ORIENTED_EDGE('',*,*,#4466,.F.);
#3711=ORIENTED_EDGE('',*,*,#4467,.T.);
#3712=ORIENTED_EDGE('',*,*,#4468,.T.);
#3713=ORIENTED_EDGE('',*,*,#4469,.T.);
#3714=ORIENTED_EDGE('',*,*,#4470,.T.);
#3715=ORIENTED_EDGE('',*,*,#4471,.F.);
#3716=ORIENTED_EDGE('',*,*,#4472,.F.);
#3717=ORIENTED_EDGE('',*,*,#4396,.T.);
#3718=ORIENTED_EDGE('',*,*,#4459,.F.);
#3719=ORIENTED_EDGE('',*,*,#4473,.F.);
#3720=ORIENTED_EDGE('',*,*,#4472,.T.);
#3721=ORIENTED_EDGE('',*,*,#4474,.F.);
#3722=ORIENTED_EDGE('',*,*,#4475,.T.);
#3723=ORIENTED_EDGE('',*,*,#4476,.F.);
#3724=ORIENTED_EDGE('',*,*,#4477,.T.);
#3725=ORIENTED_EDGE('',*,*,#4478,.T.);
#3726=ORIENTED_EDGE('',*,*,#4479,.T.);
#3727=ORIENTED_EDGE('',*,*,#4480,.T.);
#3728=ORIENTED_EDGE('',*,*,#4481,.T.);
#3729=ORIENTED_EDGE('',*,*,#4482,.T.);
#3730=ORIENTED_EDGE('',*,*,#4483,.T.);
#3731=ORIENTED_EDGE('',*,*,#4397,.F.);
#3732=ORIENTED_EDGE('',*,*,#4484,.T.);
#3733=ORIENTED_EDGE('',*,*,#4485,.T.);
#3734=ORIENTED_EDGE('',*,*,#4486,.F.);
#3735=ORIENTED_EDGE('',*,*,#4398,.F.);
#3736=ORIENTED_EDGE('',*,*,#4483,.F.);
#3737=ORIENTED_EDGE('',*,*,#4487,.T.);
#3738=ORIENTED_EDGE('',*,*,#4399,.F.);
#3739=ORIENTED_EDGE('',*,*,#4488,.F.);
#3740=ORIENTED_EDGE('',*,*,#4489,.T.);
#3741=ORIENTED_EDGE('',*,*,#4490,.T.);
#3742=ORIENTED_EDGE('',*,*,#4400,.F.);
#3743=ORIENTED_EDGE('',*,*,#4490,.F.);
#3744=ORIENTED_EDGE('',*,*,#4491,.T.);
#3745=ORIENTED_EDGE('',*,*,#4492,.T.);
#3746=ORIENTED_EDGE('',*,*,#4401,.F.);
#3747=ORIENTED_EDGE('',*,*,#4492,.F.);
#3748=ORIENTED_EDGE('',*,*,#4493,.T.);
#3749=ORIENTED_EDGE('',*,*,#4494,.T.);
#3750=ORIENTED_EDGE('',*,*,#4402,.F.);
#3751=ORIENTED_EDGE('',*,*,#4494,.F.);
#3752=ORIENTED_EDGE('',*,*,#4495,.T.);
#3753=ORIENTED_EDGE('',*,*,#4488,.T.);
#3754=ORIENTED_EDGE('',*,*,#4496,.T.);
#3755=ORIENTED_EDGE('',*,*,#4497,.T.);
#3756=ORIENTED_EDGE('',*,*,#4498,.T.);
#3757=ORIENTED_EDGE('',*,*,#4499,.T.);
#3758=ORIENTED_EDGE('',*,*,#4500,.T.);
#3759=ORIENTED_EDGE('',*,*,#4409,.T.);
#3760=ORIENTED_EDGE('',*,*,#4500,.F.);
#3761=ORIENTED_EDGE('',*,*,#4501,.F.);
#3762=ORIENTED_EDGE('',*,*,#4502,.F.);
#3763=ORIENTED_EDGE('',*,*,#4411,.T.);
#3764=ORIENTED_EDGE('',*,*,#4410,.F.);
#3765=ORIENTED_EDGE('',*,*,#4503,.F.);
#3766=ORIENTED_EDGE('',*,*,#4419,.F.);
#3767=ORIENTED_EDGE('',*,*,#4406,.F.);
#3768=ORIENTED_EDGE('',*,*,#4504,.F.);
#3769=ORIENTED_EDGE('',*,*,#4404,.F.);
#3770=ORIENTED_EDGE('',*,*,#4424,.T.);
#3771=ORIENTED_EDGE('',*,*,#4413,.T.);
#3772=ORIENTED_EDGE('',*,*,#4505,.F.);
#3773=ORIENTED_EDGE('',*,*,#4405,.F.);
#3774=ORIENTED_EDGE('',*,*,#4504,.T.);
#3775=ORIENTED_EDGE('',*,*,#4506,.T.);
#3776=ORIENTED_EDGE('',*,*,#4412,.T.);
#3777=ORIENTED_EDGE('',*,*,#4502,.T.);
#3778=ORIENTED_EDGE('',*,*,#4507,.T.);
#3779=ORIENTED_EDGE('',*,*,#4508,.T.);
#3780=ORIENTED_EDGE('',*,*,#4509,.T.);
#3781=ORIENTED_EDGE('',*,*,#4496,.F.);
#3782=ORIENTED_EDGE('',*,*,#4408,.F.);
#3783=ORIENTED_EDGE('',*,*,#4506,.F.);
#3784=ORIENTED_EDGE('',*,*,#4510,.F.);
#3785=ORIENTED_EDGE('',*,*,#4511,.T.);
#3786=ORIENTED_EDGE('',*,*,#4512,.T.);
#3787=ORIENTED_EDGE('',*,*,#4513,.T.);
#3788=ORIENTED_EDGE('',*,*,#4514,.T.);
#3789=ORIENTED_EDGE('',*,*,#4515,.F.);
#3790=ORIENTED_EDGE('',*,*,#4516,.F.);
#3791=ORIENTED_EDGE('',*,*,#4422,.F.);
#3792=ORIENTED_EDGE('',*,*,#4429,.F.);
#3793=ORIENTED_EDGE('',*,*,#4434,.F.);
#3794=ORIENTED_EDGE('',*,*,#4517,.F.);
#3795=ORIENTED_EDGE('',*,*,#4518,.F.);
#3796=ORIENTED_EDGE('',*,*,#4414,.T.);
#3797=ORIENTED_EDGE('',*,*,#4519,.T.);
#3798=ORIENTED_EDGE('',*,*,#4520,.F.);
#3799=ORIENTED_EDGE('',*,*,#4427,.F.);
#3800=ORIENTED_EDGE('',*,*,#4430,.F.);
#3801=ORIENTED_EDGE('',*,*,#4521,.F.);
#3802=ORIENTED_EDGE('',*,*,#4431,.F.);
#3803=ORIENTED_EDGE('',*,*,#4415,.T.);
#3804=ORIENTED_EDGE('',*,*,#4421,.T.);
#3805=ORIENTED_EDGE('',*,*,#4522,.F.);
#3806=ORIENTED_EDGE('',*,*,#4523,.F.);
#3807=ORIENTED_EDGE('',*,*,#4524,.F.);
#3808=ORIENTED_EDGE('',*,*,#4423,.T.);
#3809=ORIENTED_EDGE('',*,*,#4525,.T.);
#3810=ORIENTED_EDGE('',*,*,#4428,.T.);
#3811=ORIENTED_EDGE('',*,*,#4526,.F.);
#3812=ORIENTED_EDGE('',*,*,#4433,.T.);
#3813=ORIENTED_EDGE('',*,*,#4527,.F.);
#3814=ORIENTED_EDGE('',*,*,#4432,.F.);
#3815=ORIENTED_EDGE('',*,*,#4521,.T.);
#3816=ORIENTED_EDGE('',*,*,#4528,.F.);
#3817=ORIENTED_EDGE('',*,*,#4435,.T.);
#3818=ORIENTED_EDGE('',*,*,#4486,.T.);
#3819=ORIENTED_EDGE('',*,*,#4529,.F.);
#3820=ORIENTED_EDGE('',*,*,#4530,.T.);
#3821=ORIENTED_EDGE('',*,*,#4531,.F.);
#3822=ORIENTED_EDGE('',*,*,#4436,.F.);
#3823=ORIENTED_EDGE('',*,*,#4528,.T.);
#3824=ORIENTED_EDGE('',*,*,#4532,.T.);
#3825=ORIENTED_EDGE('',*,*,#4533,.T.);
#3826=ORIENTED_EDGE('',*,*,#4534,.F.);
#3827=ORIENTED_EDGE('',*,*,#4438,.F.);
#3828=ORIENTED_EDGE('',*,*,#4531,.T.);
#3829=ORIENTED_EDGE('',*,*,#4535,.T.);
#3830=ORIENTED_EDGE('',*,*,#4536,.F.);
#3831=ORIENTED_EDGE('',*,*,#4537,.F.);
#3832=ORIENTED_EDGE('',*,*,#4440,.F.);
#3833=ORIENTED_EDGE('',*,*,#4534,.T.);
#3834=ORIENTED_EDGE('',*,*,#4538,.T.);
#3835=ORIENTED_EDGE('',*,*,#4539,.F.);
#3836=ORIENTED_EDGE('',*,*,#4540,.F.);
#3837=ORIENTED_EDGE('',*,*,#4541,.F.);
#3838=ORIENTED_EDGE('',*,*,#4542,.F.);
#3839=ORIENTED_EDGE('',*,*,#4543,.T.);
#3840=ORIENTED_EDGE('',*,*,#4544,.T.);
#3841=ORIENTED_EDGE('',*,*,#4545,.F.);
#3842=ORIENTED_EDGE('',*,*,#4546,.F.);
#3843=ORIENTED_EDGE('',*,*,#4547,.F.);
#3844=ORIENTED_EDGE('',*,*,#4442,.F.);
#3845=ORIENTED_EDGE('',*,*,#4537,.T.);
#3846=ORIENTED_EDGE('',*,*,#4548,.F.);
#3847=ORIENTED_EDGE('',*,*,#4549,.T.);
#3848=ORIENTED_EDGE('',*,*,#4550,.F.);
#3849=ORIENTED_EDGE('',*,*,#4444,.F.);
#3850=ORIENTED_EDGE('',*,*,#4547,.T.);
#3851=ORIENTED_EDGE('',*,*,#4551,.F.);
#3852=ORIENTED_EDGE('',*,*,#4552,.F.);
#3853=ORIENTED_EDGE('',*,*,#4545,.T.);
#3854=ORIENTED_EDGE('',*,*,#4553,.T.);
#3855=ORIENTED_EDGE('',*,*,#4554,.T.);
#3856=ORIENTED_EDGE('',*,*,#4555,.F.);
#3857=ORIENTED_EDGE('',*,*,#4556,.F.);
#3858=ORIENTED_EDGE('',*,*,#4446,.F.);
#3859=ORIENTED_EDGE('',*,*,#4550,.T.);
#3860=ORIENTED_EDGE('',*,*,#4557,.F.);
#3861=ORIENTED_EDGE('',*,*,#4558,.F.);
#3862=ORIENTED_EDGE('',*,*,#4448,.F.);
#3863=ORIENTED_EDGE('',*,*,#4556,.T.);
#3864=ORIENTED_EDGE('',*,*,#4559,.F.);
#3865=ORIENTED_EDGE('',*,*,#4560,.F.);
#3866=ORIENTED_EDGE('',*,*,#4561,.T.);
#3867=ORIENTED_EDGE('',*,*,#4560,.T.);
#3868=ORIENTED_EDGE('',*,*,#4562,.T.);
#3869=ORIENTED_EDGE('',*,*,#4563,.F.);
#3870=ORIENTED_EDGE('',*,*,#4450,.T.);
#3871=ORIENTED_EDGE('',*,*,#4558,.T.);
#3872=ORIENTED_EDGE('',*,*,#4564,.T.);
#3873=ORIENTED_EDGE('',*,*,#4565,.T.);
#3874=ORIENTED_EDGE('',*,*,#4452,.F.);
#3875=ORIENTED_EDGE('',*,*,#4563,.T.);
#3876=ORIENTED_EDGE('',*,*,#4566,.F.);
#3877=ORIENTED_EDGE('',*,*,#4567,.F.);
#3878=ORIENTED_EDGE('',*,*,#4454,.T.);
#3879=ORIENTED_EDGE('',*,*,#4567,.T.);
#3880=ORIENTED_EDGE('',*,*,#4568,.T.);
#3881=ORIENTED_EDGE('',*,*,#4569,.T.);
#3882=ORIENTED_EDGE('',*,*,#4570,.T.);
#3883=ORIENTED_EDGE('',*,*,#4571,.T.);
#3884=ORIENTED_EDGE('',*,*,#4572,.T.);
#3885=ORIENTED_EDGE('',*,*,#4573,.T.);
#3886=ORIENTED_EDGE('',*,*,#4574,.T.);
#3887=ORIENTED_EDGE('',*,*,#4575,.T.);
#3888=ORIENTED_EDGE('',*,*,#4527,.T.);
#3889=ORIENTED_EDGE('',*,*,#4526,.T.);
#3890=ORIENTED_EDGE('',*,*,#4522,.T.);
#3891=ORIENTED_EDGE('',*,*,#4505,.T.);
#3892=ORIENTED_EDGE('',*,*,#4575,.F.);
#3893=ORIENTED_EDGE('',*,*,#4576,.T.);
#3894=ORIENTED_EDGE('',*,*,#4456,.T.);
#3895=ORIENTED_EDGE('',*,*,#4455,.F.);
#3896=ORIENTED_EDGE('',*,*,#4577,.F.);
#3897=ORIENTED_EDGE('',*,*,#4578,.T.);
#3898=ORIENTED_EDGE('',*,*,#4460,.T.);
#3899=ORIENTED_EDGE('',*,*,#4457,.F.);
#3900=ORIENTED_EDGE('',*,*,#4579,.F.);
#3901=ORIENTED_EDGE('',*,*,#4580,.T.);
#3902=ORIENTED_EDGE('',*,*,#4461,.T.);
#3903=ORIENTED_EDGE('',*,*,#4578,.F.);
#3904=ORIENTED_EDGE('',*,*,#4581,.F.);
#3905=ORIENTED_EDGE('',*,*,#4582,.T.);
#3906=ORIENTED_EDGE('',*,*,#4462,.T.);
#3907=ORIENTED_EDGE('',*,*,#4580,.F.);
#3908=ORIENTED_EDGE('',*,*,#4583,.F.);
#3909=ORIENTED_EDGE('',*,*,#4584,.T.);
#3910=ORIENTED_EDGE('',*,*,#4463,.T.);
#3911=ORIENTED_EDGE('',*,*,#4582,.F.);
#3912=ORIENTED_EDGE('',*,*,#4585,.F.);
#3913=ORIENTED_EDGE('',*,*,#4586,.T.);
#3914=ORIENTED_EDGE('',*,*,#4464,.T.);
#3915=ORIENTED_EDGE('',*,*,#4584,.F.);
#3916=ORIENTED_EDGE('',*,*,#4587,.F.);
#3917=ORIENTED_EDGE('',*,*,#4588,.F.);
#3918=ORIENTED_EDGE('',*,*,#4465,.T.);
#3919=ORIENTED_EDGE('',*,*,#4586,.F.);
#3920=ORIENTED_EDGE('',*,*,#4589,.F.);
#3921=ORIENTED_EDGE('',*,*,#4590,.T.);
#3922=ORIENTED_EDGE('',*,*,#4591,.F.);
#3923=ORIENTED_EDGE('',*,*,#4592,.T.);
#3924=ORIENTED_EDGE('',*,*,#4593,.T.);
#3925=ORIENTED_EDGE('',*,*,#4594,.T.);
#3926=ORIENTED_EDGE('',*,*,#4595,.T.);
#3927=ORIENTED_EDGE('',*,*,#4596,.T.);
#3928=ORIENTED_EDGE('',*,*,#4597,.T.);
#3929=ORIENTED_EDGE('',*,*,#4598,.T.);
#3930=ORIENTED_EDGE('',*,*,#4599,.T.);
#3931=ORIENTED_EDGE('',*,*,#4476,.T.);
#3932=ORIENTED_EDGE('',*,*,#4600,.T.);
#3933=ORIENTED_EDGE('',*,*,#4466,.T.);
#3934=ORIENTED_EDGE('',*,*,#4588,.T.);
#3935=ORIENTED_EDGE('',*,*,#4601,.T.);
#3936=ORIENTED_EDGE('',*,*,#4602,.T.);
#3937=ORIENTED_EDGE('',*,*,#4603,.T.);
#3938=ORIENTED_EDGE('',*,*,#4604,.T.);
#3939=ORIENTED_EDGE('',*,*,#4605,.T.);
#3940=ORIENTED_EDGE('',*,*,#4517,.T.);
#3941=ORIENTED_EDGE('',*,*,#4606,.T.);
#3942=ORIENTED_EDGE('',*,*,#4523,.T.);
#3943=ORIENTED_EDGE('',*,*,#4607,.F.);
#3944=ORIENTED_EDGE('',*,*,#4608,.T.);
#3945=ORIENTED_EDGE('',*,*,#4467,.F.);
#3946=ORIENTED_EDGE('',*,*,#4600,.F.);
#3947=ORIENTED_EDGE('',*,*,#4475,.F.);
#3948=ORIENTED_EDGE('',*,*,#4609,.F.);
#3949=ORIENTED_EDGE('',*,*,#4473,.T.);
#3950=ORIENTED_EDGE('',*,*,#4468,.F.);
#3951=ORIENTED_EDGE('',*,*,#4608,.F.);
#3952=ORIENTED_EDGE('',*,*,#4484,.F.);
#3953=ORIENTED_EDGE('',*,*,#4469,.F.);
#3954=ORIENTED_EDGE('',*,*,#4485,.F.);
#3955=ORIENTED_EDGE('',*,*,#4470,.F.);
#3956=ORIENTED_EDGE('',*,*,#4471,.T.);
#3957=ORIENTED_EDGE('',*,*,#4609,.T.);
#3958=ORIENTED_EDGE('',*,*,#4607,.T.);
#3959=ORIENTED_EDGE('',*,*,#4474,.T.);
#3960=ORIENTED_EDGE('',*,*,#4610,.F.);
#3961=ORIENTED_EDGE('',*,*,#4611,.F.);
#3962=ORIENTED_EDGE('',*,*,#4477,.F.);
#3963=ORIENTED_EDGE('',*,*,#4599,.F.);
#3964=ORIENTED_EDGE('',*,*,#4612,.F.);
#3965=ORIENTED_EDGE('',*,*,#4613,.F.);
#3966=ORIENTED_EDGE('',*,*,#4614,.F.);
#3967=ORIENTED_EDGE('',*,*,#4615,.F.);
#3968=ORIENTED_EDGE('',*,*,#4478,.F.);
#3969=ORIENTED_EDGE('',*,*,#4611,.T.);
#3970=ORIENTED_EDGE('',*,*,#4616,.F.);
#3971=ORIENTED_EDGE('',*,*,#4617,.F.);
#3972=ORIENTED_EDGE('',*,*,#4479,.F.);
#3973=ORIENTED_EDGE('',*,*,#4615,.T.);
#3974=ORIENTED_EDGE('',*,*,#4618,.F.);
#3975=ORIENTED_EDGE('',*,*,#4619,.F.);
#3976=ORIENTED_EDGE('',*,*,#4480,.F.);
#3977=ORIENTED_EDGE('',*,*,#4617,.T.);
#3978=ORIENTED_EDGE('',*,*,#4620,.T.);
#3979=ORIENTED_EDGE('',*,*,#4621,.F.);
#3980=ORIENTED_EDGE('',*,*,#4481,.F.);
#3981=ORIENTED_EDGE('',*,*,#4619,.T.);
#3982=ORIENTED_EDGE('',*,*,#4622,.F.);
#3983=ORIENTED_EDGE('',*,*,#4623,.T.);
#3984=ORIENTED_EDGE('',*,*,#4624,.F.);
#3985=ORIENTED_EDGE('',*,*,#4487,.F.);
#3986=ORIENTED_EDGE('',*,*,#4482,.F.);
#3987=ORIENTED_EDGE('',*,*,#4621,.T.);
#3988=ORIENTED_EDGE('',*,*,#4489,.F.);
#3989=ORIENTED_EDGE('',*,*,#4625,.F.);
#3990=ORIENTED_EDGE('',*,*,#4626,.F.);
#3991=ORIENTED_EDGE('',*,*,#4627,.F.);
#3992=ORIENTED_EDGE('',*,*,#4628,.F.);
#3993=ORIENTED_EDGE('',*,*,#4629,.T.);
#3994=ORIENTED_EDGE('',*,*,#4491,.F.);
#3995=ORIENTED_EDGE('',*,*,#4629,.F.);
#3996=ORIENTED_EDGE('',*,*,#4630,.F.);
#3997=ORIENTED_EDGE('',*,*,#4631,.F.);
#3998=ORIENTED_EDGE('',*,*,#4632,.F.);
#3999=ORIENTED_EDGE('',*,*,#4633,.F.);
#4000=ORIENTED_EDGE('',*,*,#4634,.F.);
#4001=ORIENTED_EDGE('',*,*,#4635,.F.);
#4002=ORIENTED_EDGE('',*,*,#4636,.F.);
#4003=ORIENTED_EDGE('',*,*,#4637,.T.);
#4004=ORIENTED_EDGE('',*,*,#4493,.F.);
#4005=ORIENTED_EDGE('',*,*,#4637,.F.);
#4006=ORIENTED_EDGE('',*,*,#4638,.F.);
#4007=ORIENTED_EDGE('',*,*,#4639,.F.);
#4008=ORIENTED_EDGE('',*,*,#4640,.F.);
#4009=ORIENTED_EDGE('',*,*,#4641,.F.);
#4010=ORIENTED_EDGE('',*,*,#4642,.F.);
#4011=ORIENTED_EDGE('',*,*,#4643,.T.);
#4012=ORIENTED_EDGE('',*,*,#4495,.F.);
#4013=ORIENTED_EDGE('',*,*,#4643,.F.);
#4014=ORIENTED_EDGE('',*,*,#4644,.F.);
#4015=ORIENTED_EDGE('',*,*,#4645,.F.);
#4016=ORIENTED_EDGE('',*,*,#4646,.F.);
#4017=ORIENTED_EDGE('',*,*,#4647,.F.);
#4018=ORIENTED_EDGE('',*,*,#4648,.F.);
#4019=ORIENTED_EDGE('',*,*,#4649,.F.);
#4020=ORIENTED_EDGE('',*,*,#4650,.F.);
#4021=ORIENTED_EDGE('',*,*,#4625,.T.);
#4022=ORIENTED_EDGE('',*,*,#4651,.T.);
#4023=ORIENTED_EDGE('',*,*,#4497,.F.);
#4024=ORIENTED_EDGE('',*,*,#4516,.T.);
#4025=ORIENTED_EDGE('',*,*,#4652,.F.);
#4026=ORIENTED_EDGE('',*,*,#4653,.F.);
#4027=ORIENTED_EDGE('',*,*,#4654,.T.);
#4028=ORIENTED_EDGE('',*,*,#4498,.F.);
#4029=ORIENTED_EDGE('',*,*,#4651,.F.);
#4030=ORIENTED_EDGE('',*,*,#4655,.T.);
#4031=ORIENTED_EDGE('',*,*,#4499,.F.);
#4032=ORIENTED_EDGE('',*,*,#4655,.F.);
#4033=ORIENTED_EDGE('',*,*,#4654,.F.);
#4034=ORIENTED_EDGE('',*,*,#4656,.F.);
#4035=ORIENTED_EDGE('',*,*,#4657,.F.);
#4036=ORIENTED_EDGE('',*,*,#4553,.F.);
#4037=ORIENTED_EDGE('',*,*,#4549,.F.);
#4038=ORIENTED_EDGE('',*,*,#4544,.F.);
#4039=ORIENTED_EDGE('',*,*,#4658,.F.);
#4040=ORIENTED_EDGE('',*,*,#4659,.T.);
#4041=ORIENTED_EDGE('',*,*,#4507,.F.);
#4042=ORIENTED_EDGE('',*,*,#4501,.T.);
#4043=ORIENTED_EDGE('',*,*,#4606,.F.);
#4044=ORIENTED_EDGE('',*,*,#4519,.F.);
#4045=ORIENTED_EDGE('',*,*,#4503,.T.);
#4046=ORIENTED_EDGE('',*,*,#4524,.T.);
#4047=ORIENTED_EDGE('',*,*,#4508,.F.);
#4048=ORIENTED_EDGE('',*,*,#4659,.F.);
#4049=ORIENTED_EDGE('',*,*,#4660,.F.);
#4050=ORIENTED_EDGE('',*,*,#4661,.F.);
#4051=ORIENTED_EDGE('',*,*,#4662,.T.);
#4052=ORIENTED_EDGE('',*,*,#4663,.T.);
#4053=ORIENTED_EDGE('',*,*,#4510,.T.);
#4054=ORIENTED_EDGE('',*,*,#4509,.F.);
#4055=ORIENTED_EDGE('',*,*,#4660,.T.);
#4056=ORIENTED_EDGE('',*,*,#4658,.T.);
#4057=ORIENTED_EDGE('',*,*,#4543,.F.);
#4058=ORIENTED_EDGE('',*,*,#4664,.F.);
#4059=ORIENTED_EDGE('',*,*,#4665,.F.);
#4060=ORIENTED_EDGE('',*,*,#4538,.F.);
#4061=ORIENTED_EDGE('',*,*,#4533,.F.);
#4062=ORIENTED_EDGE('',*,*,#4530,.F.);
#4063=ORIENTED_EDGE('',*,*,#4666,.F.);
#4064=ORIENTED_EDGE('',*,*,#4623,.F.);
#4065=ORIENTED_EDGE('',*,*,#4620,.F.);
#4066=ORIENTED_EDGE('',*,*,#4667,.F.);
#4067=ORIENTED_EDGE('',*,*,#4668,.F.);
#4068=ORIENTED_EDGE('',*,*,#4511,.F.);
#4069=ORIENTED_EDGE('',*,*,#4663,.F.);
#4070=ORIENTED_EDGE('',*,*,#4669,.T.);
#4071=ORIENTED_EDGE('',*,*,#4670,.F.);
#4072=ORIENTED_EDGE('',*,*,#4671,.T.);
#4073=ORIENTED_EDGE('',*,*,#4668,.T.);
#4074=ORIENTED_EDGE('',*,*,#4672,.T.);
#4075=ORIENTED_EDGE('',*,*,#4673,.T.);
#4076=ORIENTED_EDGE('',*,*,#4674,.T.);
#4077=ORIENTED_EDGE('',*,*,#4675,.T.);
#4078=ORIENTED_EDGE('',*,*,#4512,.F.);
#4079=ORIENTED_EDGE('',*,*,#4513,.F.);
#4080=ORIENTED_EDGE('',*,*,#4676,.T.);
#4081=ORIENTED_EDGE('',*,*,#4613,.T.);
#4082=ORIENTED_EDGE('',*,*,#4677,.F.);
#4083=ORIENTED_EDGE('',*,*,#4678,.F.);
#4084=ORIENTED_EDGE('',*,*,#4514,.F.);
#4085=ORIENTED_EDGE('',*,*,#4679,.T.);
#4086=ORIENTED_EDGE('',*,*,#4680,.T.);
#4087=ORIENTED_EDGE('',*,*,#4597,.F.);
#4088=ORIENTED_EDGE('',*,*,#4681,.F.);
#4089=ORIENTED_EDGE('',*,*,#4515,.T.);
#4090=ORIENTED_EDGE('',*,*,#4682,.T.);
#4091=ORIENTED_EDGE('',*,*,#4605,.F.);
#4092=ORIENTED_EDGE('',*,*,#4525,.F.);
#4093=ORIENTED_EDGE('',*,*,#4520,.T.);
#4094=ORIENTED_EDGE('',*,*,#4518,.T.);
#4095=ORIENTED_EDGE('',*,*,#4666,.T.);
#4096=ORIENTED_EDGE('',*,*,#4532,.F.);
#4097=ORIENTED_EDGE('',*,*,#4529,.T.);
#4098=ORIENTED_EDGE('',*,*,#4624,.T.);
#4099=ORIENTED_EDGE('',*,*,#4683,.F.);
#4100=ORIENTED_EDGE('',*,*,#4535,.F.);
#4101=ORIENTED_EDGE('',*,*,#4665,.T.);
#4102=ORIENTED_EDGE('',*,*,#4539,.T.);
#4103=ORIENTED_EDGE('',*,*,#4536,.T.);
#4104=ORIENTED_EDGE('',*,*,#4683,.T.);
#4105=ORIENTED_EDGE('',*,*,#4664,.T.);
#4106=ORIENTED_EDGE('',*,*,#4684,.T.);
#4107=ORIENTED_EDGE('',*,*,#4685,.T.);
#4108=ORIENTED_EDGE('',*,*,#4686,.F.);
#4109=ORIENTED_EDGE('',*,*,#4687,.F.);
#4110=ORIENTED_EDGE('',*,*,#4541,.T.);
#4111=ORIENTED_EDGE('',*,*,#4540,.T.);
#4112=ORIENTED_EDGE('',*,*,#4685,.F.);
#4113=ORIENTED_EDGE('',*,*,#4650,.T.);
#4114=ORIENTED_EDGE('',*,*,#4649,.T.);
#4115=ORIENTED_EDGE('',*,*,#4688,.T.);
#4116=ORIENTED_EDGE('',*,*,#4631,.T.);
#4117=ORIENTED_EDGE('',*,*,#4630,.T.);
#4118=ORIENTED_EDGE('',*,*,#4628,.T.);
#4119=ORIENTED_EDGE('',*,*,#4689,.T.);
#4120=ORIENTED_EDGE('',*,*,#4626,.T.);
#4121=ORIENTED_EDGE('',*,*,#4690,.F.);
#4122=ORIENTED_EDGE('',*,*,#4542,.T.);
#4123=ORIENTED_EDGE('',*,*,#4687,.T.);
#4124=ORIENTED_EDGE('',*,*,#4691,.T.);
#4125=ORIENTED_EDGE('',*,*,#4670,.T.);
#4126=ORIENTED_EDGE('',*,*,#4692,.T.);
#4127=ORIENTED_EDGE('',*,*,#4661,.T.);
#4128=ORIENTED_EDGE('',*,*,#4546,.T.);
#4129=ORIENTED_EDGE('',*,*,#4552,.T.);
#4130=ORIENTED_EDGE('',*,*,#4551,.T.);
#4131=ORIENTED_EDGE('',*,*,#4642,.T.);
#4132=ORIENTED_EDGE('',*,*,#4641,.T.);
#4133=ORIENTED_EDGE('',*,*,#4693,.T.);
#4134=ORIENTED_EDGE('',*,*,#4639,.T.);
#4135=ORIENTED_EDGE('',*,*,#4638,.T.);
#4136=ORIENTED_EDGE('',*,*,#4636,.T.);
#4137=ORIENTED_EDGE('',*,*,#4694,.T.);
#4138=ORIENTED_EDGE('',*,*,#4644,.T.);
#4139=ORIENTED_EDGE('',*,*,#4695,.T.);
#4140=ORIENTED_EDGE('',*,*,#4696,.F.);
#4141=ORIENTED_EDGE('',*,*,#4697,.T.);
#4142=ORIENTED_EDGE('',*,*,#4548,.T.);
#4143=ORIENTED_EDGE('',*,*,#4646,.T.);
#4144=ORIENTED_EDGE('',*,*,#4698,.T.);
#4145=ORIENTED_EDGE('',*,*,#4634,.T.);
#4146=ORIENTED_EDGE('',*,*,#4633,.T.);
#4147=ORIENTED_EDGE('',*,*,#4699,.T.);
#4148=ORIENTED_EDGE('',*,*,#4647,.T.);
#4149=ORIENTED_EDGE('',*,*,#4700,.F.);
#4150=ORIENTED_EDGE('',*,*,#4657,.T.);
#4151=ORIENTED_EDGE('',*,*,#4701,.T.);
#4152=ORIENTED_EDGE('',*,*,#4702,.F.);
#4153=ORIENTED_EDGE('',*,*,#4554,.F.);
#4154=ORIENTED_EDGE('',*,*,#4593,.F.);
#4155=ORIENTED_EDGE('',*,*,#4703,.F.);
#4156=ORIENTED_EDGE('',*,*,#4555,.T.);
#4157=ORIENTED_EDGE('',*,*,#4704,.T.);
#4158=ORIENTED_EDGE('',*,*,#4695,.F.);
#4159=ORIENTED_EDGE('',*,*,#4697,.F.);
#4160=ORIENTED_EDGE('',*,*,#4705,.T.);
#4161=ORIENTED_EDGE('',*,*,#4557,.T.);
#4162=ORIENTED_EDGE('',*,*,#4706,.F.);
#4163=ORIENTED_EDGE('',*,*,#4592,.F.);
#4164=ORIENTED_EDGE('',*,*,#4707,.F.);
#4165=ORIENTED_EDGE('',*,*,#4559,.T.);
#4166=ORIENTED_EDGE('',*,*,#4703,.T.);
#4167=ORIENTED_EDGE('',*,*,#4561,.F.);
#4168=ORIENTED_EDGE('',*,*,#4705,.F.);
#4169=ORIENTED_EDGE('',*,*,#4696,.T.);
#4170=ORIENTED_EDGE('',*,*,#4706,.T.);
#4171=ORIENTED_EDGE('',*,*,#4562,.F.);
#4172=ORIENTED_EDGE('',*,*,#4707,.T.);
#4173=ORIENTED_EDGE('',*,*,#4591,.T.);
#4174=ORIENTED_EDGE('',*,*,#4708,.F.);
#4175=ORIENTED_EDGE('',*,*,#4690,.T.);
#4176=ORIENTED_EDGE('',*,*,#4564,.F.);
#4177=ORIENTED_EDGE('',*,*,#4700,.T.);
#4178=ORIENTED_EDGE('',*,*,#4565,.F.);
#4179=ORIENTED_EDGE('',*,*,#4590,.F.);
#4180=ORIENTED_EDGE('',*,*,#4709,.F.);
#4181=ORIENTED_EDGE('',*,*,#4566,.T.);
#4182=ORIENTED_EDGE('',*,*,#4708,.T.);
#4183=ORIENTED_EDGE('',*,*,#4568,.F.);
#4184=ORIENTED_EDGE('',*,*,#4709,.T.);
#4185=ORIENTED_EDGE('',*,*,#4589,.T.);
#4186=ORIENTED_EDGE('',*,*,#4710,.F.);
#4187=ORIENTED_EDGE('',*,*,#4569,.F.);
#4188=ORIENTED_EDGE('',*,*,#4710,.T.);
#4189=ORIENTED_EDGE('',*,*,#4587,.T.);
#4190=ORIENTED_EDGE('',*,*,#4711,.F.);
#4191=ORIENTED_EDGE('',*,*,#4570,.F.);
#4192=ORIENTED_EDGE('',*,*,#4711,.T.);
#4193=ORIENTED_EDGE('',*,*,#4585,.T.);
#4194=ORIENTED_EDGE('',*,*,#4712,.F.);
#4195=ORIENTED_EDGE('',*,*,#4571,.F.);
#4196=ORIENTED_EDGE('',*,*,#4712,.T.);
#4197=ORIENTED_EDGE('',*,*,#4583,.T.);
#4198=ORIENTED_EDGE('',*,*,#4713,.F.);
#4199=ORIENTED_EDGE('',*,*,#4572,.F.);
#4200=ORIENTED_EDGE('',*,*,#4713,.T.);
#4201=ORIENTED_EDGE('',*,*,#4581,.T.);
#4202=ORIENTED_EDGE('',*,*,#4714,.F.);
#4203=ORIENTED_EDGE('',*,*,#4573,.F.);
#4204=ORIENTED_EDGE('',*,*,#4714,.T.);
#4205=ORIENTED_EDGE('',*,*,#4579,.T.);
#4206=ORIENTED_EDGE('',*,*,#4715,.F.);
#4207=ORIENTED_EDGE('',*,*,#4574,.F.);
#4208=ORIENTED_EDGE('',*,*,#4715,.T.);
#4209=ORIENTED_EDGE('',*,*,#4577,.T.);
#4210=ORIENTED_EDGE('',*,*,#4576,.F.);
#4211=ORIENTED_EDGE('',*,*,#4594,.F.);
#4212=ORIENTED_EDGE('',*,*,#4704,.F.);
#4213=ORIENTED_EDGE('',*,*,#4702,.T.);
#4214=ORIENTED_EDGE('',*,*,#4716,.T.);
#4215=ORIENTED_EDGE('',*,*,#4595,.F.);
#4216=ORIENTED_EDGE('',*,*,#4716,.F.);
#4217=ORIENTED_EDGE('',*,*,#4717,.T.);
#4218=ORIENTED_EDGE('',*,*,#4718,.T.);
#4219=ORIENTED_EDGE('',*,*,#4596,.F.);
#4220=ORIENTED_EDGE('',*,*,#4718,.F.);
#4221=ORIENTED_EDGE('',*,*,#4652,.T.);
#4222=ORIENTED_EDGE('',*,*,#4681,.T.);
#4223=ORIENTED_EDGE('',*,*,#4598,.F.);
#4224=ORIENTED_EDGE('',*,*,#4682,.F.);
#4225=ORIENTED_EDGE('',*,*,#4678,.T.);
#4226=ORIENTED_EDGE('',*,*,#4719,.T.);
#4227=ORIENTED_EDGE('',*,*,#4601,.F.);
#4228=ORIENTED_EDGE('',*,*,#4720,.F.);
#4229=ORIENTED_EDGE('',*,*,#4721,.T.);
#4230=ORIENTED_EDGE('',*,*,#4722,.T.);
#4231=ORIENTED_EDGE('',*,*,#4602,.F.);
#4232=ORIENTED_EDGE('',*,*,#4722,.F.);
#4233=ORIENTED_EDGE('',*,*,#4723,.T.);
#4234=ORIENTED_EDGE('',*,*,#4724,.T.);
#4235=ORIENTED_EDGE('',*,*,#4603,.F.);
#4236=ORIENTED_EDGE('',*,*,#4724,.F.);
#4237=ORIENTED_EDGE('',*,*,#4725,.T.);
#4238=ORIENTED_EDGE('',*,*,#4726,.T.);
#4239=ORIENTED_EDGE('',*,*,#4604,.F.);
#4240=ORIENTED_EDGE('',*,*,#4726,.F.);
#4241=ORIENTED_EDGE('',*,*,#4727,.T.);
#4242=ORIENTED_EDGE('',*,*,#4720,.T.);
#4243=ORIENTED_EDGE('',*,*,#4680,.F.);
#4244=ORIENTED_EDGE('',*,*,#4728,.T.);
#4245=ORIENTED_EDGE('',*,*,#4610,.T.);
#4246=ORIENTED_EDGE('',*,*,#4719,.F.);
#4247=ORIENTED_EDGE('',*,*,#4679,.F.);
#4248=ORIENTED_EDGE('',*,*,#4677,.T.);
#4249=ORIENTED_EDGE('',*,*,#4612,.T.);
#4250=ORIENTED_EDGE('',*,*,#4728,.F.);
#4251=ORIENTED_EDGE('',*,*,#4675,.F.);
#4252=ORIENTED_EDGE('',*,*,#4729,.T.);
#4253=ORIENTED_EDGE('',*,*,#4614,.T.);
#4254=ORIENTED_EDGE('',*,*,#4676,.F.);
#4255=ORIENTED_EDGE('',*,*,#4674,.F.);
#4256=ORIENTED_EDGE('',*,*,#4730,.T.);
#4257=ORIENTED_EDGE('',*,*,#4616,.T.);
#4258=ORIENTED_EDGE('',*,*,#4729,.F.);
#4259=ORIENTED_EDGE('',*,*,#4673,.F.);
#4260=ORIENTED_EDGE('',*,*,#4731,.T.);
#4261=ORIENTED_EDGE('',*,*,#4618,.T.);
#4262=ORIENTED_EDGE('',*,*,#4730,.F.);
#4263=ORIENTED_EDGE('',*,*,#4667,.T.);
#4264=ORIENTED_EDGE('',*,*,#4622,.T.);
#4265=ORIENTED_EDGE('',*,*,#4731,.F.);
#4266=ORIENTED_EDGE('',*,*,#4672,.F.);
#4267=ORIENTED_EDGE('',*,*,#4689,.F.);
#4268=ORIENTED_EDGE('',*,*,#4627,.T.);
#4269=ORIENTED_EDGE('',*,*,#4699,.F.);
#4270=ORIENTED_EDGE('',*,*,#4632,.T.);
#4271=ORIENTED_EDGE('',*,*,#4688,.F.);
#4272=ORIENTED_EDGE('',*,*,#4648,.T.);
#4273=ORIENTED_EDGE('',*,*,#4732,.T.);
#4274=ORIENTED_EDGE('',*,*,#4694,.F.);
#4275=ORIENTED_EDGE('',*,*,#4635,.T.);
#4276=ORIENTED_EDGE('',*,*,#4698,.F.);
#4277=ORIENTED_EDGE('',*,*,#4645,.T.);
#4278=ORIENTED_EDGE('',*,*,#4733,.T.);
#4279=ORIENTED_EDGE('',*,*,#4693,.F.);
#4280=ORIENTED_EDGE('',*,*,#4640,.T.);
#4281=ORIENTED_EDGE('',*,*,#4656,.T.);
#4282=ORIENTED_EDGE('',*,*,#4653,.T.);
#4283=ORIENTED_EDGE('',*,*,#4717,.F.);
#4284=ORIENTED_EDGE('',*,*,#4701,.F.);
#4285=ORIENTED_EDGE('',*,*,#4692,.F.);
#4286=ORIENTED_EDGE('',*,*,#4669,.F.);
#4287=ORIENTED_EDGE('',*,*,#4662,.F.);
#4288=ORIENTED_EDGE('',*,*,#4684,.F.);
#4289=ORIENTED_EDGE('',*,*,#4671,.F.);
#4290=ORIENTED_EDGE('',*,*,#4691,.F.);
#4291=ORIENTED_EDGE('',*,*,#4686,.T.);
#4292=ORIENTED_EDGE('',*,*,#4721,.F.);
#4293=ORIENTED_EDGE('',*,*,#4734,.F.);
#4294=ORIENTED_EDGE('',*,*,#4735,.F.);
#4295=ORIENTED_EDGE('',*,*,#4736,.T.);
#4296=ORIENTED_EDGE('',*,*,#4723,.F.);
#4297=ORIENTED_EDGE('',*,*,#4736,.F.);
#4298=ORIENTED_EDGE('',*,*,#4737,.F.);
#4299=ORIENTED_EDGE('',*,*,#4738,.T.);
#4300=ORIENTED_EDGE('',*,*,#4725,.F.);
#4301=ORIENTED_EDGE('',*,*,#4738,.F.);
#4302=ORIENTED_EDGE('',*,*,#4739,.F.);
#4303=ORIENTED_EDGE('',*,*,#4740,.T.);
#4304=ORIENTED_EDGE('',*,*,#4727,.F.);
#4305=ORIENTED_EDGE('',*,*,#4740,.F.);
#4306=ORIENTED_EDGE('',*,*,#4741,.F.);
#4307=ORIENTED_EDGE('',*,*,#4734,.T.);
#4308=ORIENTED_EDGE('',*,*,#4732,.F.);
#4309=ORIENTED_EDGE('',*,*,#4742,.F.);
#4310=ORIENTED_EDGE('',*,*,#4733,.F.);
#4311=ORIENTED_EDGE('',*,*,#4743,.F.);
#4312=ORIENTED_EDGE('',*,*,#4741,.T.);
#4313=ORIENTED_EDGE('',*,*,#4739,.T.);
#4314=ORIENTED_EDGE('',*,*,#4737,.T.);
#4315=ORIENTED_EDGE('',*,*,#4735,.T.);
#4316=ORIENTED_EDGE('',*,*,#4744,.T.);
#4317=ORIENTED_EDGE('',*,*,#4745,.T.);
#4318=ORIENTED_EDGE('',*,*,#4746,.F.);
#4319=ORIENTED_EDGE('',*,*,#4747,.F.);
#4320=ORIENTED_EDGE('',*,*,#4742,.T.);
#4321=ORIENTED_EDGE('',*,*,#4748,.F.);
#4322=ORIENTED_EDGE('',*,*,#4743,.T.);
#4323=ORIENTED_EDGE('',*,*,#4749,.F.);
#4324=ORIENTED_EDGE('',*,*,#4750,.F.);
#4325=ORIENTED_EDGE('',*,*,#4744,.F.);
#4326=ORIENTED_EDGE('',*,*,#4751,.F.);
#4327=ORIENTED_EDGE('',*,*,#4745,.F.);
#4328=ORIENTED_EDGE('',*,*,#4748,.T.);
#4329=ORIENTED_EDGE('',*,*,#4746,.T.);
#4330=ORIENTED_EDGE('',*,*,#4749,.T.);
#4331=ORIENTED_EDGE('',*,*,#4747,.T.);
#4332=ORIENTED_EDGE('',*,*,#4750,.T.);
#4333=ORIENTED_EDGE('',*,*,#4751,.T.);
#4334=EDGE_CURVE('',#4752,#4752,#4753,.F.);
#4335=EDGE_CURVE('',#4754,#4754,#4755,.T.);
#4336=EDGE_CURVE('',#4756,#4756,#4757,.F.);
#4337=EDGE_CURVE('',#4758,#4758,#4759,.T.);
#4338=EDGE_CURVE('',#4760,#4760,#4761,.F.);
#4339=EDGE_CURVE('',#4762,#4762,#4763,.T.);
#4340=EDGE_CURVE('',#4764,#4765,#4766,.T.);
#4341=EDGE_CURVE('',#4765,#4767,#4768,.T.);
#4342=EDGE_CURVE('',#4767,#4769,#4770,.T.);
#4343=EDGE_CURVE('',#4769,#4764,#4771,.T.);
#4344=EDGE_CURVE('',#4772,#4772,#4773,.F.);
#4345=EDGE_CURVE('',#4774,#4774,#4775,.F.);
#4346=EDGE_CURVE('',#4776,#4776,#4777,.F.);
#4347=EDGE_CURVE('',#4778,#4778,#4779,.T.);
#4348=EDGE_CURVE('',#4780,#4780,#4781,.T.);
#4349=EDGE_CURVE('',#4782,#4782,#4783,.T.);
#4350=EDGE_CURVE('',#4784,#4784,#4785,.T.);
#4351=EDGE_CURVE('',#4786,#4786,#4787,.T.);
#4352=EDGE_CURVE('',#4788,#4788,#4789,.T.);
#4353=EDGE_CURVE('',#4790,#4791,#4792,.T.);
#4354=EDGE_CURVE('',#4765,#4790,#4793,.T.);
#4355=EDGE_CURVE('',#4764,#4791,#4794,.T.);
#4356=EDGE_CURVE('',#4795,#4790,#4796,.F.);
#4357=EDGE_CURVE('',#4767,#4795,#4797,.T.);
#4358=EDGE_CURVE('',#4798,#4795,#4799,.T.);
#4359=EDGE_CURVE('',#4769,#4798,#4800,.T.);
#4360=EDGE_CURVE('',#4791,#4798,#4801,.F.);
#4361=EDGE_CURVE('',#4802,#4802,#4803,.F.);
#4362=EDGE_CURVE('',#4804,#4804,#4805,.F.);
#4363=EDGE_CURVE('',#4806,#4806,#4807,.F.);
#4364=EDGE_CURVE('',#4808,#4809,#4810,.T.);
#4365=EDGE_CURVE('',#4790,#4808,#4811,.F.);
#4366=EDGE_CURVE('',#4791,#4809,#4812,.F.);
#4367=EDGE_CURVE('',#4813,#4808,#4814,.F.);
#4368=EDGE_CURVE('',#4795,#4813,#4815,.F.);
#4369=EDGE_CURVE('',#4816,#4813,#4817,.T.);
#4370=EDGE_CURVE('',#4798,#4816,#4818,.F.);
#4371=EDGE_CURVE('',#4809,#4816,#4819,.F.);
#4372=EDGE_CURVE('',#4820,#4821,#4822,.T.);
#4373=EDGE_CURVE('',#4820,#4823,#4824,.T.);
#4374=EDGE_CURVE('',#4825,#4823,#4826,.F.);
#4375=EDGE_CURVE('',#4825,#4821,#4827,.T.);
#4376=EDGE_CURVE('',#4828,#4829,#4830,.T.);
#4377=EDGE_CURVE('',#4828,#4831,#4832,.T.);
#4378=EDGE_CURVE('',#4833,#4831,#4834,.F.);
#4379=EDGE_CURVE('',#4833,#4829,#4835,.T.);
#4380=EDGE_CURVE('',#4836,#4837,#4838,.T.);
#4381=EDGE_CURVE('',#4836,#4839,#4840,.T.);
#4382=EDGE_CURVE('',#4841,#4839,#4842,.F.);
#4383=EDGE_CURVE('',#4841,#4837,#4843,.T.);
#4384=EDGE_CURVE('',#4844,#4845,#4846,.T.);
#4385=EDGE_CURVE('',#4845,#4847,#4848,.T.);
#4386=EDGE_CURVE('',#4847,#4849,#4850,.T.);
#4387=EDGE_CURVE('',#4849,#4851,#4852,.T.);
#4388=EDGE_CURVE('',#4851,#4853,#4854,.T.);
#4389=EDGE_CURVE('',#4853,#4855,#4856,.T.);
#4390=EDGE_CURVE('',#4855,#4857,#4858,.T.);
#4391=EDGE_CURVE('',#4859,#4857,#4860,.F.);
#4392=EDGE_CURVE('',#4859,#4861,#4862,.T.);
#4393=EDGE_CURVE('',#4863,#4861,#4864,.F.);
#4394=EDGE_CURVE('',#4863,#4865,#4866,.T.);
#4395=EDGE_CURVE('',#4865,#4867,#4868,.T.);
#4396=EDGE_CURVE('',#4869,#4867,#4870,.T.);
#4397=EDGE_CURVE('',#4869,#4871,#4872,.F.);
#4398=EDGE_CURVE('',#4871,#4844,#4873,.T.);
#4399=EDGE_CURVE('',#4874,#4875,#4876,.F.);
#4400=EDGE_CURVE('',#4875,#4877,#4878,.T.);
#4401=EDGE_CURVE('',#4877,#4879,#4880,.F.);
#4402=EDGE_CURVE('',#4879,#4874,#4881,.T.);
#4403=EDGE_CURVE('',#4821,#4882,#4883,.F.);
#4404=EDGE_CURVE('',#4882,#4884,#4885,.F.);
#4405=EDGE_CURVE('',#4884,#4886,#4887,.F.);
#4406=EDGE_CURVE('',#4886,#4888,#4889,.T.);
#4407=EDGE_CURVE('',#4888,#4820,#4890,.T.);
#4408=EDGE_CURVE('',#4891,#4892,#4893,.F.);
#4409=EDGE_CURVE('',#4894,#4892,#4895,.F.);
#4410=EDGE_CURVE('',#4894,#4896,#4897,.T.);
#4411=EDGE_CURVE('',#4898,#4896,#4899,.T.);
#4412=EDGE_CURVE('',#4891,#4898,#4900,.T.);
#4413=EDGE_CURVE('',#4901,#4901,#4902,.F.);
#4414=EDGE_CURVE('',#4903,#4904,#4905,.T.);
#4415=EDGE_CURVE('',#4906,#4903,#4907,.T.);
#4416=EDGE_CURVE('',#4839,#4906,#4908,.T.);
#4417=EDGE_CURVE('',#4831,#4836,#4909,.T.);
#4418=EDGE_CURVE('',#4823,#4828,#4910,.T.);
#4419=EDGE_CURVE('',#4888,#4904,#4911,.T.);
#4420=EDGE_CURVE('',#4829,#4825,#4912,.F.);
#4421=EDGE_CURVE('',#4913,#4913,#4914,.F.);
#4422=EDGE_CURVE('',#4915,#4915,#4916,.F.);
#4423=EDGE_CURVE('',#4917,#4918,#4919,.T.);
#4424=EDGE_CURVE('',#4882,#4917,#4920,.T.);
#4425=EDGE_CURVE('',#4837,#4833,#4921,.F.);
#4426=EDGE_CURVE('',#4922,#4841,#4923,.F.);
#4427=EDGE_CURVE('',#4922,#4918,#4924,.T.);
#4428=EDGE_CURVE('',#4925,#4925,#4926,.F.);
#4429=EDGE_CURVE('',#4927,#4927,#4928,.F.);
#4430=EDGE_CURVE('',#4929,#4922,#4930,.F.);
#4431=EDGE_CURVE('',#4906,#4931,#4932,.T.);
#4432=EDGE_CURVE('',#4931,#4929,#4933,.T.);
#4433=EDGE_CURVE('',#4934,#4934,#4935,.F.);
#4434=EDGE_CURVE('',#4936,#4936,#4937,.F.);
#4435=EDGE_CURVE('',#4938,#4844,#4939,.T.);
#4436=EDGE_CURVE('',#4938,#4940,#4941,.T.);
#4437=EDGE_CURVE('',#4940,#4845,#4942,.F.);
#4438=EDGE_CURVE('',#4940,#4943,#4944,.T.);
#4439=EDGE_CURVE('',#4943,#4847,#4945,.F.);
#4440=EDGE_CURVE('',#4943,#4946,#4947,.T.);
#4441=EDGE_CURVE('',#4946,#4849,#4948,.F.);
#4442=EDGE_CURVE('',#4946,#4949,#4950,.T.);
#4443=EDGE_CURVE('',#4949,#4851,#4951,.F.);
#4444=EDGE_CURVE('',#4949,#4952,#4953,.T.);
#4445=EDGE_CURVE('',#4952,#4853,#4954,.F.);
#4446=EDGE_CURVE('',#4952,#4955,#4956,.T.);
#4447=EDGE_CURVE('',#4955,#4855,#4957,.F.);
#4448=EDGE_CURVE('',#4955,#4958,#4959,.T.);
#4449=EDGE_CURVE('',#4958,#4857,#4960,.F.);
#4450=EDGE_CURVE('',#4961,#4958,#4962,.F.);
#4451=EDGE_CURVE('',#4961,#4859,#4963,.T.);
#4452=EDGE_CURVE('',#4961,#4964,#4965,.T.);
#4453=EDGE_CURVE('',#4964,#4861,#4966,.F.);
#4454=EDGE_CURVE('',#4967,#4964,#4968,.F.);
#4455=EDGE_CURVE('',#4967,#4863,#4969,.T.);
#4456=EDGE_CURVE('',#4970,#4863,#4971,.T.);
#4457=EDGE_CURVE('',#4970,#4972,#4973,.T.);
#4458=EDGE_CURVE('',#4972,#4865,#4974,.T.);
#4459=EDGE_CURVE('',#4975,#4867,#4976,.F.);
#4460=EDGE_CURVE('',#4977,#4972,#4978,.T.);
#4461=EDGE_CURVE('',#4979,#4977,#4980,.T.);
#4462=EDGE_CURVE('',#4981,#4979,#4982,.T.);
#4463=EDGE_CURVE('',#4983,#4981,#4984,.T.);
#4464=EDGE_CURVE('',#4985,#4983,#4986,.T.);
#4465=EDGE_CURVE('',#4987,#4985,#4988,.T.);
#4466=EDGE_CURVE('',#4989,#4987,#4990,.T.);
#4467=EDGE_CURVE('',#4989,#4991,#4992,.F.);
#4468=EDGE_CURVE('',#4991,#4975,#4993,.T.);
#4469=EDGE_CURVE('',#4994,#4994,#4995,.F.);
#4470=EDGE_CURVE('',#4996,#4996,#4997,.F.);
#4471=EDGE_CURVE('',#4998,#4999,#5000,.T.);
#4472=EDGE_CURVE('',#4869,#4998,#5001,.T.);
#4473=EDGE_CURVE('',#4999,#4975,#5002,.T.);
#4474=EDGE_CURVE('',#5003,#4998,#5004,.F.);
#4475=EDGE_CURVE('',#5003,#5005,#5006,.T.);
#4476=EDGE_CURVE('',#5007,#5005,#5008,.F.);
#4477=EDGE_CURVE('',#5007,#5009,#5010,.T.);
#4478=EDGE_CURVE('',#5009,#5011,#5012,.T.);
#4479=EDGE_CURVE('',#5011,#5013,#5014,.T.);
#4480=EDGE_CURVE('',#5013,#5015,#5016,.T.);
#4481=EDGE_CURVE('',#5015,#5017,#5018,.T.);
#4482=EDGE_CURVE('',#5017,#5019,#5020,.T.);
#4483=EDGE_CURVE('',#5019,#4871,#5021,.T.);
#4484=EDGE_CURVE('',#5022,#5022,#5023,.T.);
#4485=EDGE_CURVE('',#5024,#5024,#5025,.T.);
#4486=EDGE_CURVE('',#4844,#5026,#5027,.F.);
#4487=EDGE_CURVE('',#5019,#5026,#5028,.T.);
#4488=EDGE_CURVE('',#5029,#4874,#5030,.F.);
#4489=EDGE_CURVE('',#5029,#5031,#5032,.F.);
#4490=EDGE_CURVE('',#5031,#4875,#5033,.F.);
#4491=EDGE_CURVE('',#5031,#5034,#5035,.T.);
#4492=EDGE_CURVE('',#5034,#4877,#5036,.F.);
#4493=EDGE_CURVE('',#5034,#5037,#5038,.F.);
#4494=EDGE_CURVE('',#5037,#4879,#5039,.F.);
#4495=EDGE_CURVE('',#5037,#5029,#5040,.T.);
#4496=EDGE_CURVE('',#4892,#5041,#5042,.T.);
#4497=EDGE_CURVE('',#5041,#5043,#5044,.F.);
#4498=EDGE_CURVE('',#5043,#5045,#5046,.F.);
#4499=EDGE_CURVE('',#5045,#5047,#5048,.F.);
#4500=EDGE_CURVE('',#5047,#4894,#5049,.T.);
#4501=EDGE_CURVE('',#5050,#5047,#5051,.T.);
#4502=EDGE_CURVE('',#4898,#5050,#5052,.F.);
#4503=EDGE_CURVE('',#4904,#4917,#5053,.F.);
#4504=EDGE_CURVE('',#4884,#4886,#5054,.T.);
#4505=EDGE_CURVE('',#5055,#5055,#5056,.F.);
#4506=EDGE_CURVE('',#5057,#4891,#5058,.T.);
#4507=EDGE_CURVE('',#5050,#5059,#5060,.T.);
#4508=EDGE_CURVE('',#5059,#5061,#5062,.F.);
#4509=EDGE_CURVE('',#5061,#5057,#5063,.T.);
#4510=EDGE_CURVE('',#5064,#5057,#5065,.T.);
#4511=EDGE_CURVE('',#5064,#5066,#5067,.F.);
#4512=EDGE_CURVE('',#5066,#5068,#5069,.T.);
#4513=EDGE_CURVE('',#5068,#5070,#5071,.F.);
#4514=EDGE_CURVE('',#5070,#5072,#5073,.T.);
#4515=EDGE_CURVE('',#5074,#5072,#5075,.T.);
#4516=EDGE_CURVE('',#5041,#5074,#5076,.T.);
#4517=EDGE_CURVE('',#5077,#5078,#5079,.T.);
#4518=EDGE_CURVE('',#4903,#5077,#5080,.F.);
#4519=EDGE_CURVE('',#4904,#5078,#5081,.F.);
#4520=EDGE_CURVE('',#4918,#4903,#5082,.F.);
#4521=EDGE_CURVE('',#4931,#4929,#5083,.T.);
#4522=EDGE_CURVE('',#5084,#5084,#5085,.F.);
#4523=EDGE_CURVE('',#5086,#5087,#5088,.T.);
#4524=EDGE_CURVE('',#4917,#5086,#5089,.F.);
#4525=EDGE_CURVE('',#4918,#5087,#5090,.F.);
#4526=EDGE_CURVE('',#5091,#5091,#5092,.F.);
#4527=EDGE_CURVE('',#5093,#5093,#5094,.F.);
#4528=EDGE_CURVE('',#4938,#5095,#5096,.F.);
#4529=EDGE_CURVE('',#5095,#5026,#5097,.T.);
#4530=EDGE_CURVE('',#5098,#5099,#5100,.T.);
#4531=EDGE_CURVE('',#4940,#5099,#5101,.T.);
#4532=EDGE_CURVE('',#5095,#5098,#5102,.F.);
#4533=EDGE_CURVE('',#5099,#5103,#5104,.T.);
#4534=EDGE_CURVE('',#4943,#5103,#5105,.T.);
#4535=EDGE_CURVE('',#5106,#5107,#5108,.T.);
#4536=EDGE_CURVE('',#5109,#5107,#5110,.F.);
#4537=EDGE_CURVE('',#4946,#5109,#5111,.T.);
#4538=EDGE_CURVE('',#5103,#5106,#5112,.T.);
#4539=EDGE_CURVE('',#5113,#5109,#5114,.T.);
#4540=EDGE_CURVE('',#5115,#5113,#5116,.F.);
#4541=EDGE_CURVE('',#5117,#5115,#5118,.F.);
#4542=EDGE_CURVE('',#5119,#5117,#5120,.T.);
#4543=EDGE_CURVE('',#5119,#5121,#5122,.T.);
#4544=EDGE_CURVE('',#5121,#5123,#5124,.F.);
#4545=EDGE_CURVE('',#5125,#5123,#5126,.T.);
#4546=EDGE_CURVE('',#5127,#5125,#5128,.F.);
#4547=EDGE_CURVE('',#4949,#5127,#5129,.T.);
#4548=EDGE_CURVE('',#5130,#5130,#5131,.F.);
#4549=EDGE_CURVE('',#5123,#5132,#5133,.T.);
#4550=EDGE_CURVE('',#4952,#5132,#5134,.T.);
#4551=EDGE_CURVE('',#5135,#5127,#5136,.T.);
#4552=EDGE_CURVE('',#5125,#5135,#5137,.T.);
#4553=EDGE_CURVE('',#5132,#5138,#5139,.T.);
#4554=EDGE_CURVE('',#5138,#5140,#5141,.T.);
#4555=EDGE_CURVE('',#5142,#5140,#5143,.T.);
#4556=EDGE_CURVE('',#4955,#5142,#5144,.T.);
#4557=EDGE_CURVE('',#5145,#5146,#5147,.T.);
#4558=EDGE_CURVE('',#4958,#5145,#5148,.T.);
#4559=EDGE_CURVE('',#5149,#5142,#5150,.F.);
#4560=EDGE_CURVE('',#5146,#5149,#5151,.T.);
#4561=EDGE_CURVE('',#5145,#5146,#5152,.F.);
#4562=EDGE_CURVE('',#5149,#5153,#5154,.F.);
#4563=EDGE_CURVE('',#4961,#5153,#5155,.T.);
#4564=EDGE_CURVE('',#5156,#5156,#5157,.F.);
#4565=EDGE_CURVE('',#5158,#5158,#5159,.F.);
#4566=EDGE_CURVE('',#5160,#5153,#5161,.F.);
#4567=EDGE_CURVE('',#4964,#5160,#5162,.T.);
#4568=EDGE_CURVE('',#5160,#5163,#5164,.F.);
#4569=EDGE_CURVE('',#5163,#5165,#5166,.T.);
#4570=EDGE_CURVE('',#5165,#5167,#5168,.T.);
#4571=EDGE_CURVE('',#5167,#5169,#5170,.T.);
#4572=EDGE_CURVE('',#5169,#5171,#5172,.F.);
#4573=EDGE_CURVE('',#5171,#5173,#5174,.T.);
#4574=EDGE_CURVE('',#5173,#5175,#5176,.T.);
#4575=EDGE_CURVE('',#5175,#4967,#5177,.T.);
#4576=EDGE_CURVE('',#5175,#4970,#5178,.T.);
#4577=EDGE_CURVE('',#5179,#4970,#5180,.T.);
#4578=EDGE_CURVE('',#5179,#4977,#5181,.T.);
#4579=EDGE_CURVE('',#5182,#5179,#5183,.T.);
#4580=EDGE_CURVE('',#5182,#4979,#5184,.T.);
#4581=EDGE_CURVE('',#5185,#5182,#5186,.F.);
#4582=EDGE_CURVE('',#5185,#4981,#5187,.T.);
#4583=EDGE_CURVE('',#5188,#5185,#5189,.T.);
#4584=EDGE_CURVE('',#5188,#4983,#5190,.T.);
#4585=EDGE_CURVE('',#5191,#5188,#5192,.T.);
#4586=EDGE_CURVE('',#5191,#4985,#5193,.T.);
#4587=EDGE_CURVE('',#5194,#5191,#5195,.T.);
#4588=EDGE_CURVE('',#4987,#5194,#5196,.F.);
#4589=EDGE_CURVE('',#5197,#5194,#5198,.F.);
#4590=EDGE_CURVE('',#5197,#5199,#5200,.F.);
#4591=EDGE_CURVE('',#5201,#5199,#5202,.F.);
#4592=EDGE_CURVE('',#5201,#5203,#5204,.F.);
#4593=EDGE_CURVE('',#5203,#5205,#5206,.T.);
#4594=EDGE_CURVE('',#5205,#5207,#5208,.F.);
#4595=EDGE_CURVE('',#5207,#5209,#5210,.T.);
#4596=EDGE_CURVE('',#5209,#5211,#5212,.F.);
#4597=EDGE_CURVE('',#5211,#5213,#5214,.T.);
#4598=EDGE_CURVE('',#5213,#5215,#5216,.T.);
#4599=EDGE_CURVE('',#5215,#5007,#5217,.F.);
#4600=EDGE_CURVE('',#5005,#4989,#5218,.T.);
#4601=EDGE_CURVE('',#5219,#5220,#5221,.F.);
#4602=EDGE_CURVE('',#5220,#5222,#5223,.T.);
#4603=EDGE_CURVE('',#5222,#5224,#5225,.F.);
#4604=EDGE_CURVE('',#5224,#5219,#5226,.T.);
#4605=EDGE_CURVE('',#5087,#5077,#5227,.F.);
#4606=EDGE_CURVE('',#5078,#5086,#5228,.F.);
#4607=EDGE_CURVE('',#5229,#5003,#5230,.T.);
#4608=EDGE_CURVE('',#5229,#4991,#5231,.T.);
#4609=EDGE_CURVE('',#4999,#5229,#5232,.T.);
#4610=EDGE_CURVE('',#5233,#5215,#5234,.F.);
#4611=EDGE_CURVE('',#5009,#5233,#5235,.T.);
#4612=EDGE_CURVE('',#5236,#5233,#5237,.F.);
#4613=EDGE_CURVE('',#5238,#5236,#5239,.F.);
#4614=EDGE_CURVE('',#5240,#5238,#5241,.F.);
#4615=EDGE_CURVE('',#5011,#5240,#5242,.T.);
#4616=EDGE_CURVE('',#5243,#5240,#5244,.F.);
#4617=EDGE_CURVE('',#5013,#5243,#5245,.T.);
#4618=EDGE_CURVE('',#5246,#5243,#5247,.T.);
#4619=EDGE_CURVE('',#5015,#5246,#5248,.T.);
#4620=EDGE_CURVE('',#5249,#5250,#5251,.T.);
#4621=EDGE_CURVE('',#5017,#5250,#5252,.T.);
#4622=EDGE_CURVE('',#5249,#5246,#5253,.F.);
#4623=EDGE_CURVE('',#5250,#5254,#5255,.T.);
#4624=EDGE_CURVE('',#5026,#5254,#5256,.F.);
#4625=EDGE_CURVE('',#5257,#5029,#5258,.T.);
#4626=EDGE_CURVE('',#5259,#5257,#5260,.T.);
#4627=EDGE_CURVE('',#5261,#5259,#5262,.T.);
#4628=EDGE_CURVE('',#5263,#5261,#5264,.T.);
#4629=EDGE_CURVE('',#5263,#5031,#5265,.T.);
#4630=EDGE_CURVE('',#5266,#5263,#5267,.F.);
#4631=EDGE_CURVE('',#5268,#5266,#5269,.F.);
#4632=EDGE_CURVE('',#5270,#5268,#5271,.T.);
#4633=EDGE_CURVE('',#5272,#5270,#5273,.F.);
#4634=EDGE_CURVE('',#5274,#5272,#5275,.F.);
#4635=EDGE_CURVE('',#5276,#5274,#5277,.T.);
#4636=EDGE_CURVE('',#5278,#5276,#5279,.F.);
#4637=EDGE_CURVE('',#5278,#5034,#5280,.T.);
#4638=EDGE_CURVE('',#5281,#5278,#5282,.F.);
#4639=EDGE_CURVE('',#5283,#5281,#5284,.F.);
#4640=EDGE_CURVE('',#5285,#5283,#5286,.T.);
#4641=EDGE_CURVE('',#5287,#5285,#5288,.F.);
#4642=EDGE_CURVE('',#5289,#5287,#5290,.T.);
#4643=EDGE_CURVE('',#5289,#5037,#5291,.T.);
#4644=EDGE_CURVE('',#5292,#5289,#5293,.T.);
#4645=EDGE_CURVE('',#5294,#5292,#5295,.T.);
#4646=EDGE_CURVE('',#5296,#5294,#5297,.T.);
#4647=EDGE_CURVE('',#5298,#5296,#5299,.T.);
#4648=EDGE_CURVE('',#5300,#5298,#5301,.T.);
#4649=EDGE_CURVE('',#5302,#5300,#5303,.T.);
#4650=EDGE_CURVE('',#5257,#5302,#5304,.T.);
#4651=EDGE_CURVE('',#5305,#5043,#5306,.F.);
#4652=EDGE_CURVE('',#5307,#5074,#5308,.F.);
#4653=EDGE_CURVE('',#5309,#5307,#5310,.T.);
#4654=EDGE_CURVE('',#5309,#5305,#5311,.F.);
#4655=EDGE_CURVE('',#5305,#5045,#5312,.T.);
#4656=EDGE_CURVE('',#5313,#5309,#5314,.T.);
#4657=EDGE_CURVE('',#5138,#5313,#5315,.T.);
#4658=EDGE_CURVE('',#5316,#5121,#5317,.T.);
#4659=EDGE_CURVE('',#5316,#5059,#5318,.T.);
#4660=EDGE_CURVE('',#5061,#5316,#5319,.T.);
#4661=EDGE_CURVE('',#5320,#5119,#5321,.T.);
#4662=EDGE_CURVE('',#5320,#5322,#5323,.F.);
#4663=EDGE_CURVE('',#5322,#5064,#5324,.T.);
#4664=EDGE_CURVE('',#5325,#5326,#5327,.F.);
#4665=EDGE_CURVE('',#5106,#5325,#5328,.T.);
#4666=EDGE_CURVE('',#5254,#5098,#5329,.F.);
#4667=EDGE_CURVE('',#5330,#5249,#5331,.F.);
#4668=EDGE_CURVE('',#5066,#5330,#5332,.T.);
#4669=EDGE_CURVE('',#5322,#5333,#5334,.T.);
#4670=EDGE_CURVE('',#5335,#5333,#5336,.T.);
#4671=EDGE_CURVE('',#5335,#5326,#5337,.T.);
#4672=EDGE_CURVE('',#5330,#5338,#5339,.F.);
#4673=EDGE_CURVE('',#5338,#5340,#5341,.T.);
#4674=EDGE_CURVE('',#5340,#5342,#5343,.F.);
#4675=EDGE_CURVE('',#5342,#5068,#5344,.F.);
#4676=EDGE_CURVE('',#5068,#5238,#5345,.T.);
#4677=EDGE_CURVE('',#5070,#5236,#5346,.T.);
#4678=EDGE_CURVE('',#5072,#5347,#5348,.T.);
#4679=EDGE_CURVE('',#5070,#5349,#5350,.F.);
#4680=EDGE_CURVE('',#5349,#5347,#5351,.F.);
#4681=EDGE_CURVE('',#5074,#5211,#5352,.F.);
#4682=EDGE_CURVE('',#5072,#5213,#5353,.F.);
#4683=EDGE_CURVE('',#5107,#5325,#5354,.F.);
#4684=EDGE_CURVE('',#5326,#5355,#5356,.T.);
#4685=EDGE_CURVE('',#5355,#5113,#5357,.F.);
#4686=EDGE_CURVE('',#5358,#5355,#5359,.T.);
#4687=EDGE_CURVE('',#5117,#5358,#5360,.T.);
#4688=EDGE_CURVE('',#5300,#5268,#5361,.T.);
#4689=EDGE_CURVE('',#5261,#5259,#5362,.F.);
#4690=EDGE_CURVE('',#5363,#5363,#5364,.F.);
#4691=EDGE_CURVE('',#5358,#5335,#5365,.F.);
#4692=EDGE_CURVE('',#5333,#5320,#5366,.F.);
#4693=EDGE_CURVE('',#5285,#5283,#5367,.T.);
#4694=EDGE_CURVE('',#5276,#5292,#5368,.F.);
#4695=EDGE_CURVE('',#5369,#5370,#5371,.T.);
#4696=EDGE_CURVE('',#5372,#5370,#5373,.F.);
#4697=EDGE_CURVE('',#5372,#5369,#5374,.T.);
#4698=EDGE_CURVE('',#5294,#5274,#5375,.T.);
#4699=EDGE_CURVE('',#5270,#5298,#5376,.F.);
#4700=EDGE_CURVE('',#5377,#5377,#5378,.F.);
#4701=EDGE_CURVE('',#5313,#5379,#5380,.T.);
#4702=EDGE_CURVE('',#5140,#5379,#5381,.F.);
#4703=EDGE_CURVE('',#5142,#5203,#5382,.F.);
#4704=EDGE_CURVE('',#5140,#5205,#5383,.F.);
#4705=EDGE_CURVE('',#5372,#5145,#5384,.T.);
#4706=EDGE_CURVE('',#5370,#5146,#5385,.F.);
#4707=EDGE_CURVE('',#5149,#5201,#5386,.T.);
#4708=EDGE_CURVE('',#5153,#5199,#5387,.F.);
#4709=EDGE_CURVE('',#5160,#5197,#5388,.T.);
#4710=EDGE_CURVE('',#5163,#5194,#5389,.T.);
#4711=EDGE_CURVE('',#5165,#5191,#5390,.T.);
#4712=EDGE_CURVE('',#5167,#5188,#5391,.T.);
#4713=EDGE_CURVE('',#5169,#5185,#5392,.T.);
#4714=EDGE_CURVE('',#5171,#5182,#5393,.T.);
#4715=EDGE_CURVE('',#5173,#5179,#5394,.T.);
#4716=EDGE_CURVE('',#5379,#5207,#5395,.F.);
#4717=EDGE_CURVE('',#5379,#5307,#5396,.T.);
#4718=EDGE_CURVE('',#5307,#5209,#5397,.F.);
#4719=EDGE_CURVE('',#5347,#5215,#5398,.F.);
#4720=EDGE_CURVE('',#5399,#5219,#5400,.F.);
#4721=EDGE_CURVE('',#5399,#5401,#5402,.F.);
#4722=EDGE_CURVE('',#5401,#5220,#5403,.F.);
#4723=EDGE_CURVE('',#5401,#5404,#5405,.T.);
#4724=EDGE_CURVE('',#5404,#5222,#5406,.F.);
#4725=EDGE_CURVE('',#5404,#5407,#5408,.F.);
#4726=EDGE_CURVE('',#5407,#5224,#5409,.F.);
#4727=EDGE_CURVE('',#5407,#5399,#5410,.T.);
#4728=EDGE_CURVE('',#5349,#5233,#5411,.T.);
#4729=EDGE_CURVE('',#5342,#5240,#5412,.T.);
#4730=EDGE_CURVE('',#5340,#5243,#5413,.T.);
#4731=EDGE_CURVE('',#5338,#5246,#5414,.T.);
#4732=EDGE_CURVE('',#5415,#5415,#5416,.F.);
#4733=EDGE_CURVE('',#5417,#5417,#5418,.F.);
#4734=EDGE_CURVE('',#5419,#5399,#5420,.T.);
#4735=EDGE_CURVE('',#5421,#5419,#5422,.T.);
#4736=EDGE_CURVE('',#5421,#5401,#5423,.T.);
#4737=EDGE_CURVE('',#5424,#5421,#5425,.T.);
#4738=EDGE_CURVE('',#5424,#5404,#5426,.T.);
#4739=EDGE_CURVE('',#5427,#5424,#5428,.T.);
#4740=EDGE_CURVE('',#5427,#5407,#5429,.T.);
#4741=EDGE_CURVE('',#5419,#5427,#5430,.T.);
#4742=EDGE_CURVE('',#5431,#5431,#5432,.T.);
#4743=EDGE_CURVE('',#5433,#5433,#5434,.T.);
#4744=EDGE_CURVE('',#5435,#5435,#5436,.F.);
#4745=EDGE_CURVE('',#5437,#5437,#5438,.F.);
#4746=EDGE_CURVE('',#5439,#5439,#5440,.F.);
#4747=EDGE_CURVE('',#5441,#5441,#5442,.F.);
#4748=EDGE_CURVE('',#5443,#5443,#5444,.T.);
#4749=EDGE_CURVE('',#5445,#5445,#5446,.T.);
#4750=EDGE_CURVE('',#5447,#5447,#5448,.T.);
#4751=EDGE_CURVE('',#5449,#5449,#5450,.T.);
#4752=VERTEX_POINT('',#5451);
#4753=CIRCLE('',#5452,2.5);
#4754=VERTEX_POINT('',#5456);
#4755=CIRCLE('',#5457,2.5);
#4756=VERTEX_POINT('',#5461);
#4757=CIRCLE('',#5462,2.5);
#4758=VERTEX_POINT('',#5466);
#4759=CIRCLE('',#5467,2.5);
#4760=VERTEX_POINT('',#5471);
#4761=CIRCLE('',#5472,2.5);
#4762=VERTEX_POINT('',#5476);
#4763=CIRCLE('',#5477,2.5);
#4764=VERTEX_POINT('',#5481);
#4765=VERTEX_POINT('',#5482);
#4766=LINE('',#5483,#5484);
#4767=VERTEX_POINT('',#5486);
#4768=CIRCLE('',#5487,5.1);
#4769=VERTEX_POINT('',#5491);
#4770=LINE('',#5492,#5493);
#4771=CIRCLE('',#5495,5.1);
#4772=VERTEX_POINT('',#5499);
#4773=CIRCLE('',#5500,3.5);
#4774=VERTEX_POINT('',#5504);
#4775=CIRCLE('',#5505,3.5);
#4776=VERTEX_POINT('',#5509);
#4777=CIRCLE('',#5510,3.5);
#4778=VERTEX_POINT('',#5514);
#4779=CIRCLE('',#5515,3.5);
#4780=VERTEX_POINT('',#5519);
#4781=CIRCLE('',#5520,3.5);
#4782=VERTEX_POINT('',#5524);
#4783=CIRCLE('',#5525,3.5);
#4784=VERTEX_POINT('',#5529);
#4785=CIRCLE('',#5530,3.5);
#4786=VERTEX_POINT('',#5534);
#4787=CIRCLE('',#5535,3.5);
#4788=VERTEX_POINT('',#5539);
#4789=CIRCLE('',#5540,3.5);
#4790=VERTEX_POINT('',#5544);
#4791=VERTEX_POINT('',#5545);
#4792=LINE('',#5546,#5547);
#4793=LINE('',#5549,#5550);
#4794=LINE('',#5552,#5553);
#4795=VERTEX_POINT('',#5555);
#4796=CIRCLE('',#5556,5.1);
#4797=LINE('',#5560,#5561);
#4798=VERTEX_POINT('',#5563);
#4799=LINE('',#5564,#5565);
#4800=LINE('',#5567,#5568);
#4801=CIRCLE('',#5570,5.1);
#4802=VERTEX_POINT('',#5574);
#4803=CIRCLE('',#5575,3.5);
#4804=VERTEX_POINT('',#5579);
#4805=CIRCLE('',#5580,3.5);
#4806=VERTEX_POINT('',#5584);
#4807=CIRCLE('',#5585,3.5);
#4808=VERTEX_POINT('',#5589);
#4809=VERTEX_POINT('',#5590);
#4810=LINE('',#5591,#5592);
#4811=LINE('',#5594,#5595);
#4812=LINE('',#5597,#5598);
#4813=VERTEX_POINT('',#5600);
#4814=CIRCLE('',#5601,5.60000000000004);
#4815=LINE('',#5605,#5606);
#4816=VERTEX_POINT('',#5608);
#4817=LINE('',#5609,#5610);
#4818=LINE('',#5612,#5613);
#4819=CIRCLE('',#5615,5.59999999999997);
#4820=VERTEX_POINT('',#5619);
#4821=VERTEX_POINT('',#5620);
#4822=LINE('',#5621,#5622);
#4823=VERTEX_POINT('',#5624);
#4824=LINE('',#5625,#5626);
#4825=VERTEX_POINT('',#5628);
#4826=LINE('',#5629,#5630);
#4827=LINE('',#5632,#5633);
#4828=VERTEX_POINT('',#5635);
#4829=VERTEX_POINT('',#5636);
#4830=LINE('',#5637,#5638);
#4831=VERTEX_POINT('',#5640);
#4832=LINE('',#5641,#5642);
#4833=VERTEX_POINT('',#5644);
#4834=LINE('',#5645,#5646);
#4835=LINE('',#5648,#5649);
#4836=VERTEX_POINT('',#5651);
#4837=VERTEX_POINT('',#5652);
#4838=LINE('',#5653,#5654);
#4839=VERTEX_POINT('',#5656);
#4840=LINE('',#5657,#5658);
#4841=VERTEX_POINT('',#5660);
#4842=LINE('',#5661,#5662);
#4843=LINE('',#5664,#5665);
#4844=VERTEX_POINT('',#5667);
#4845=VERTEX_POINT('',#5668);
#4846=LINE('',#5669,#5670);
#4847=VERTEX_POINT('',#5672);
#4848=LINE('',#5673,#5674);
#4849=VERTEX_POINT('',#5676);
#4850=CIRCLE('',#5677,11.);
#4851=VERTEX_POINT('',#5681);
#4852=LINE('',#5682,#5683);
#4853=VERTEX_POINT('',#5685);
#4854=CIRCLE('',#5686,4.);
#4855=VERTEX_POINT('',#5690);
#4856=LINE('',#5691,#5692);
#4857=VERTEX_POINT('',#5694);
#4858=CIRCLE('',#5695,4.);
#4859=VERTEX_POINT('',#5699);
#4860=LINE('',#5700,#5701);
#4861=VERTEX_POINT('',#5703);
#4862=CIRCLE('',#5704,9.);
#4863=VERTEX_POINT('',#5708);
#4864=LINE('',#5709,#5710);
#4865=VERTEX_POINT('',#5712);
#4866=LINE('',#5713,#5714);
#4867=VERTEX_POINT('',#5716);
#4868=LINE('',#5717,#5718);
#4869=VERTEX_POINT('',#5720);
#4870=LINE('',#5721,#5722);
#4871=VERTEX_POINT('',#5724);
#4872=LINE('',#5725,#5726);
#4873=LINE('',#5728,#5729);
#4874=VERTEX_POINT('',#5731);
#4875=VERTEX_POINT('',#5732);
#4876=CIRCLE('',#5733,5.6);
#4877=VERTEX_POINT('',#5737);
#4878=LINE('',#5738,#5739);
#4879=VERTEX_POINT('',#5741);
#4880=CIRCLE('',#5742,5.6);
#4881=LINE('',#5746,#5747);
#4882=VERTEX_POINT('',#5749);
#4883=CIRCLE('',#5750,5.05);
#4884=VERTEX_POINT('',#5754);
#4885=B_SPLINE_CURVE_WITH_KNOTS('',3,
(#5755,#5756,#5757,#5758,#5759,#5760,#5761,#5762,#5763,#5764,#5765,#5766,#5767,#5768,
#5769,#5770,#5771,#5772,#5773,#5774,#5775,#5776,#5777,#5778,#5779,#5780,#5781,#5782,
#5783,#5784,#5785,#5786,#5787,#5788),
.UNSPECIFIED.,.F.,.F.,
(4,1,1,1,1,1,1,1,1,1,1,1,1,1,1,1,1,1,1,1,1,1,1,1,1,1,1,1,1,1,1,4),
(0.,0.0415211171520813,0.0830292452009423,0.124519547893493,0.166002501980308,0.207531805726101,
0.249116832534249,0.290696290082351,0.332214274122325,0.373718273993732,0.414732410661888,
0.455228551397412,0.494661887538047,0.533572852006301,0.57100505757708,0.60744047471669,
0.642341630109614,0.676696999265967,0.709055059286345,0.739932301597976,0.777076875221565,
0.811670951965851,0.843702644780516,0.864949741398801,0.88570837077989,0.904956743570442,
0.923191023705023,0.939895432423548,0.956084552299596,0.971242738438306,0.985881330486331,
1.),
.UNSPECIFIED.);
#4886=VERTEX_POINT('',#5789);
#4887=LINE('',#5790,#5791);
#4888=VERTEX_POINT('',#5793);
#4889=B_SPLINE_CURVE_WITH_KNOTS('',3,
(#5794,#5795,#5796,#5797,#5798,#5799,#5800,#5801,#5802,#5803,#5804,#5805,#5806,#5807,
#5808,#5809,#5810,#5811,#5812,#5813,#5814,#5815,#5816,#5817,#5818,#5819,#5820,#5821,
#5822,#5823,#5824,#5825,#5826,#5827),
.UNSPECIFIED.,.F.,.F.,
(4,1,1,1,1,1,1,1,1,1,1,1,1,1,1,1,1,1,1,1,1,1,1,1,1,1,1,1,1,1,1,4),
(0.,0.0415211171721394,0.083029245235183,0.124519547936393,0.166002502024415,0.207531805767144,
0.24911683256535,0.290696290099019,0.332214274118815,0.373718273967115,0.414732410612858,
0.455228551329367,0.494661887460044,0.533572851925918,0.571005057511251,0.607440474678982,
0.642341630120436,0.676696999338077,0.709055059428974,0.739932301811322,0.777076875515039,
0.811670952318448,0.843702645169073,0.864949741787248,0.885708371155637,0.904956743913911,
0.923191024004076,0.939895432663807,0.956084552473708,0.971242738542755,0.985881330520981,
1.),
.UNSPECIFIED.);
#4890=CIRCLE('',#5828,5.05);
#4891=VERTEX_POINT('',#5832);
#4892=VERTEX_POINT('',#5833);
#4893=CIRCLE('',#5834,5.05);
#4894=VERTEX_POINT('',#5838);
#4895=B_SPLINE_CURVE_WITH_KNOTS('',3,
(#5839,#5840,#5841,#5842,#5843,#5844,#5845,#5846,#5847,#5848,#5849,#5850,#5851,#5852,
#5853,#5854,#5855,#5856,#5857,#5858,#5859,#5860,#5861,#5862,#5863,#5864,#5865,#5866,
#5867,#5868,#5869,#5870,#5871,#5872,#5873,#5874,#5875,#5876,#5877,#5878,#5879,#5880,
#5881,#5882,#5883,#5884,#5885,#5886,#5887,#5888,#5889,#5890,#5891,#5892,#5893,#5894,
#5895,#5896,#5897,#5898,#5899,#5900,#5901,#5902,#5903,#5904,#5905,#5906),
.UNSPECIFIED.,.F.,.F.,
(4,1,1,1,1,1,1,1,1,1,1,1,1,1,1,1,1,1,1,1,1,1,1,1,1,1,1,1,1,1,1,1,1,1,1,1,1,1,1,1,
1,1,1,1,1,1,1,1,1,1,1,1,1,1,1,1,1,1,1,1,1,1,1,1,1,4),
(0.,0.0150479082060436,0.0301711964323233,0.0453537175798084,0.0606419421856059,
0.0759746972820876,0.0914058016526966,0.106900062767733,0.122473627777469,0.138073386582147,
0.153764728077352,0.169521340933963,0.185402216163263,0.20133608840748,0.217406630827857,
0.233558960382324,0.249823221970308,0.266123101991118,0.282488456534296,0.298884943361314,
0.315306403690857,0.331722939249066,0.35354825018177,0.380733665809599,0.409465667539271,
0.434324844087176,0.462103711449434,0.489609979099006,0.516836627706146,0.535203233521822,
0.551739924730918,0.566370089787945,0.580936142516437,0.595346286622112,0.609669042997455,
0.623889214843141,0.638082750491329,0.653791329958208,0.671025861085405,0.696040497721783,
0.721032569925876,0.745991199816681,0.763038110056055,0.77844580875769,0.792102996562028,
0.805672468488933,0.818949037168043,0.832025400646579,0.844805895116414,0.857466968827234,
0.869696542629245,0.881592072333859,0.892890097053911,0.903924982319605,0.90859937359187,
0.91430519946778,0.924293772234181,0.93376530444947,0.943110713931562,0.952060226926696,
0.960749435064663,0.969043909601753,0.977237778414619,0.985076424662298,0.992676869583557,
1.),
.UNSPECIFIED.);
#4896=VERTEX_POINT('',#5907);
#4897=CIRCLE('',#5908,5.05);
#4898=VERTEX_POINT('',#5912);
#4899=CIRCLE('',#5913,5.05);
#4900=B_SPLINE_CURVE_WITH_KNOTS('',3,
(#5917,#5918,#5919,#5920,#5921,#5922,#5923,#5924,#5925,#5926,#5927,#5928,#5929,#5930,
#5931,#5932,#5933,#5934,#5935,#5936,#5937,#5938,#5939,#5940,#5941,#5942,#5943,#5944,
#5945,#5946,#5947,#5948,#5949,#5950,#5951,#5952,#5953,#5954,#5955,#5956,#5957,#5958,
#5959,#5960,#5961,#5962,#5963,#5964,#5965,#5966,#5967,#5968,#5969,#5970,#5971,#5972,
#5973,#5974,#5975,#5976,#5977,#5978,#5979,#5980,#5981,#5982,#5983,#5984,#5985),
.UNSPECIFIED.,.F.,.F.,
(4,1,1,1,1,1,1,1,1,1,1,1,1,1,1,1,1,1,1,1,1,1,1,1,1,1,1,1,1,1,1,1,1,1,1,1,1,1,1,1,
1,1,1,1,1,1,1,1,1,1,1,1,1,1,1,1,1,1,1,1,1,1,1,1,1,1,4),
(0.,0.014284896029501,0.0286076018728846,0.0429529831986037,0.0573373513858181,0.0717374008482762,
0.0861458314368574,0.100561536193278,0.1149755527326,0.129386975808079,0.143785495405029,
0.158162423464361,0.172516312528508,0.186861484675714,0.201187746958752,0.215504402103506,
0.229805498507948,0.24410044140861,0.258419269715377,0.272767312363137,0.28718087657272,
0.301627794372594,0.321076149874454,0.345577528189509,0.37025142496243,0.390121446102561,
0.405120463226375,0.420130866684238,0.43514252145661,0.450141892519052,0.470077852271334,
0.491603028260233,0.514709939244379,0.541035322218899,0.567380042949436,0.5937420118905,
0.61187801093753,0.628372255537733,0.64813167874241,0.667818333415176,0.687441611451682,
0.70203000120002,0.71658392567935,0.730965839601974,0.745227022806308,0.759288610133911,
0.773287375434384,0.787075802006574,0.800710407162099,0.814158594770165,0.827557963132126,
0.840723314967364,0.853686804696022,0.866309496316665,0.878750949516355,0.890774904494578,
0.902583566330608,0.908708511085008,0.914163965642913,0.925726840731532,0.937206262125717,
0.948675634695926,0.959747185821232,0.970524781496202,0.980756095637656,0.990583294464698,
1.),
.UNSPECIFIED.);
#4901=VERTEX_POINT('',#5986);
#4902=CIRCLE('',#5987,5.05);
#4903=VERTEX_POINT('',#5991);
#4904=VERTEX_POINT('',#5992);
#4905=LINE('',#5993,#5994);
#4906=VERTEX_POINT('',#5996);
#4907=LINE('',#5997,#5998);
#4908=CIRCLE('',#6000,5.05);
#4909=CIRCLE('',#6004,5.05);
#4910=CIRCLE('',#6008,5.05);
#4911=LINE('',#6012,#6013);
#4912=CIRCLE('',#6015,5.05);
#4913=VERTEX_POINT('',#6019);
#4914=CIRCLE('',#6020,5.05);
#4915=VERTEX_POINT('',#6024);
#4916=CIRCLE('',#6025,5.05);
#4917=VERTEX_POINT('',#6029);
#4918=VERTEX_POINT('',#6030);
#4919=LINE('',#6031,#6032);
#4920=LINE('',#6034,#6035);
#4921=CIRCLE('',#6037,5.05);
#4922=VERTEX_POINT('',#6041);
#4923=CIRCLE('',#6042,5.05);
#4924=LINE('',#6046,#6047);
#4925=VERTEX_POINT('',#6049);
#4926=CIRCLE('',#6050,5.05);
#4927=VERTEX_POINT('',#6054);
#4928=CIRCLE('',#6055,5.05);
#4929=VERTEX_POINT('',#6059);
#4930=B_SPLINE_CURVE_WITH_KNOTS('',3,
(#6060,#6061,#6062,#6063,#6064,#6065,#6066,#6067,#6068,#6069,#6070,#6071,#6072,#6073,
#6074,#6075,#6076,#6077,#6078,#6079,#6080,#6081,#6082,#6083,#6084,#6085,#6086,#6087,
#6088,#6089,#6090,#6091),
.UNSPECIFIED.,.F.,.F.,
(4,1,1,1,1,1,1,1,1,1,1,1,1,1,1,1,1,1,1,1,1,1,1,1,1,1,1,1,1,4),
(0.,0.0281399979517108,0.056719559337486,0.0856963922560218,0.115277096289146,0.145098563462569,
0.175607582069098,0.206600583474597,0.238369014374447,0.270399702326067,0.303140001964801,
0.336316660360433,0.381631598549982,0.427417781252202,0.473628941167135,0.508516299946918,
0.543369872434282,0.589184691047721,0.63434539824986,0.678802015258024,0.711057382721451,
0.742755532004496,0.773585181130233,0.804119881046545,0.843235608258266,0.881456928859274,
0.918828477678477,0.946162056960288,0.973219666070649,1.),
.UNSPECIFIED.);
#4931=VERTEX_POINT('',#6092);
#4932=B_SPLINE_CURVE_WITH_KNOTS('',3,
(#6093,#6094,#6095,#6096,#6097,#6098,#6099,#6100,#6101,#6102,#6103,#6104,#6105,#6106,
#6107,#6108,#6109,#6110,#6111,#6112,#6113,#6114,#6115,#6116,#6117,#6118,#6119,#6120,
#6121,#6122,#6123,#6124),
.UNSPECIFIED.,.F.,.F.,
(4,1,1,1,1,1,1,1,1,1,1,1,1,1,1,1,1,1,1,1,1,1,1,1,1,1,1,1,1,4),
(0.,0.0281399979517163,0.0567195593374848,0.0856963922560193,0.115277096289144,0.145098563462577,
0.175607582069103,0.206600583474603,0.238369014374439,0.270399702326039,0.303140001964771,
0.33631666036039,0.381631598549939,0.427417781252165,0.473628941167091,0.508516299946886,
0.543369872434258,0.58918469104769,0.634345398249823,0.678802015257989,0.711057382721412,
0.742755532004458,0.773585181130198,0.80411988104651,0.843235608258234,0.881456928859247,
0.91882847767846,0.946162056960275,0.973219666070643,1.),
.UNSPECIFIED.);
#4933=LINE('',#6125,#6126);
#4934=VERTEX_POINT('',#6128);
#4935=CIRCLE('',#6129,5.05);
#4936=VERTEX_POINT('',#6133);
#4937=CIRCLE('',#6134,5.05);
#4938=VERTEX_POINT('',#6138);
#4939=CIRCLE('',#6139,1.);
#4940=VERTEX_POINT('',#6143);
#4941=LINE('',#6144,#6145);
#4942=(BOUNDED_CURVE()B_SPLINE_CURVE(3,
(#6147,#6148,#6149,#6150),
.UNSPECIFIED.,.F.,.F.)B_SPLINE_CURVE_WITH_KNOTS((4,4),
(0.,1.),
.UNSPECIFIED.)CURVE()GEOMETRIC_REPRESENTATION_ITEM()RATIONAL_B_SPLINE_CURVE((1.,
0.804737854124365,0.804737854124365,1.))REPRESENTATION_ITEM(''));
#4943=VERTEX_POINT('',#6151);
#4944=LINE('',#6152,#6153);
#4945=CIRCLE('',#6155,1.);
#4946=VERTEX_POINT('',#6159);
#4947=CIRCLE('',#6160,10.);
#4948=CIRCLE('',#6164,1.);
#4949=VERTEX_POINT('',#6168);
#4950=LINE('',#6169,#6170);
#4951=CIRCLE('',#6172,1.);
#4952=VERTEX_POINT('',#6176);
#4953=CIRCLE('',#6177,5.);
#4954=CIRCLE('',#6181,1.);
#4955=VERTEX_POINT('',#6185);
#4956=LINE('',#6186,#6187);
#4957=CIRCLE('',#6189,1.);
#4958=VERTEX_POINT('',#6193);
#4959=CIRCLE('',#6194,5.);
#4960=CIRCLE('',#6198,1.);
#4961=VERTEX_POINT('',#6202);
#4962=LINE('',#6203,#6204);
#4963=CIRCLE('',#6206,1.);
#4964=VERTEX_POINT('',#6210);
#4965=CIRCLE('',#6211,10.);
#4966=CIRCLE('',#6215,1.);
#4967=VERTEX_POINT('',#6219);
#4968=LINE('',#6220,#6221);
#4969=CIRCLE('',#6223,1.);
#4970=VERTEX_POINT('',#6227);
#4971=(BOUNDED_CURVE()B_SPLINE_CURVE(3,
(#6228,#6229,#6230,#6231),
.UNSPECIFIED.,.F.,.F.)B_SPLINE_CURVE_WITH_KNOTS((4,4),
(0.,1.),
.UNSPECIFIED.)CURVE()GEOMETRIC_REPRESENTATION_ITEM()RATIONAL_B_SPLINE_CURVE((1.,
0.626627563376039,0.626627563376039,1.))REPRESENTATION_ITEM(''));
#4972=VERTEX_POINT('',#6232);
#4973=LINE('',#6233,#6234);
#4974=CIRCLE('',#6236,1.5);
#4975=VERTEX_POINT('',#6240);
#4976=CIRCLE('',#6241,5.);
#4977=VERTEX_POINT('',#6245);
#4978=CIRCLE('',#6246,6.25);
#4979=VERTEX_POINT('',#6250);
#4980=CIRCLE('',#6251,4.);
#4981=VERTEX_POINT('',#6255);
#4982=LINE('',#6256,#6257);
#4983=VERTEX_POINT('',#6259);
#4984=CIRCLE('',#6260,4.);
#4985=VERTEX_POINT('',#6264);
#4986=CIRCLE('',#6265,6.25);
#4987=VERTEX_POINT('',#6269);
#4988=CIRCLE('',#6270,1.5);
#4989=VERTEX_POINT('',#6274);
#4990=LINE('',#6275,#6276);
#4991=VERTEX_POINT('',#6278);
#4992=CIRCLE('',#6279,5.);
#4993=LINE('',#6283,#6284);
#4994=VERTEX_POINT('',#6286);
#4995=CIRCLE('',#6287,2.5);
#4996=VERTEX_POINT('',#6291);
#4997=CIRCLE('',#6292,2.5);
#4998=VERTEX_POINT('',#6296);
#4999=VERTEX_POINT('',#6297);
#5000=(BOUNDED_CURVE()B_SPLINE_CURVE(3,
(#6298,#6299,#6300,#6301),
.UNSPECIFIED.,.F.,.F.)B_SPLINE_CURVE_WITH_KNOTS((4,4),
(0.,1.),
.UNSPECIFIED.)CURVE()GEOMETRIC_REPRESENTATION_ITEM()RATIONAL_B_SPLINE_CURVE((1.,
0.985361393243259,0.985361393243259,1.))REPRESENTATION_ITEM(''));
#5001=CIRCLE('',#6302,5.);
#5002=LINE('',#6306,#6307);
#5003=VERTEX_POINT('',#6309);
#5004=LINE('',#6310,#6311);
#5005=VERTEX_POINT('',#6313);
#5006=CIRCLE('',#6314,5.);
#5007=VERTEX_POINT('',#6318);
#5008=LINE('',#6319,#6320);
#5009=VERTEX_POINT('',#6322);
#5010=CIRCLE('',#6323,1.5);
#5011=VERTEX_POINT('',#6327);
#5012=CIRCLE('',#6328,6.25);
#5013=VERTEX_POINT('',#6332);
#5014=CIRCLE('',#6333,4.);
#5015=VERTEX_POINT('',#6337);
#5016=LINE('',#6338,#6339);
#5017=VERTEX_POINT('',#6341);
#5018=CIRCLE('',#6342,4.);
#5019=VERTEX_POINT('',#6346);
#5020=CIRCLE('',#6347,6.25);
#5021=CIRCLE('',#6351,1.5);
#5022=VERTEX_POINT('',#6355);
#5023=CIRCLE('',#6356,2.5);
#5024=VERTEX_POINT('',#6360);
#5025=CIRCLE('',#6361,2.5);
#5026=VERTEX_POINT('',#6365);
#5027=CIRCLE('',#6366,1.5);
#5028=LINE('',#6370,#6371);
#5029=VERTEX_POINT('',#6373);
#5030=LINE('',#6374,#6375);
#5031=VERTEX_POINT('',#6377);
#5032=CIRCLE('',#6378,5.1);
#5033=LINE('',#6382,#6383);
#5034=VERTEX_POINT('',#6385);
#5035=LINE('',#6386,#6387);
#5036=LINE('',#6389,#6390);
#5037=VERTEX_POINT('',#6392);
#5038=CIRCLE('',#6393,5.1);
#5039=LINE('',#6397,#6398);
#5040=LINE('',#6400,#6401);
#5041=VERTEX_POINT('',#6403);
#5042=LINE('',#6404,#6405);
#5043=VERTEX_POINT('',#6407);
#5044=B_SPLINE_CURVE_WITH_KNOTS('',3,
(#6408,#6409,#6410,#6411,#6412,#6413,#6414,#6415,#6416,#6417,#6418,#6419,#6420,#6421,
#6422,#6423,#6424,#6425,#6426,#6427,#6428,#6429,#6430,#6431,#6432,#6433,#6434,#6435,
#6436,#6437,#6438,#6439,#6440,#6441,#6442,#6443,#6444,#6445,#6446,#6447,#6448),
.UNSPECIFIED.,.F.,.F.,
(4,1,1,1,1,1,1,1,1,1,1,1,1,1,1,1,1,1,1,1,1,1,1,1,1,1,1,1,1,1,1,1,1,1,1,1,1,1,4),
(0.,0.0216564654158055,0.0434351827711902,0.0653066915079599,0.0872765079307467,
0.109244299522981,0.131293696467908,0.153411688063453,0.175626011598262,0.19787151966587,
0.220279188268124,0.242816434215885,0.265585964295532,0.288454288523529,0.311591906879787,
0.334900532116137,0.358449619898361,0.382067912432928,0.405993122086796,0.43015433707026,
0.454719167454959,0.47945132872599,0.513177699161383,0.555927153693862,0.599297882140501,
0.634460717243718,0.661383439332707,0.688464712522555,0.715933989084152,0.743625841119619,
0.771608241059646,0.799651564840189,0.827890912220356,0.856258659599102,0.884826922621917,
0.913461848286088,0.94223829261967,0.971083303303999,1.),
.UNSPECIFIED.);
#5045=VERTEX_POINT('',#6449);
#5046=LINE('',#6450,#6451);
#5047=VERTEX_POINT('',#6453);
#5048=B_SPLINE_CURVE_WITH_KNOTS('',3,
(#6454,#6455,#6456,#6457,#6458,#6459,#6460),
.UNSPECIFIED.,.F.,.F.,
(4,1,1,1,4),
(0.,0.248797133411939,0.498605923581255,0.749112280124083,1.),
.UNSPECIFIED.);
#5049=B_SPLINE_CURVE_WITH_KNOTS('',3,
(#6461,#6462,#6463,#6464,#6465,#6466,#6467,#6468),
.UNSPECIFIED.,.F.,.F.,
(4,1,1,1,1,4),
(0.,0.236888492824144,0.464311378912505,0.659140260194937,0.841204191672116,1.),
.UNSPECIFIED.);
#5050=VERTEX_POINT('',#6469);
#5051=CIRCLE('',#6470,5.5);
#5052=B_SPLINE_CURVE_WITH_KNOTS('',3,
(#6474,#6475,#6476,#6477,#6478,#6479,#6480,#6481),
.UNSPECIFIED.,.F.,.F.,
(4,1,1,1,1,4),
(0.,0.236888492746406,0.46431137880552,0.659140260105162,0.841204191628189,1.),
.UNSPECIFIED.);
#5053=CIRCLE('',#6482,5.1);
#5054=CIRCLE('',#6486,5.1);
#5055=VERTEX_POINT('',#6490);
#5056=CIRCLE('',#6491,5.55000000000189);
#5057=VERTEX_POINT('',#6495);
#5058=LINE('',#6496,#6497);
#5059=VERTEX_POINT('',#6499);
#5060=B_SPLINE_CURVE_WITH_KNOTS('',3,
(#6500,#6501,#6502,#6503,#6504,#6505,#6506),
.UNSPECIFIED.,.F.,.F.,
(4,1,1,1,4),
(0.,0.248797133413145,0.498605923582928,0.749112280124297,1.),
.UNSPECIFIED.);
#5061=VERTEX_POINT('',#6507);
#5062=LINE('',#6508,#6509);
#5063=B_SPLINE_CURVE_WITH_KNOTS('',3,
(#6511,#6512,#6513,#6514,#6515,#6516,#6517,#6518,#6519,#6520,#6521,#6522,#6523,#6524,
#6525,#6526,#6527,#6528,#6529,#6530,#6531,#6532,#6533,#6534,#6535,#6536,#6537,#6538,
#6539,#6540,#6541,#6542,#6543,#6544,#6545,#6546,#6547,#6548,#6549,#6550,#6551),
.UNSPECIFIED.,.F.,.F.,
(4,1,1,1,1,1,1,1,1,1,1,1,1,1,1,1,1,1,1,1,1,1,1,1,1,1,1,1,1,1,1,1,1,1,1,1,1,1,4),
(0.,0.0216564654158022,0.0434351827711835,0.0653066915079574,0.0872765079307469,
0.109244299522978,0.131293696467906,0.153411688063454,0.175626011598272,0.197871519665884,
0.220279188268152,0.242816434215913,0.265585964295557,0.288454288523547,0.311591906879808,
0.334900532116154,0.358449619898381,0.382067912432944,0.405993122086821,0.430154337070293,
0.454719167454993,0.479451328726011,0.513177699161395,0.555927153693865,0.5992978821405,
0.634460717243723,0.661383439332707,0.688464712522555,0.715933989084164,0.743625841119623,
0.771608241059651,0.799651564840193,0.827890912220355,0.856258659599104,0.884826922621911,
0.913461848286078,0.942238292619664,0.971083303303992,1.),
.UNSPECIFIED.);
#5064=VERTEX_POINT('',#6552);
#5065=LINE('',#6553,#6554);
#5066=VERTEX_POINT('',#6556);
#5067=LINE('',#6557,#6558);
#5068=VERTEX_POINT('',#6560);
#5069=LINE('',#6561,#6562);
#5070=VERTEX_POINT('',#6564);
#5071=LINE('',#6565,#6566);
#5072=VERTEX_POINT('',#6568);
#5073=LINE('',#6569,#6570);
#5074=VERTEX_POINT('',#6572);
#5075=LINE('',#6573,#6574);
#5076=LINE('',#6576,#6577);
#5077=VERTEX_POINT('',#6579);
#5078=VERTEX_POINT('',#6580);
#5079=LINE('',#6581,#6582);
#5080=LINE('',#6584,#6585);
#5081=LINE('',#6587,#6588);
#5082=CIRCLE('',#6590,5.1);
#5083=CIRCLE('',#6594,5.1);
#5084=VERTEX_POINT('',#6598);
#5085=CIRCLE('',#6599,5.55000000000189);
#5086=VERTEX_POINT('',#6603);
#5087=VERTEX_POINT('',#6604);
#5088=LINE('',#6605,#6606);
#5089=LINE('',#6608,#6609);
#5090=LINE('',#6611,#6612);
#5091=VERTEX_POINT('',#6614);
#5092=CIRCLE('',#6615,5.55000000000189);
#5093=VERTEX_POINT('',#6619);
#5094=CIRCLE('',#6620,5.55000000000189);
#5095=VERTEX_POINT('',#6624);
#5096=CIRCLE('',#6625,0.500000000000007);
#5097=CIRCLE('',#6629,1.);
#5098=VERTEX_POINT('',#6633);
#5099=VERTEX_POINT('',#6634);
#5100=(BOUNDED_CURVE()B_SPLINE_CURVE(3,
(#6635,#6636,#6637,#6638),
.UNSPECIFIED.,.F.,.F.)B_SPLINE_CURVE_WITH_KNOTS((4,4),
(0.,1.),
.UNSPECIFIED.)CURVE()GEOMETRIC_REPRESENTATION_ITEM()RATIONAL_B_SPLINE_CURVE((1.,
0.999993572503371,0.999993572503371,1.))REPRESENTATION_ITEM(''));
#5101=LINE('',#6639,#6640);
#5102=CIRCLE('',#6642,7.25000000000004);
#5103=VERTEX_POINT('',#6646);
#5104=LINE('',#6647,#6648);
#5105=LINE('',#6650,#6651);
#5106=VERTEX_POINT('',#6653);
#5107=VERTEX_POINT('',#6654);
#5108=CIRCLE('',#6655,10.);
#5109=VERTEX_POINT('',#6659);
#5110=B_SPLINE_CURVE_WITH_KNOTS('',3,
(#6660,#6661,#6662,#6663,#6664,#6665,#6666,#6667,#6668,#6669,#6670,#6671,#6672,#6673,
#6674,#6675,#6676,#6677,#6678,#6679,#6680,#6681,#6682,#6683,#6684,#6685,#6686,#6687,
#6688,#6689,#6690,#6691,#6692,#6693,#6694,#6695,#6696,#6697,#6698,#6699,#6700),
.UNSPECIFIED.,.F.,.F.,
(4,1,1,1,1,1,1,1,1,1,1,1,1,1,1,1,1,1,1,1,1,1,1,1,1,1,1,1,1,1,1,1,1,1,1,1,1,1,4),
(0.,0.0216564764880755,0.0434351961223182,0.0653067014330329,0.0872765124208049,
0.109244303580068,0.131293705066652,0.153411703003163,0.175626068998418,0.197871302765336,
0.220279440783619,0.242816567143575,0.265585991285727,0.288454289902305,0.311591907642851,
0.334900532467549,0.358449620172685,0.382067912837956,0.405993122492696,0.430154337492272,
0.454719167837673,0.4794513290035,0.513177699268415,0.555927153599671,0.599297881919539,
0.634460717036984,0.661383438972775,0.688464712308235,0.715933988743604,0.74362584094639,
0.771608240766724,0.799651564727691,0.827890911983057,0.856258659553213,0.884826922438448,
0.913461848252344,0.942238292235022,0.971083303047023,1.),
.UNSPECIFIED.);
#5111=LINE('',#6701,#6702);
#5112=B_SPLINE_CURVE_WITH_KNOTS('',3,
(#6704,#6705,#6706,#6707,#6708,#6709,#6710,#6711,#6712,#6713,#6714,#6715,#6716,#6717,
#6718,#6719,#6720,#6721,#6722,#6723,#6724,#6725,#6726,#6727,#6728,#6729,#6730,#6731,
#6732,#6733,#6734,#6735,#6736,#6737,#6738,#6739,#6740,#6741,#6742,#6743,#6744,#6745,
#6746),
.UNSPECIFIED.,.F.,.F.,
(4,1,1,1,1,1,1,1,1,1,1,1,1,1,1,1,1,1,1,1,1,1,1,1,1,1,1,1,1,1,1,1,1,1,1,1,1,1,1,1,
4),
(0.,0.018934243926883,0.0376858774862092,0.0562543942950339,0.0746114943483191,0.0928583634350995,
0.111032206879981,0.129182363560695,0.14740477022924,0.165693882588401,0.184349374356176,
0.203370645036791,0.22305118994231,0.243064802456357,0.263776486544492,0.284880415611688,
0.306482375234942,0.328186705482792,0.350576099354597,0.373499059217837,0.397317183911911,
0.421479937946646,0.446601366950227,0.472327058456618,0.49885993794564,0.52559829100771,
0.553149330060422,0.581323062185268,0.610495929306666,0.640050814552306,0.670559541929661,
0.701648657306139,0.733481651901462,0.765479604597954,0.798007619728245,0.830890806940331,
0.864290303440276,0.897853378197314,0.931752931620974,0.965805829913091,1.),
.UNSPECIFIED.);
#5113=VERTEX_POINT('',#6747);
#5114=LINE('',#6748,#6749);
#5115=VERTEX_POINT('',#6751);
#5116=CIRCLE('',#6752,5.05);
#5117=VERTEX_POINT('',#6756);
#5118=CIRCLE('',#6757,5.05);
#5119=VERTEX_POINT('',#6761);
#5120=LINE('',#6762,#6763);
#5121=VERTEX_POINT('',#6765);
#5122=LINE('',#6766,#6767);
#5123=VERTEX_POINT('',#6769);
#5124=LINE('',#6770,#6771);
#5125=VERTEX_POINT('',#6773);
#5126=LINE('',#6774,#6775);
#5127=VERTEX_POINT('',#6777);
#5128=CIRCLE('',#6778,5.05);
#5129=LINE('',#6782,#6783);
#5130=VERTEX_POINT('',#6785);
#5131=CIRCLE('',#6786,5.05);
#5132=VERTEX_POINT('',#6790);
#5133=B_SPLINE_CURVE_WITH_KNOTS('',3,
(#6791,#6792,#6793,#6794,#6795,#6796,#6797,#6798,#6799,#6800,#6801,#6802,#6803,#6804,
#6805,#6806,#6807,#6808,#6809,#6810,#6811,#6812,#6813,#6814,#6815,#6816,#6817,#6818,
#6819,#6820,#6821,#6822,#6823,#6824,#6825,#6826,#6827,#6828,#6829,#6830,#6831,#6832,
#6833,#6834,#6835,#6836,#6837,#6838,#6839,#6840,#6841,#6842,#6843,#6844,#6845,#6846,
#6847,#6848,#6849,#6850,#6851,#6852,#6853,#6854,#6855,#6856,#6857,#6858,#6859),
.UNSPECIFIED.,.F.,.F.,
(4,1,1,1,1,1,1,1,1,1,1,1,1,1,1,1,1,1,1,1,1,1,1,1,1,1,1,1,1,1,1,1,1,1,1,1,1,1,1,1,
1,1,1,1,1,1,1,1,1,1,1,1,1,1,1,1,1,1,1,1,1,1,1,1,1,1,4),
(0.,0.00837274464371596,0.0151635176570846,0.0204493266170836,0.0258126971827526,
0.033372744123925,0.0411625550961356,0.0491816881642778,0.0556284223781511,0.0623929289889424,
0.0697162032357175,0.0772796395536351,0.0854898545079726,0.0941046158189746,0.103291388694306,
0.112649241904773,0.12268283814613,0.133223360623302,0.144604107995068,0.156319629721492,
0.168865670415253,0.18190452849308,0.195600006617797,0.209464675331746,0.22388691215513,
0.238697117969678,0.254104855128833,0.269723040149184,0.285808093591849,0.302157594584471,
0.32439799035957,0.346680640700346,0.369020387674345,0.385756858122329,0.402469148038938,
0.419037500339141,0.435491179099346,0.451759789918995,0.467942467337011,0.485429117821098,
0.504308715009173,0.530875477486239,0.563338345444531,0.595159666050592,0.620005397055772,
0.644373116928513,0.674781734928152,0.703691379451805,0.725032059032204,0.738839150234312,
0.75264812661872,0.771047286076672,0.794000981529264,0.821335697411549,0.843892113387118,
0.86170608518147,0.874839325237296,0.88785663487325,0.900696306147134,0.913458487221907,
0.926008073917981,0.938412287381715,0.950682216719789,0.962964787645745,0.975254027420424,
0.987593945123039,1.),
.UNSPECIFIED.);
#5134=LINE('',#6860,#6861);
#5135=VERTEX_POINT('',#6863);
#5136=B_SPLINE_CURVE_WITH_KNOTS('',3,
(#6864,#6865,#6866,#6867,#6868,#6869,#6870,#6871,#6872,#6873,#6874,#6875,#6876,#6877,
#6878,#6879,#6880,#6881,#6882,#6883,#6884,#6885,#6886,#6887,#6888,#6889,#6890,#6891,
#6892,#6893,#6894,#6895,#6896,#6897,#6898,#6899,#6900,#6901,#6902,#6903,#6904,#6905,
#6906,#6907,#6908,#6909,#6910,#6911,#6912,#6913,#6914,#6915,#6916,#6917,#6918,#6919,
#6920,#6921),
.UNSPECIFIED.,.F.,.F.,
(4,1,1,1,1,1,1,1,1,1,1,1,1,1,1,1,1,1,1,1,1,1,1,1,1,1,1,1,1,1,1,1,1,1,1,1,1,1,1,1,
1,1,1,1,1,1,1,1,1,1,1,1,1,1,1,4),
(0.,0.0144879239644398,0.0288715201475009,0.043161914431212,0.0575125952101962,0.0720289688789123,
0.0866548266708036,0.101316007925891,0.115997731501478,0.130679310274537,0.145410336539247,
0.160204158635728,0.175108303816832,0.190071967146998,0.205213462245071,0.220488690375984,
0.235948794522862,0.251476768128414,0.26724515647218,0.283198086320414,0.304921215696927,
0.326919304197637,0.349182768338601,0.366177105662886,0.383219793412272,0.40242756659413,
0.423738796811927,0.45509262567558,0.486603743307271,0.518266701354277,0.540101909585602,
0.559914606545594,0.577656472784866,0.59534960736517,0.618639822672363,0.641746041341225,
0.664664378417234,0.683281477188892,0.703430556583369,0.731887581936908,0.766674071814065,
0.799085602503254,0.822333646840216,0.836762691207378,0.851083475142412,0.865155017320473,
0.879084771159781,0.89283785139198,0.906558051080279,0.920168940530757,0.933695798935404,
0.947091642110617,0.960448362949531,0.97370670313715,0.98689565901887,1.),
.UNSPECIFIED.);
#5137=B_SPLINE_CURVE_WITH_KNOTS('',3,
(#6922,#6923,#6924,#6925,#6926,#6927,#6928,#6929,#6930,#6931,#6932,#6933,#6934,#6935,
#6936,#6937,#6938,#6939,#6940,#6941,#6942,#6943,#6944,#6945,#6946,#6947,#6948,#6949,
#6950,#6951,#6952,#6953,#6954,#6955,#6956,#6957,#6958,#6959,#6960,#6961,#6962,#6963,
#6964,#6965,#6966,#6967,#6968,#6969,#6970,#6971,#6972,#6973,#6974,#6975,#6976,#6977,
#6978,#6979,#6980),
.UNSPECIFIED.,.F.,.F.,
(4,1,1,1,1,1,1,1,1,1,1,1,1,1,1,1,1,1,1,1,1,1,1,1,1,1,1,1,1,1,1,1,1,1,1,1,1,1,1,1,
1,1,1,1,1,1,1,1,1,1,1,1,1,1,1,1,4),
(0.,0.0163820493835311,0.0328840809086256,0.0494891074706572,0.066262148296924,0.0831083130986057,
0.100119446448603,0.117225928014775,0.134451870139716,0.15170252678389,0.169039282919373,
0.186430206312165,0.20388537423378,0.221342371312962,0.23880477420107,0.256267001467032,
0.273718303715701,0.291159388219329,0.310566839623394,0.331957582002025,0.363313398293216,
0.402837235734789,0.440665664539798,0.468818721676022,0.487129103049892,0.505457114665378,
0.529896267197743,0.55428243819838,0.57863568895475,0.602801076064773,0.632861090439699,
0.668810342095651,0.69871848788314,0.722630796884095,0.7403448993432,0.757841792814551,
0.774902162607235,0.791738033336094,0.807870342435551,0.823520209258301,0.838446115667914,
0.853116433914299,0.866894712064607,0.880034889248917,0.892129503780037,0.903844475278532,
0.914605370134223,0.92482777049131,0.934351112939776,0.94370455848163,0.952595737694556,
0.961186494841861,0.969329493801104,0.977338312305528,0.985058160915091,0.992616738776126,
1.),
.UNSPECIFIED.);
#5138=VERTEX_POINT('',#6981);
#5139=(BOUNDED_CURVE()B_SPLINE_CURVE(3,
(#6982,#6983,#6984,#6985),
.UNSPECIFIED.,.F.,.F.)B_SPLINE_CURVE_WITH_KNOTS((4,4),
(0.,1.),
.UNSPECIFIED.)CURVE()GEOMETRIC_REPRESENTATION_ITEM()RATIONAL_B_SPLINE_CURVE((1.,
0.884565118477763,0.884565118477763,1.))REPRESENTATION_ITEM(''));
#5140=VERTEX_POINT('',#6986);
#5141=LINE('',#6987,#6988);
#5142=VERTEX_POINT('',#6990);
#5143=LINE('',#6991,#6992);
#5144=LINE('',#6994,#6995);
#5145=VERTEX_POINT('',#6997);
#5146=VERTEX_POINT('',#6998);
#5147=B_SPLINE_CURVE_WITH_KNOTS('',3,
(#6999,#7000,#7001,#7002,#7003,#7004,#7005,#7006,#7007,#7008,#7009,#7010,#7011,#7012,
#7013,#7014,#7015,#7016,#7017,#7018,#7019,#7020,#7021,#7022,#7023,#7024,#7025,#7026,
#7027,#7028,#7029,#7030,#7031,#7032,#7033,#7034,#7035,#7036,#7037,#7038,#7039,#7040,
#7041,#7042,#7043,#7044,#7045,#7046,#7047,#7048,#7049,#7050,#7051,#7052,#7053,#7054,
#7055,#7056,#7057,#7058,#7059,#7060,#7061,#7062),
.UNSPECIFIED.,.F.,.F.,
(4,1,1,1,1,1,1,1,1,1,1,1,1,1,1,1,1,1,1,1,1,1,1,1,1,1,1,1,3,1,1,1,1,1,1,1,1,1,1,1,
1,1,1,1,1,1,1,1,1,1,1,1,1,1,1,1,1,1,1,4),
(0.,0.00839908628053219,0.0251972588425129,0.0587936039669327,0.110117702507048,
0.133912739139135,0.18320071906518,0.219721943757478,0.279489491572331,0.339257039387185,
0.371188683256082,0.38788588169081,0.404583080125538,0.421280278560266,0.430386854595509,
0.439493430630751,0.448600006665993,0.454010974701962,0.459421942737931,0.464832910773899,
0.470243878809868,0.475654846845837,0.479642900283842,0.483630953721847,0.487619007159852,
0.491607060597858,0.495595114035863,0.499583167473868,0.500028789979733,0.502527828414757,
0.50642904290285,0.510330257390943,0.514231471879037,0.51813268636713,0.522033900855223,
0.52684742499508,0.531660949134936,0.536474473274793,0.541287997414649,0.546101521554506,
0.553106546761963,0.56011157196942,0.567116597176876,0.574121622384333,0.585440792955886,
0.596759963527438,0.608079134098991,0.624931571465939,0.646908173781247,0.67011511189712,
0.679139754713617,0.704695614754771,0.749990126258983,0.770215847373999,0.789994372225391,
0.850224339307319,0.910454657274831,0.94140100150039,0.974033524177719,1.),
.UNSPECIFIED.);
#5148=LINE('',#7063,#7064);
#5149=VERTEX_POINT('',#7066);
#5150=CIRCLE('',#7067,5.);
#5151=LINE('',#7071,#7072);
#5152=CIRCLE('',#7074,5.55);
#5153=VERTEX_POINT('',#7078);
#5154=LINE('',#7079,#7080);
#5155=LINE('',#7082,#7083);
#5156=VERTEX_POINT('',#7085);
#5157=CIRCLE('',#7086,5.55);
#5158=VERTEX_POINT('',#7090);
#5159=CIRCLE('',#7091,5.55);
#5160=VERTEX_POINT('',#7095);
#5161=CIRCLE('',#7096,10.);
#5162=LINE('',#7100,#7101);
#5163=VERTEX_POINT('',#7103);
#5164=LINE('',#7104,#7105);
#5165=VERTEX_POINT('',#7107);
#5166=(BOUNDED_CURVE()B_SPLINE_CURVE(3,
(#7108,#7109,#7110,#7111),
.UNSPECIFIED.,.F.,.F.)B_SPLINE_CURVE_WITH_KNOTS((4,4),
(0.,1.),
.UNSPECIFIED.)CURVE()GEOMETRIC_REPRESENTATION_ITEM()RATIONAL_B_SPLINE_CURVE((1.,
0.62662756337604,0.62662756337604,1.))REPRESENTATION_ITEM(''));
#5167=VERTEX_POINT('',#7112);
#5168=(BOUNDED_CURVE()B_SPLINE_CURVE(3,
(#7113,#7114,#7115,#7116),
.UNSPECIFIED.,.F.,.F.)B_SPLINE_CURVE_WITH_KNOTS((4,4),
(0.,1.),
.UNSPECIFIED.)CURVE()GEOMETRIC_REPRESENTATION_ITEM()RATIONAL_B_SPLINE_CURVE((1.,
0.796560754639786,0.796560754639786,1.))REPRESENTATION_ITEM(''));
#5169=VERTEX_POINT('',#7117);
#5170=(BOUNDED_CURVE()B_SPLINE_CURVE(3,
(#7118,#7119,#7120,#7121),
.UNSPECIFIED.,.F.,.F.)B_SPLINE_CURVE_WITH_KNOTS((4,4),
(0.,1.),
.UNSPECIFIED.)CURVE()GEOMETRIC_REPRESENTATION_ITEM()RATIONAL_B_SPLINE_CURVE((1.,
0.92688495116891,0.92688495116891,1.))REPRESENTATION_ITEM(''));
#5171=VERTEX_POINT('',#7122);
#5172=LINE('',#7123,#7124);
#5173=VERTEX_POINT('',#7126);
#5174=(BOUNDED_CURVE()B_SPLINE_CURVE(3,
(#7127,#7128,#7129,#7130),
.UNSPECIFIED.,.F.,.F.)B_SPLINE_CURVE_WITH_KNOTS((4,4),
(0.,1.),
.UNSPECIFIED.)CURVE()GEOMETRIC_REPRESENTATION_ITEM()RATIONAL_B_SPLINE_CURVE((1.,
0.92688495116891,0.92688495116891,1.))REPRESENTATION_ITEM(''));
#5175=VERTEX_POINT('',#7131);
#5176=(BOUNDED_CURVE()B_SPLINE_CURVE(3,
(#7132,#7133,#7134,#7135),
.UNSPECIFIED.,.F.,.F.)B_SPLINE_CURVE_WITH_KNOTS((4,4),
(0.,1.),
.UNSPECIFIED.)CURVE()GEOMETRIC_REPRESENTATION_ITEM()RATIONAL_B_SPLINE_CURVE((1.,
0.796560754639787,0.796560754639787,1.))REPRESENTATION_ITEM(''));
#5177=(BOUNDED_CURVE()B_SPLINE_CURVE(3,
(#7136,#7137,#7138,#7139),
.UNSPECIFIED.,.F.,.F.)B_SPLINE_CURVE_WITH_KNOTS((4,4),
(0.,1.),
.UNSPECIFIED.)CURVE()GEOMETRIC_REPRESENTATION_ITEM()RATIONAL_B_SPLINE_CURVE((1.,
0.626627563376039,0.626627563376039,1.))REPRESENTATION_ITEM(''));
#5178=CIRCLE('',#7140,1.00000000821236);
#5179=VERTEX_POINT('',#7144);
#5180=(BOUNDED_CURVE()B_SPLINE_CURVE(3,
(#7145,#7146,#7147,#7148),
.UNSPECIFIED.,.F.,.F.)B_SPLINE_CURVE_WITH_KNOTS((4,4),
(0.,1.),
.UNSPECIFIED.)CURVE()GEOMETRIC_REPRESENTATION_ITEM()RATIONAL_B_SPLINE_CURVE((1.,
0.796560754639787,0.796560754639787,1.))REPRESENTATION_ITEM(''));
#5181=LINE('',#7149,#7150);
#5182=VERTEX_POINT('',#7152);
#5183=(BOUNDED_CURVE()B_SPLINE_CURVE(3,
(#7153,#7154,#7155,#7156),
.UNSPECIFIED.,.F.,.F.)B_SPLINE_CURVE_WITH_KNOTS((4,4),
(0.,1.),
.UNSPECIFIED.)CURVE()GEOMETRIC_REPRESENTATION_ITEM()RATIONAL_B_SPLINE_CURVE((1.,
0.92688495116891,0.92688495116891,1.))REPRESENTATION_ITEM(''));
#5184=LINE('',#7157,#7158);
#5185=VERTEX_POINT('',#7160);
#5186=LINE('',#7161,#7162);
#5187=LINE('',#7164,#7165);
#5188=VERTEX_POINT('',#7167);
#5189=(BOUNDED_CURVE()B_SPLINE_CURVE(3,
(#7168,#7169,#7170,#7171),
.UNSPECIFIED.,.F.,.F.)B_SPLINE_CURVE_WITH_KNOTS((4,4),
(0.,1.),
.UNSPECIFIED.)CURVE()GEOMETRIC_REPRESENTATION_ITEM()RATIONAL_B_SPLINE_CURVE((1.,
0.92688495116891,0.92688495116891,1.))REPRESENTATION_ITEM(''));
#5190=LINE('',#7172,#7173);
#5191=VERTEX_POINT('',#7175);
#5192=(BOUNDED_CURVE()B_SPLINE_CURVE(3,
(#7176,#7177,#7178,#7179),
.UNSPECIFIED.,.F.,.F.)B_SPLINE_CURVE_WITH_KNOTS((4,4),
(0.,1.),
.UNSPECIFIED.)CURVE()GEOMETRIC_REPRESENTATION_ITEM()RATIONAL_B_SPLINE_CURVE((1.,
0.796560754639786,0.796560754639786,1.))REPRESENTATION_ITEM(''));
#5193=LINE('',#7180,#7181);
#5194=VERTEX_POINT('',#7183);
#5195=(BOUNDED_CURVE()B_SPLINE_CURVE(3,
(#7184,#7185,#7186,#7187),
.UNSPECIFIED.,.F.,.F.)B_SPLINE_CURVE_WITH_KNOTS((4,4),
(0.,1.),
.UNSPECIFIED.)CURVE()GEOMETRIC_REPRESENTATION_ITEM()RATIONAL_B_SPLINE_CURVE((1.,
0.62662756337604,0.62662756337604,1.))REPRESENTATION_ITEM(''));
#5196=LINE('',#7188,#7189);
#5197=VERTEX_POINT('',#7191);
#5198=LINE('',#7192,#7193);
#5199=VERTEX_POINT('',#7195);
#5200=CIRCLE('',#7196,9.);
#5201=VERTEX_POINT('',#7200);
#5202=LINE('',#7201,#7202);
#5203=VERTEX_POINT('',#7204);
#5204=CIRCLE('',#7205,4.);
#5205=VERTEX_POINT('',#7209);
#5206=LINE('',#7210,#7211);
#5207=VERTEX_POINT('',#7213);
#5208=CIRCLE('',#7214,4.);
#5209=VERTEX_POINT('',#7218);
#5210=LINE('',#7219,#7220);
#5211=VERTEX_POINT('',#7222);
#5212=CIRCLE('',#7223,11.);
#5213=VERTEX_POINT('',#7227);
#5214=LINE('',#7228,#7229);
#5215=VERTEX_POINT('',#7231);
#5216=LINE('',#7232,#7233);
#5217=LINE('',#7235,#7236);
#5218=LINE('',#7238,#7239);
#5219=VERTEX_POINT('',#7241);
#5220=VERTEX_POINT('',#7242);
#5221=CIRCLE('',#7243,5.59999999999999);
#5222=VERTEX_POINT('',#7247);
#5223=LINE('',#7248,#7249);
#5224=VERTEX_POINT('',#7251);
#5225=CIRCLE('',#7252,5.59999999999999);
#5226=LINE('',#7256,#7257);
#5227=CIRCLE('',#7259,5.59999999999999);
#5228=CIRCLE('',#7263,5.60000000000004);
#5229=VERTEX_POINT('',#7267);
#5230=(BOUNDED_CURVE()B_SPLINE_CURVE(3,
(#7268,#7269,#7270,#7271),
.UNSPECIFIED.,.F.,.F.)B_SPLINE_CURVE_WITH_KNOTS((4,4),
(0.,1.),
.UNSPECIFIED.)CURVE()GEOMETRIC_REPRESENTATION_ITEM()RATIONAL_B_SPLINE_CURVE((1.,
0.98536139324326,0.98536139324326,1.))REPRESENTATION_ITEM(''));
#5231=LINE('',#7272,#7273);
#5232=LINE('',#7275,#7276);
#5233=VERTEX_POINT('',#7278);
#5234=CIRCLE('',#7279,1.5);
#5235=LINE('',#7283,#7284);
#5236=VERTEX_POINT('',#7286);
#5237=CIRCLE('',#7287,6.25);
#5238=VERTEX_POINT('',#7291);
#5239=B_SPLINE_CURVE_WITH_KNOTS('',3,
(#7292,#7293,#7294,#7295,#7296,#7297,#7298,#7299,#7300,#7301,#7302,#7303,#7304,#7305,
#7306,#7307,#7308,#7309,#7310,#7311,#7312,#7313,#7314),
.UNSPECIFIED.,.F.,.F.,
(4,1,1,1,1,1,1,1,1,1,1,1,1,1,1,1,1,1,1,1,4),
(0.,0.0814256783533483,0.148654253377544,0.199303476750929,0.243910257765944,0.290774334352088,
0.342665781022619,0.391783842138498,0.433488973806938,0.473617291666176,0.519176579162914,
0.565873009354021,0.609590464791893,0.650773181447984,0.701270858196676,0.752873623422516,
0.804651832621815,0.852049029925261,0.908415743117064,0.958732538495957,1.),
.UNSPECIFIED.);
#5240=VERTEX_POINT('',#7315);
#5241=CIRCLE('',#7316,6.25);
#5242=LINE('',#7320,#7321);
#5243=VERTEX_POINT('',#7323);
#5244=CIRCLE('',#7324,4.);
#5245=LINE('',#7328,#7329);
#5246=VERTEX_POINT('',#7331);
#5247=LINE('',#7332,#7333);
#5248=LINE('',#7335,#7336);
#5249=VERTEX_POINT('',#7338);
#5250=VERTEX_POINT('',#7339);
#5251=B_SPLINE_CURVE_WITH_KNOTS('',3,
(#7340,#7341,#7342,#7343,#7344,#7345,#7346,#7347,#7348,#7349,#7350,#7351,#7352,#7353,
#7354,#7355,#7356,#7357,#7358,#7359,#7360,#7361,#7362),
.UNSPECIFIED.,.F.,.F.,
(4,1,1,1,1,1,1,1,1,1,1,1,1,1,1,1,1,1,1,1,4),
(0.,0.01588543011978,0.0389697898339815,0.0639471098493724,0.090811342390519,0.114948406620735,
0.141653341696931,0.172570453734509,0.205128673403133,0.242503167667513,0.283052172933514,
0.344391552742129,0.409451221972172,0.47823287695864,0.552766256665283,0.628641160490347,
0.705857336823804,0.784365424799232,0.862823883145869,0.941237136784555,1.),
.UNSPECIFIED.);
#5252=LINE('',#7363,#7364);
#5253=CIRCLE('',#7366,4.);
#5254=VERTEX_POINT('',#7370);
#5255=B_SPLINE_CURVE_WITH_KNOTS('',3,
(#7371,#7372,#7373,#7374,#7375,#7376,#7377,#7378,#7379,#7380,#7381,#7382,#7383,#7384,
#7385,#7386,#7387,#7388,#7389,#7390,#7391,#7392,#7393,#7394,#7395,#7396,#7397,#7398,
#7399,#7400,#7401,#7402,#7403,#7404,#7405,#7406,#7407,#7408,#7409,#7410,#7411,#7412,
#7413,#7414,#7415,#7416,#7417,#7418,#7419,#7420,#7421,#7422,#7423,#7424,#7425,#7426,
#7427,#7428,#7429,#7430,#7431,#7432,#7433,#7434,#7435,#7436,#7437,#7438,#7439,#7440,
#7441,#7442,#7443,#7444,#7445,#7446,#7447,#7448,#7449,#7450,#7451,#7452,#7453,#7454,
#7455,#7456,#7457,#7458),
.UNSPECIFIED.,.F.,.F.,
(4,1,1,1,1,1,1,1,1,1,1,1,1,1,1,1,1,1,1,1,1,1,1,1,1,1,1,1,1,1,1,1,1,1,1,1,1,1,1,1,
1,1,1,1,1,1,1,1,1,1,1,1,1,1,1,1,1,1,1,1,1,1,1,1,1,1,1,1,1,1,1,1,1,1,1,1,1,1,1,1,
1,1,1,1,1,4),
(0.,0.0177529675914226,0.0351959326786529,0.0524118834954096,0.069421448339364,0.0864083217837012,
0.103216995096895,0.11989680776987,0.136407077730614,0.152872478546043,0.169074460550886,
0.185060908242911,0.20065485438687,0.21608610377881,0.231053032716884,0.24573035324918,
0.264659310565332,0.283159265774036,0.301235506692739,0.3141624025331,0.326917517694937,
0.339248422584546,0.351331392535056,0.363108606615255,0.363696123468094,0.374823598444161,
0.390000839261986,0.404880126146856,0.419441188193841,0.429990111135804,0.440357435637107,
0.450475973526484,0.460531238603705,0.470408911651616,0.480162442868446,0.489719076991946,
0.499208742033448,0.508573775545836,0.517869960292215,0.527086286055977,0.536298076385131,
0.545465400065965,0.554585562068656,0.563594137324989,0.572541505916318,0.58130248374703,
0.58993278652354,0.598370724019604,0.606742602181695,0.61216574019757,0.614911985144917,
0.622934658298515,0.630701557693251,0.638366897586039,0.648118160307792,0.657642625751114,
0.666935931079522,0.674396275716067,0.682442381805976,0.695272146160397,0.712267906568183,
0.729250592120879,0.742037764602478,0.750010553267054,0.757351939049669,0.764101339154289,
0.770886334200203,0.777893055969298,0.785086129478597,0.79262044551075,0.800313934977389,
0.813403144388754,0.832307174513804,0.853102031768418,0.870562951838103,0.883295246648082,
0.895221744222935,0.9063993519069,0.917631030971227,0.929039302763998,0.940568705484632,
0.952284496513556,0.9640672100946,0.975979329535011,0.987957250017068,1.),
.UNSPECIFIED.);
#5256=CIRCLE('',#7459,6.25);
#5257=VERTEX_POINT('',#7463);
#5258=LINE('',#7464,#7465);
#5259=VERTEX_POINT('',#7467);
#5260=B_SPLINE_CURVE_WITH_KNOTS('',3,
(#7468,#7469,#7470,#7471,#7472,#7473,#7474,#7475,#7476,#7477,#7478,#7479,#7480,#7481,
#7482,#7483,#7484,#7485,#7486,#7487,#7488,#7489,#7490,#7491,#7492,#7493,#7494,#7495,
#7496,#7497,#7498,#7499,#7500,#7501,#7502,#7503,#7504,#7505,#7506,#7507,#7508,#7509,
#7510,#7511,#7512,#7513,#7514,#7515,#7516,#7517,#7518,#7519,#7520,#7521,#7522,#7523,
#7524,#7525,#7526,#7527,#7528,#7529,#7530,#7531,#7532,#7533,#7534,#7535,#7536,#7537,
#7538,#7539,#7540,#7541,#7542,#7543,#7544,#7545,#7546,#7547,#7548,#7549,#7550,#7551,
#7552,#7553,#7554,#7555,#7556,#7557,#7558,#7559,#7560,#7561,#7562,#7563,#7564,#7565,
#7566,#7567,#7568,#7569,#7570,#7571,#7572,#7573,#7574,#7575,#7576,#7577,#7578,#7579,
#7580,#7581,#7582,#7583,#7584,#7585,#7586,#7587,#7588,#7589,#7590,#7591,#7592),
.UNSPECIFIED.,.F.,.F.,
(4,1,1,1,1,1,1,1,1,1,1,1,1,1,1,1,1,1,1,1,1,1,1,1,1,1,1,1,1,1,1,1,1,1,1,1,1,1,1,1,
1,1,1,1,1,1,1,1,1,1,1,1,1,1,1,1,1,1,1,1,1,1,1,1,1,1,1,1,1,1,1,1,1,1,1,1,1,1,1,1,
1,1,1,1,1,1,1,1,1,1,1,1,1,1,1,1,1,1,1,1,1,1,1,1,1,1,1,1,1,1,1,1,1,1,1,1,1,1,1,1,
1,1,4),
(0.,0.00689177130152906,0.0135395835478475,0.0199660616637236,0.0260876254560617,
0.0320627935584149,0.0377496077108181,0.043261474082292,0.048531289617717,0.0537461711817096,
0.0587008657837525,0.0634822124073698,0.0679080548198954,0.0721815840477832,0.0760333407244394,
0.0796247850761789,0.0828708302631799,0.0860246335915034,0.0889266763954399,0.0916752439196007,
0.0941710283809878,0.0965697075965439,0.0987783898369015,0.100887357866717,0.102877210176573,
0.104849098691381,0.106792595111435,0.108719160965216,0.110519872866237,0.110616073497341,
0.1125019082375,0.114362467676531,0.116207589291309,0.118036267237176,0.11986624264543,
0.12171208858349,0.123570291221152,0.125446585546622,0.12732982733876,0.12924451339296,
0.131179691445355,0.133143757274192,0.13511707446141,0.137850200550019,0.140653913833963,
0.143525021109077,0.145778926091671,0.148081305776115,0.150440728647711,0.152811902405295,
0.15528918196825,0.157858463937305,0.160593342997923,0.163404358130573,0.16641511042361,
0.169557582654047,0.17287382243994,0.176235311714718,0.179833112206508,0.183607011496053,
0.187697135715434,0.191920346942609,0.196523056803969,0.201372461443269,0.206571911455201,
0.211874242358765,0.217668062174493,0.223857668647278,0.230732449117277,0.237902841208299,
0.245852658380739,0.254290785213577,0.263411170952097,0.272722457269591,0.282768140246742,
0.293359741880873,0.304842197897708,0.31667151165084,0.329355259584561,0.342542392702073,
0.356391367613362,0.370396454211374,0.384933297182107,0.399846168137469,0.415353818872575,
0.431081464931724,0.452904949773752,0.475068596916045,0.497569889259393,0.514582530811564,
0.531643192822153,0.54874092188378,0.5658284480532,0.588408083933778,0.610810096131342,
0.633028373817193,0.649320113661082,0.665364064261439,0.680997512728692,0.696470108324951,
0.711517406833946,0.726302151304305,0.745478630338103,0.765626303897313,0.786743249952963,
0.809413665749869,0.831487366571885,0.852946791516812,0.866955002106855,0.879327453865537,
0.889888406233486,0.900276282243508,0.910252167008259,0.919991288479546,0.929435315084642,
0.938816626100716,0.947986584654355,0.957018918989559,0.965832244743017,0.97455895280478,
0.983121577154204,0.991602466412915,1.),
.UNSPECIFIED.);
#5261=VERTEX_POINT('',#7593);
#5262=CIRCLE('',#7594,5.1);
#5263=VERTEX_POINT('',#7598);
#5264=B_SPLINE_CURVE_WITH_KNOTS('',3,
(#7599,#7600,#7601,#7602,#7603,#7604,#7605,#7606,#7607,#7608,#7609,#7610,#7611,#7612,
#7613,#7614,#7615,#7616,#7617,#7618,#7619,#7620,#7621,#7622,#7623,#7624,#7625,#7626,
#7627,#7628,#7629,#7630,#7631,#7632,#7633,#7634,#7635,#7636,#7637,#7638,#7639,#7640,
#7641,#7642,#7643,#7644,#7645,#7646,#7647,#7648,#7649,#7650,#7651,#7652,#7653,#7654,
#7655,#7656,#7657,#7658,#7659,#7660,#7661,#7662,#7663,#7664,#7665,#7666,#7667,#7668,
#7669,#7670,#7671,#7672,#7673,#7674,#7675,#7676,#7677,#7678,#7679,#7680,#7681,#7682,
#7683,#7684,#7685,#7686,#7687,#7688,#7689,#7690,#7691,#7692,#7693,#7694,#7695,#7696,
#7697,#7698,#7699,#7700,#7701,#7702,#7703,#7704,#7705,#7706,#7707,#7708,#7709,#7710,
#7711,#7712,#7713,#7714,#7715,#7716,#7717,#7718,#7719,#7720,#7721,#7722,#7723,#7724),
.UNSPECIFIED.,.F.,.F.,
(4,1,1,1,1,1,1,1,1,1,1,1,1,1,1,1,1,1,1,1,1,1,1,1,1,1,1,1,1,1,1,1,1,1,1,1,1,1,1,1,
1,1,1,1,1,1,1,1,1,1,1,1,1,1,1,1,1,1,1,1,1,1,1,1,1,1,1,1,1,1,1,1,1,1,1,1,1,1,1,1,
1,1,1,1,1,1,1,1,1,1,1,1,1,1,1,1,1,1,1,1,1,1,1,1,1,1,1,1,1,1,1,1,1,1,1,1,1,1,1,1,
1,1,1,4),
(0.,0.00880761117878125,0.0176267597936934,0.0264547890474076,0.0353004193606546,
0.0441639355636661,0.0530419996313315,0.0619190818207844,0.0707996108036283,0.0796819591702165,
0.0896324606472076,0.100646980663177,0.119101666936432,0.146555276976818,0.181224765992022,
0.210144069813255,0.230674723612621,0.243620470071233,0.255587995172653,0.266712697223671,
0.277974117660304,0.293679725886047,0.30975776472142,0.326211560402712,0.339054113067273,
0.352222251110506,0.365928667583705,0.37984625838228,0.394286278637991,0.409037224111108,
0.424202099311341,0.439471206097373,0.455077052274392,0.470916732699122,0.487121391169012,
0.503456253836587,0.520091843871758,0.53689715444509,0.553908547831683,0.570956055574043,
0.587950961279598,0.604857722701734,0.621551721053136,0.638122453200154,0.654286291810259,
0.67016777035412,0.68561216859087,0.70090295463179,0.715492107467519,0.729528421362852,
0.742625709322324,0.755325923671292,0.76700968161968,0.778062661644063,0.788252268986786,
0.798196672934923,0.807302753046305,0.815828581392657,0.82341722645686,0.830641259836741,
0.836912510953863,0.842621207521248,0.847612092658009,0.852455690978018,0.856724960340422,
0.860595677063526,0.863855820323332,0.866898406141673,0.869490245871381,0.871850096713,
0.873947708412827,0.876013423129524,0.878017605712696,0.879983544919346,0.881881723630622,
0.883756672336422,0.885568362841368,0.887342593809166,0.889068616865485,0.889464385836083,
0.89078420109018,0.892458425191892,0.894100894801417,0.89568979891274,0.897255676843339,
0.898765119279759,0.900239682354952,0.901666322685777,0.903077974451841,0.904453203240169,
0.905807348591408,0.907140252211068,0.908470456849105,0.910512914749715,0.913028867570714,
0.91602222363418,0.920028494076078,0.925331165793065,0.930723298197207,0.934960849526315,
0.938040431442523,0.941178468113905,0.944412249246724,0.947679850575439,0.950943295821655,
0.954175016663388,0.957313341435273,0.960389629649328,0.963380532192861,0.966349411527993,
0.969213002503118,0.971994155579142,0.974639856415659,0.977228986753728,0.979675422279087,
0.982034761603859,0.984275431747433,0.986484919412499,0.988598947740104,0.990649231649877,
0.992603225643261,0.994525249096665,0.996980116466245,1.),
.UNSPECIFIED.);
#5265=LINE('',#7725,#7726);
#5266=VERTEX_POINT('',#7728);
#5267=CIRCLE('',#7729,5.05);
#5268=VERTEX_POINT('',#7733);
#5269=CIRCLE('',#7734,5.05);
#5270=VERTEX_POINT('',#7738);
#5271=LINE('',#7739,#7740);
#5272=VERTEX_POINT('',#7742);
#5273=CIRCLE('',#7743,5.05);
#5274=VERTEX_POINT('',#7747);
#5275=CIRCLE('',#7748,5.05);
#5276=VERTEX_POINT('',#7752);
#5277=LINE('',#7753,#7754);
#5278=VERTEX_POINT('',#7756);
#5279=CIRCLE('',#7757,5.05);
#5280=LINE('',#7761,#7762);
#5281=VERTEX_POINT('',#7764);
#5282=B_SPLINE_CURVE_WITH_KNOTS('',3,
(#7765,#7766,#7767,#7768,#7769,#7770,#7771,#7772,#7773,#7774,#7775,#7776,#7777,#7778,
#7779,#7780,#7781,#7782,#7783,#7784,#7785,#7786,#7787,#7788,#7789,#7790,#7791,#7792,
#7793,#7794,#7795,#7796,#7797,#7798,#7799,#7800,#7801,#7802,#7803,#7804,#7805,#7806,
#7807,#7808,#7809,#7810,#7811,#7812,#7813,#7814,#7815,#7816,#7817,#7818,#7819,#7820,
#7821,#7822,#7823,#7824,#7825,#7826,#7827,#7828,#7829,#7830,#7831,#7832,#7833,#7834,
#7835,#7836,#7837,#7838,#7839,#7840,#7841,#7842,#7843,#7844,#7845,#7846,#7847,#7848),
.UNSPECIFIED.,.F.,.F.,
(4,1,1,1,1,1,1,1,1,1,1,1,1,1,1,1,1,1,1,1,1,1,1,1,1,1,1,1,1,1,1,1,1,1,1,1,1,1,1,1,
1,1,1,1,1,1,1,1,1,1,1,1,1,1,1,1,1,1,1,1,1,1,1,1,1,1,1,1,1,1,1,1,1,1,1,1,1,1,1,1,
1,4),
(0.,0.0100073289624686,0.0200233768432093,0.0300428184903212,0.040069116072386,0.0501048383891866,
0.0601489400462532,0.0701927149922349,0.0802428653897857,0.09029627614577,0.10040117913015,
0.110556327888816,0.120823729846279,0.131143866625385,0.141616979775596,0.152195239188406,
0.162936192953483,0.173736429566719,0.184730332177842,0.195857644274854,0.207192571216363,
0.218596785020952,0.234109643892882,0.249757531683633,0.265542649247254,0.279088853768273,
0.294296428381315,0.317372549825887,0.347234023365318,0.376568831880898,0.399175260110685,
0.414712927998672,0.430492159356312,0.452576613773133,0.475140261186272,0.498187232147861,
0.515882993598492,0.533810897640587,0.552085170807826,0.570473867054575,0.589096783793402,
0.607836730866098,0.626698754202909,0.645564558250453,0.664269806027477,0.68281043356167,
0.701019065008275,0.719061998758078,0.736599803774604,0.753804118402973,0.770503889349131,
0.787043240748553,0.802826323560072,0.818023886097125,0.832211619738087,0.845974347145983,
0.858645052067554,0.870638211697803,0.881703594009904,0.892500235503442,0.902422247095982,
0.911736674541832,0.920045676162797,0.92797228668067,0.9349851270089,0.941496346532168,
0.947285662213488,0.95288874624512,0.957921729742652,0.962564017659164,0.966616711616726,
0.97045549999183,0.974809336842334,0.978879095982535,0.982672048590055,0.985382974990987,
0.988020058883416,0.990536248817147,0.993004749577811,0.99538551139696,0.997719264710959,
1.),
.UNSPECIFIED.);
#5283=VERTEX_POINT('',#7849);
#5284=B_SPLINE_CURVE_WITH_KNOTS('',3,
(#7850,#7851,#7852,#7853,#7854,#7855,#7856,#7857,#7858,#7859,#7860,#7861,#7862,#7863,
#7864,#7865,#7866,#7867,#7868,#7869,#7870,#7871,#7872,#7873,#7874,#7875,#7876,#7877,
#7878,#7879,#7880,#7881,#7882,#7883,#7884,#7885,#7886,#7887,#7888,#7889,#7890),
.UNSPECIFIED.,.F.,.F.,
(4,1,1,1,1,1,1,1,1,1,1,1,1,1,1,1,1,1,1,1,1,1,1,1,1,1,1,1,1,1,1,1,1,1,1,1,1,1,4),
(0.,0.0143117353839004,0.0286162644083316,0.0428945921334036,0.0570409813763931,
0.0711093389235512,0.0848782286079776,0.0984284009342901,0.111635209453289,0.124705203732923,
0.138748176631175,0.153908240449229,0.178127794394329,0.213707382396133,0.251445513081956,
0.283366093599907,0.305191027251789,0.326214981153356,0.351837933058123,0.38417529443374,
0.417568859330302,0.446648507582791,0.470730015774507,0.495366107911742,0.521655145906481,
0.549042438256989,0.578116795397194,0.607790451123995,0.639143216190595,0.671490686914152,
0.705115538517742,0.739008961712277,0.773914539540168,0.809544561569813,0.846314987896827,
0.883566518703928,0.92180436782169,0.960618100992185,1.),
.UNSPECIFIED.);
#5285=VERTEX_POINT('',#7891);
#5286=CIRCLE('',#7892,5.1);
#5287=VERTEX_POINT('',#7896);
#5288=B_SPLINE_CURVE_WITH_KNOTS('',3,
(#7897,#7898,#7899,#7900,#7901,#7902,#7903,#7904,#7905,#7906,#7907,#7908,#7909,#7910,
#7911,#7912,#7913,#7914,#7915,#7916,#7917,#7918,#7919,#7920,#7921,#7922,#7923,#7924,
#7925,#7926),
.UNSPECIFIED.,.F.,.F.,
(4,1,1,1,1,1,1,1,1,1,1,1,1,1,1,1,1,1,1,1,1,1,1,1,1,1,1,4),
(0.,0.0590405689665058,0.116155407337551,0.171491327340231,0.22433828959869,0.275969952394327,
0.325152900770488,0.37288665949109,0.418504204488845,0.463590990318863,0.506356169989191,
0.547378506754954,0.585637579378656,0.622835580380669,0.656692194605676,0.68836198037159,
0.717369450908928,0.745705393849078,0.782917335258857,0.819036401796178,0.854302938568184,
0.884840860289678,0.916381068896798,0.944134414035237,0.96221884208593,0.975111845954191,
0.987709485392183,1.),
.UNSPECIFIED.);
#5289=VERTEX_POINT('',#7927);
#5290=B_SPLINE_CURVE_WITH_KNOTS('',3,
(#7928,#7929,#7930,#7931,#7932,#7933,#7934,#7935,#7936,#7937,#7938,#7939,#7940,#7941,
#7942,#7943,#7944,#7945,#7946,#7947,#7948,#7949,#7950,#7951,#7952,#7953,#7954,#7955,
#7956,#7957,#7958,#7959,#7960,#7961,#7962,#7963,#7964,#7965,#7966,#7967,#7968,#7969,
#7970,#7971,#7972,#7973,#7974,#7975,#7976,#7977,#7978,#7979,#7980,#7981,#7982,#7983,
#7984,#7985,#7986,#7987,#7988,#7989,#7990,#7991,#7992,#7993,#7994,#7995,#7996,#7997,
#7998,#7999,#8000,#8001,#8002,#8003,#8004,#8005,#8006,#8007,#8008,#8009,#8010,#8011),
.UNSPECIFIED.,.F.,.F.,
(4,1,1,1,1,1,1,1,1,1,1,1,1,1,1,1,1,1,1,1,1,1,1,1,1,1,1,1,1,1,1,1,1,1,1,1,1,1,1,1,
1,1,1,1,1,1,1,1,1,1,1,1,1,1,1,1,1,1,1,1,1,1,1,1,1,1,1,1,1,1,1,1,1,1,1,1,1,1,1,1,
1,4),
(0.,0.0100073289624605,0.0200233768431976,0.0300428184902961,0.0400691160723641,
0.0501048383891644,0.0601489400462311,0.0701927149922239,0.080242865389777,0.0902962761457615,
0.100401179130144,0.110556327888812,0.120823729846275,0.131143866625383,0.141616979775592,
0.152195239188402,0.16293619295348,0.173736429566715,0.184730332177837,0.195857644274848,
0.207192571216353,0.218596785020945,0.23410964389288,0.249757531683635,0.265542649247255,
0.279088853768275,0.29429642838131,0.317372549825881,0.347234023365305,0.37656883188088,
0.399175260110671,0.414712927998663,0.430492159356308,0.452576613773123,0.475140261186264,
0.498187232147866,0.515882993598496,0.533810897640596,0.552085170807838,0.570473867054583,
0.589096783793407,0.6078367308661,0.626698754202916,0.645564558250455,0.664269806027475,
0.682810433561676,0.701019065008277,0.71906199875808,0.736599803774603,0.753804118402966,
0.770503889349123,0.787043240748553,0.802826323560068,0.818023886097127,0.832211619738086,
0.845974347145988,0.858645052067553,0.870638211697797,0.881703594009892,0.892500235503429,
0.902422247095966,0.911736674541807,0.920045676162774,0.927972286680648,0.934985127008883,
0.941496346532148,0.947285662213468,0.9528887462451,0.957921729742638,0.962564017659155,
0.96661671161672,0.970455499991828,0.974809336842331,0.978879095982534,0.982672048590052,
0.985382974990982,0.988020058883409,0.990536248817137,0.993004749577802,0.995385511396953,
0.997719264710954,1.),
.UNSPECIFIED.);
#5291=LINE('',#8012,#8013);
#5292=VERTEX_POINT('',#8015);
#5293=CIRCLE('',#8016,5.05);
#5294=VERTEX_POINT('',#8020);
#5295=LINE('',#8021,#8022);
#5296=VERTEX_POINT('',#8024);
#5297=CIRCLE('',#8025,5.05);
#5298=VERTEX_POINT('',#8029);
#5299=CIRCLE('',#8030,5.05);
#5300=VERTEX_POINT('',#8034);
#5301=LINE('',#8035,#8036);
#5302=VERTEX_POINT('',#8038);
#5303=CIRCLE('',#8039,5.05);
#5304=CIRCLE('',#8043,5.05);
#5305=VERTEX_POINT('',#8047);
#5306=CIRCLE('',#8048,10.);
#5307=VERTEX_POINT('',#8052);
#5308=CIRCLE('',#8053,10.);
#5309=VERTEX_POINT('',#8057);
#5310=LINE('',#8058,#8059);
#5311=B_SPLINE_CURVE_WITH_KNOTS('',3,
(#8061,#8062,#8063,#8064,#8065,#8066,#8067,#8068,#8069,#8070,#8071,#8072,#8073,#8074,
#8075,#8076,#8077,#8078,#8079,#8080,#8081,#8082,#8083,#8084,#8085,#8086,#8087,#8088,
#8089,#8090,#8091,#8092,#8093,#8094,#8095,#8096,#8097,#8098,#8099,#8100,#8101,#8102,
#8103),
.UNSPECIFIED.,.F.,.F.,
(4,1,1,1,1,1,1,1,1,1,1,1,1,1,1,1,1,1,1,1,1,1,1,1,1,1,1,1,1,1,1,1,1,1,1,1,1,1,1,1,
4),
(0.,0.0128362396834973,0.0258930316248945,0.0391531632804867,0.0527925433431595,
0.0666142424482836,0.0809376627730011,0.0955874909023143,0.110673846373949,0.125866149499358,
0.141725386890022,0.158132648780513,0.175518555686527,0.193325325495259,0.212271424288873,
0.231934946184275,0.252625273600703,0.273629266783643,0.295820557201227,0.318894324772936,
0.343419883555427,0.368514113049394,0.395046311919481,0.422455067382049,0.451011633244335,
0.479839254691838,0.509695065637529,0.540327058950427,0.572197799912448,0.604527526052375,
0.637981359041525,0.672129396573786,0.707137617798664,0.742308426079602,0.778054285848341,
0.814201546530422,0.850897370780825,0.887753725673686,0.92499398951098,0.962415652183795,
1.),
.UNSPECIFIED.);
#5312=LINE('',#8104,#8105);
#5313=VERTEX_POINT('',#8107);
#5314=LINE('',#8108,#8109);
#5315=B_SPLINE_CURVE_WITH_KNOTS('',3,
(#8111,#8112,#8113,#8114,#8115,#8116,#8117,#8118,#8119,#8120,#8121,#8122,#8123,#8124,
#8125,#8126,#8127,#8128,#8129,#8130,#8131,#8132,#8133,#8134,#8135,#8136,#8137,#8138,
#8139,#8140,#8141,#8142,#8143,#8144,#8145,#8146,#8147,#8148,#8149,#8150,#8151,#8152,
#8153,#8154,#8155,#8156,#8157,#8158,#8159,#8160,#8161,#8162,#8163,#8164,#8165,#8166),
.UNSPECIFIED.,.F.,.F.,
(4,1,1,1,1,1,1,1,1,1,1,1,1,1,1,1,1,1,1,1,1,1,1,1,1,1,1,1,1,1,1,1,1,1,1,1,1,1,1,1,
1,1,1,1,1,1,1,1,1,1,1,1,1,4),
(0.,0.0157243375523236,0.0294395292995548,0.0454733772307308,0.0614547671274853,
0.0773869870316478,0.0895693176820536,0.10238808028014,0.120992734224591,0.140256666074223,
0.160175016793214,0.176522336056424,0.193788858713373,0.218844432626242,0.251562636223656,
0.283664347482207,0.308295691285552,0.330379181880908,0.354678765410282,0.381189341839198,
0.41585610668169,0.462314351587333,0.508923663656384,0.544057665039848,0.565634908634652,
0.585276485263222,0.602971353361668,0.620673082055613,0.638375782680426,0.656079126979563,
0.67378615004618,0.691489290901622,0.709052917263804,0.726465719396625,0.743585454674729,
0.76057295331032,0.78247052195572,0.803945730066408,0.824993965864265,0.840128104978751,
0.854819797952927,0.868744862279694,0.882350624272409,0.895122535424549,0.907373964036169,
0.918853146209191,0.930003913722006,0.940552060356183,0.950774024406462,0.960618961708439,
0.970438282774389,0.980209359973468,0.990053374609678,1.),
.UNSPECIFIED.);
#5316=VERTEX_POINT('',#8167);
#5317=B_SPLINE_CURVE_WITH_KNOTS('',3,
(#8168,#8169,#8170,#8171,#8172,#8173,#8174,#8175,#8176,#8177,#8178,#8179,#8180,#8181,
#8182,#8183,#8184,#8185,#8186,#8187,#8188,#8189,#8190,#8191,#8192,#8193,#8194,#8195,
#8196,#8197,#8198,#8199,#8200,#8201,#8202,#8203,#8204,#8205,#8206,#8207,#8208,#8209,
#8210),
.UNSPECIFIED.,.F.,.F.,
(4,1,1,1,1,1,1,1,1,1,1,1,1,1,1,1,1,1,1,1,1,1,1,1,1,1,1,1,1,1,1,1,1,1,1,1,1,1,1,1,
4),
(0.,0.0128362396834896,0.0258930316248865,0.0391531632804751,0.0527925433431435,
0.06661424244827,0.080937662772987,0.0955874909022979,0.110673846373939,0.125866149499347,
0.141725386890017,0.158132648780502,0.175518555686517,0.193325325495257,0.212271424288871,
0.231934946184282,0.252625273600711,0.273629266783656,0.29582055720125,0.318894324772953,
0.34341988355545,0.368514113049421,0.395046311919515,0.42245506738208,0.451011633244357,
0.479839254691866,0.509695065637557,0.540327058950456,0.572197799912477,0.604527526052399,
0.63798135904155,0.672129396573804,0.707137617798678,0.742308426079612,0.778054285848353,
0.81420154653043,0.850897370780822,0.887753725673681,0.924993989510972,0.962415652183791,
1.),
.UNSPECIFIED.);
#5318=LINE('',#8211,#8212);
#5319=CIRCLE('',#8214,10.);
#5320=VERTEX_POINT('',#8218);
#5321=B_SPLINE_CURVE_WITH_KNOTS('',3,
(#8219,#8220,#8221,#8222,#8223,#8224,#8225,#8226,#8227,#8228,#8229,#8230,#8231,#8232,
#8233,#8234,#8235,#8236,#8237,#8238,#8239,#8240,#8241,#8242,#8243,#8244,#8245,#8246,
#8247,#8248,#8249,#8250,#8251,#8252,#8253,#8254,#8255,#8256,#8257,#8258,#8259),
.UNSPECIFIED.,.F.,.F.,
(4,1,1,1,1,1,1,1,1,1,1,1,1,1,1,1,1,1,1,1,1,1,1,1,1,1,1,1,1,1,1,1,1,1,1,1,1,1,4),
(0.,0.0216564764880715,0.0434351961223173,0.0653067014330403,0.087276512420805,0.10924430358007,
0.131293705066652,0.153411703003161,0.175626068998418,0.197871302765337,0.220279440783615,
0.242816567143572,0.265585991285723,0.288454289902302,0.311591907642847,0.334900532467545,
0.358449620172682,0.38206791283795,0.405993122492696,0.430154337492276,0.45471916783768,
0.479451329003507,0.513177699268426,0.555927153599679,0.599297881919549,0.634460717036991,
0.661383438972782,0.688464712308242,0.715933988743608,0.743625840946394,0.771608240766727,
0.799651564727692,0.82789091198306,0.856258659553212,0.884826922438445,0.91346184825234,
0.942238292235018,0.971083303047017,1.),
.UNSPECIFIED.);
#5322=VERTEX_POINT('',#8260);
#5323=CIRCLE('',#8261,10.);
#5324=B_SPLINE_CURVE_WITH_KNOTS('',3,
(#8265,#8266,#8267,#8268,#8269,#8270,#8271,#8272,#8273,#8274,#8275,#8276,#8277,#8278,
#8279,#8280,#8281,#8282,#8283,#8284,#8285,#8286,#8287,#8288,#8289,#8290,#8291,#8292,
#8293,#8294,#8295,#8296,#8297),
.UNSPECIFIED.,.F.,.F.,
(4,1,1,1,1,1,1,1,1,1,1,1,1,1,1,1,1,1,1,1,1,1,1,1,1,1,1,1,1,1,4),
(0.,0.0447224354286907,0.0929208691907879,0.142959434296077,0.185040472341838,0.218995917603662,
0.257398929079708,0.297605339966676,0.339601229745865,0.370883534700211,0.400629592794958,
0.429287928046864,0.458395546162325,0.488407294289602,0.518883670433663,0.549783892865244,
0.580640880009331,0.611265121940712,0.641682766422587,0.671660704421886,0.701409886220574,
0.730582489915493,0.759373829390645,0.796843133357578,0.833764980727256,0.870141214533763,
0.89658325796363,0.922717100511516,0.94847502960172,0.974225264574165,1.),
.UNSPECIFIED.);
#5325=VERTEX_POINT('',#8298);
#5326=VERTEX_POINT('',#8299);
#5327=B_SPLINE_CURVE_WITH_KNOTS('',3,
(#8300,#8301,#8302,#8303,#8304,#8305,#8306),
.UNSPECIFIED.,.F.,.F.,
(4,1,1,1,4),
(0.,0.248806753412121,0.498617140967333,0.749119477898048,1.),
.UNSPECIFIED.);
#5328=LINE('',#8307,#8308);
#5329=B_SPLINE_CURVE_WITH_KNOTS('',3,
(#8310,#8311,#8312,#8313,#8314,#8315,#8316,#8317,#8318,#8319,#8320,#8321,#8322,#8323,
#8324,#8325,#8326,#8327,#8328,#8329,#8330,#8331,#8332,#8333,#8334,#8335,#8336,#8337,
#8338,#8339,#8340,#8341,#8342,#8343,#8344,#8345,#8346,#8347,#8348,#8349),
.UNSPECIFIED.,.F.,.F.,
(4,1,1,1,1,1,1,1,1,1,1,1,1,1,1,1,1,1,1,1,1,1,1,1,1,1,1,1,1,1,1,1,1,1,1,1,1,4),
(0.,0.0102258663192921,0.0202729210338012,0.030183171811669,0.0400343737116099,0.0498391519229398,
0.0597827966305726,0.0699002365905938,0.0803487180742278,0.0909528536927335,0.101885601999133,
0.113018220689733,0.124414444952521,0.135878405165911,0.147475597654496,0.159151230224929,
0.170911346419126,0.182676409566944,0.196486099010838,0.212331944039596,0.241092524694498,
0.281516241779951,0.330282786257033,0.371369739386443,0.398922879902727,0.416170313814915,
0.428709331401503,0.441702964708915,0.463122051631641,0.498772367123156,0.553203610069505,
0.621186892388071,0.696257275689925,0.718205981942889,0.773434529454783,0.849669462981928,
0.925041309753085,1.),
.UNSPECIFIED.);
#5330=VERTEX_POINT('',#8350);
#5331=B_SPLINE_CURVE_WITH_KNOTS('',3,
(#8351,#8352,#8353,#8354,#8355,#8356,#8357,#8358,#8359,#8360,#8361,#8362,#8363,#8364,
#8365,#8366,#8367,#8368,#8369,#8370,#8371,#8372,#8373,#8374,#8375,#8376,#8377,#8378,
#8379,#8380,#8381,#8382,#8383,#8384,#8385,#8386,#8387,#8388,#8389,#8390,#8391,#8392,
#8393,#8394),
.UNSPECIFIED.,.F.,.F.,
(4,1,1,1,1,1,1,1,1,1,1,1,1,1,1,1,1,1,1,1,1,1,1,1,1,1,1,1,1,1,1,1,1,1,1,1,1,1,1,1,
1,4),
(0.,0.0217403773598255,0.0433272675906761,0.0647698380065588,0.0859739632626149,
0.107061583134442,0.12786815756446,0.14849940903081,0.168887168371785,0.189209024411381,
0.2098079053829,0.230759468409279,0.252492040409999,0.274656303622044,0.297490755239647,
0.320572036503558,0.34370540024846,0.355161939510992,0.366642548423393,0.396252367283354,
0.432358604949784,0.469340860157998,0.500337603457697,0.53803231608208,0.590911109451948,
0.64583715349706,0.690473479061389,0.726331394871796,0.756526339531211,0.7810823276566,
0.795912396952731,0.811012139948262,0.831978965254516,0.85336862505099,0.875136984592784,
0.8955378088429,0.918313251826076,0.938784868600794,0.953236165903521,0.965198055319565,
0.980788612513642,1.),
.UNSPECIFIED.);
#5332=(BOUNDED_CURVE()B_SPLINE_CURVE(3,
(#8395,#8396,#8397,#8398),
.UNSPECIFIED.,.F.,.F.)B_SPLINE_CURVE_WITH_KNOTS((4,4),
(0.,1.),
.UNSPECIFIED.)CURVE()GEOMETRIC_REPRESENTATION_ITEM()RATIONAL_B_SPLINE_CURVE((1.,
0.996628962038752,0.996628962038752,1.))REPRESENTATION_ITEM(''));
#5333=VERTEX_POINT('',#8399);
#5334=LINE('',#8400,#8401);
#5335=VERTEX_POINT('',#8403);
#5336=B_SPLINE_CURVE_WITH_KNOTS('',3,
(#8404,#8405,#8406,#8407,#8408,#8409,#8410),
.UNSPECIFIED.,.F.,.F.,
(4,1,1,1,4),
(0.,0.248806753413815,0.498617140969015,0.749119477898548,1.),
.UNSPECIFIED.);
#5337=CIRCLE('',#8411,5.5);
#5338=VERTEX_POINT('',#8415);
#5339=CIRCLE('',#8416,2.99999999999999);
#5340=VERTEX_POINT('',#8420);
#5341=LINE('',#8421,#8422);
#5342=VERTEX_POINT('',#8424);
#5343=CIRCLE('',#8425,2.99999999999999);
#5344=CIRCLE('',#8429,7.24999999999998);
#5345=CIRCLE('',#8433,1.);
#5346=CIRCLE('',#8437,1.);
#5347=VERTEX_POINT('',#8441);
#5348=LINE('',#8442,#8443);
#5349=VERTEX_POINT('',#8445);
#5350=CIRCLE('',#8446,7.24999999999998);
#5351=CIRCLE('',#8450,0.5);
#5352=CIRCLE('',#8454,1.);
#5353=(BOUNDED_CURVE()B_SPLINE_CURVE(3,
(#8458,#8459,#8460,#8461),
.UNSPECIFIED.,.F.,.F.)B_SPLINE_CURVE_WITH_KNOTS((4,4),
(0.,1.),
.UNSPECIFIED.)CURVE()GEOMETRIC_REPRESENTATION_ITEM()RATIONAL_B_SPLINE_CURVE((1.,
0.804737854124365,0.804737854124365,1.))REPRESENTATION_ITEM(''));
#5354=LINE('',#8462,#8463);
#5355=VERTEX_POINT('',#8465);
#5356=B_SPLINE_CURVE_WITH_KNOTS('',3,
(#8466,#8467,#8468,#8469,#8470,#8471,#8472,#8473),
.UNSPECIFIED.,.F.,.F.,
(4,1,1,1,1,4),
(0.,0.236888492598804,0.464311378632729,0.659140261579156,0.8412041742597,1.),
.UNSPECIFIED.);
#5357=B_SPLINE_CURVE_WITH_KNOTS('',3,
(#8474,#8475,#8476,#8477,#8478,#8479,#8480,#8481,#8482,#8483,#8484,#8485,#8486,#8487,
#8488,#8489,#8490,#8491,#8492,#8493,#8494,#8495,#8496,#8497,#8498,#8499,#8500,#8501,
#8502,#8503,#8504,#8505,#8506,#8507,#8508,#8509,#8510,#8511,#8512,#8513,#8514,#8515,
#8516,#8517,#8518,#8519,#8520,#8521,#8522,#8523,#8524,#8525,#8526,#8527,#8528,#8529,
#8530,#8531,#8532,#8533,#8534,#8535,#8536,#8537,#8538,#8539,#8540,#8541,#8542,#8543),
.UNSPECIFIED.,.F.,.F.,
(4,1,1,1,1,1,1,1,1,1,1,1,1,1,1,1,1,1,1,1,1,1,1,1,1,1,1,1,1,1,1,1,1,1,1,1,1,1,1,1,
1,1,1,1,1,1,1,1,1,1,1,1,1,1,1,1,1,1,1,1,1,1,1,1,1,1,1,4),
(0.,0.0150486052477284,0.0301716678892198,0.0453538327751965,0.0606419999791642,
0.0759746346485863,0.0914056356005645,0.106899959296306,0.122473263302756,0.138073168791667,
0.153764582427182,0.169521272435644,0.185402175555532,0.201336039094669,0.217406554451965,
0.233558873431101,0.249823160627318,0.266123093404464,0.282488456382385,0.298884971217458,
0.315306206066071,0.331723245522947,0.353547995937381,0.380734468078363,0.407755519835516,
0.429191447804433,0.450234799331082,0.471051044852249,0.491656445899111,0.506847589298116,
0.52197458129767,0.536915184330661,0.551740677799464,0.566370515495354,0.580937017422006,
0.595347361701596,0.609669767745477,0.623890495234225,0.638083237667947,0.6537922533852,
0.671026042433271,0.696040751961426,0.721032786400165,0.745991029741557,0.763037718762772,
0.778445617120695,0.792102790111306,0.805672381354539,0.818949061171883,0.832025412897114,
0.844805950988454,0.857466831936335,0.869696308108519,0.881591821853682,0.892889850149704,
0.903924714040011,0.908599257965696,0.914304924554088,0.924293552327294,0.933765174803409,
0.943110664952208,0.95206018317671,0.960749302108041,0.969043559846028,0.977237140798262,
0.985075696097979,0.992676830492037,1.),
.UNSPECIFIED.);
#5358=VERTEX_POINT('',#8544);
#5359=CIRCLE('',#8545,5.05);
#5360=B_SPLINE_CURVE_WITH_KNOTS('',3,
(#8549,#8550,#8551,#8552,#8553,#8554,#8555,#8556,#8557,#8558,#8559,#8560,#8561,#8562,
#8563,#8564,#8565,#8566,#8567,#8568,#8569,#8570,#8571,#8572,#8573,#8574,#8575,#8576,
#8577,#8578,#8579,#8580,#8581,#8582,#8583,#8584,#8585,#8586,#8587,#8588,#8589,#8590,
#8591,#8592,#8593,#8594,#8595,#8596,#8597,#8598,#8599,#8600,#8601,#8602,#8603,#8604,
#8605,#8606,#8607,#8608,#8609,#8610,#8611,#8612,#8613,#8614,#8615,#8616,#8617,#8618),
.UNSPECIFIED.,.F.,.F.,
(4,1,1,1,1,1,1,1,1,1,1,1,1,1,1,1,1,1,1,1,1,1,1,1,1,1,1,1,1,1,1,1,1,1,1,1,1,1,1,1,
1,1,1,1,1,1,1,1,1,1,1,1,1,1,1,1,1,1,1,1,1,1,1,1,1,1,1,4),
(0.,0.0142856204766351,0.0286082230816687,0.0429531734596157,0.0573374524408415,
0.0717374505656513,0.0861457434208588,0.100561574992472,0.114975542808302,0.129386966186972,
0.143785700747562,0.158162230157664,0.172516082749399,0.186861422581626,0.201187621504692,
0.215504343628436,0.229805563163524,0.244100680810475,0.258419900315191,0.272767219660375,
0.287180840031354,0.301627833543238,0.321075551658789,0.345577074700388,0.370251528482011,
0.390120759834589,0.405120159895832,0.420129890833017,0.435141494258842,0.450140639585363,
0.465100779078277,0.480045426859821,0.496576665963195,0.514710496669097,0.541033556965664,
0.567379047777253,0.593742043109234,0.611877631233011,0.628372125947436,0.648131214754964,
0.66781749095606,0.687441233103057,0.702029192118319,0.716583601640844,0.730965394039354,
0.745226911426407,0.759288619394086,0.773287395080207,0.787075988526909,0.800710434782169,
0.814158608774465,0.827557751714834,0.840723000866895,0.853686210501852,0.866308731619885,
0.878750130881226,0.890774234423664,0.902583006298619,0.908708020154345,0.914163181330551,
0.925725582583925,0.93720384209605,0.948671480977954,0.959741966020021,0.970519324961899,
0.980751674229984,0.990581027746552,1.),
.UNSPECIFIED.);
#5361=LINE('',#8619,#8620);
#5362=LINE('',#8622,#8623);
#5363=VERTEX_POINT('',#8625);
#5364=CIRCLE('',#8626,5.05);
#5365=B_SPLINE_CURVE_WITH_KNOTS('',3,
(#8630,#8631,#8632,#8633,#8634,#8635,#8636,#8637),
.UNSPECIFIED.,.F.,.F.,
(4,1,1,1,1,4),
(0.,0.236888492766048,0.464311378905442,0.659140261835978,0.841204174827348,1.),
.UNSPECIFIED.);
#5366=LINE('',#8638,#8639);
#5367=LINE('',#8641,#8642);
#5368=LINE('',#8644,#8645);
#5369=VERTEX_POINT('',#8647);
#5370=VERTEX_POINT('',#8648);
#5371=B_SPLINE_CURVE_WITH_KNOTS('',3,
(#8649,#8650,#8651,#8652,#8653,#8654,#8655,#8656,#8657,#8658,#8659,#8660,#8661,#8662,
#8663,#8664,#8665,#8666,#8667,#8668),
.UNSPECIFIED.,.F.,.F.,
(4,1,1,1,1,1,1,1,1,1,1,1,1,1,1,1,1,4),
(0.,0.124934195010983,0.228569084214373,0.31090466761017,0.382209025704357,0.442866991416812,
0.492878564747534,0.533398696722651,0.571127505391122,0.621465890665272,0.674169354755233,
0.73209294597199,0.775742861679924,0.819544307103105,0.860557671778415,0.909332531950102,
0.955813308023964,1.),
.UNSPECIFIED.);
#5372=VERTEX_POINT('',#8669);
#5373=CIRCLE('',#8670,5.05);
#5374=B_SPLINE_CURVE_WITH_KNOTS('',3,
(#8674,#8675,#8676,#8677,#8678,#8679,#8680,#8681,#8682,#8683,#8684,#8685,#8686,#8687,
#8688,#8689,#8690,#8691,#8692,#8693,#8694,#8695,#8696,#8697,#8698),
.UNSPECIFIED.,.F.,.F.,
(4,1,1,1,1,1,1,1,1,1,1,1,1,1,1,1,1,1,1,1,1,1,4),
(0.,0.0273659020446774,0.0535977872775258,0.078695655698545,0.106380779289658,0.139732636026582,
0.17732410905529,0.21402876073701,0.247901129907853,0.280696495416333,0.328942807727205,
0.384184992871402,0.440783333353951,0.483615044366947,0.520722495167095,0.559654929508274,
0.600412347390483,0.646883380531805,0.705508423164497,0.775660230544114,0.863469099484517,
0.938039941054997,1.),
.UNSPECIFIED.);
#5375=LINE('',#8699,#8700);
#5376=LINE('',#8702,#8703);
#5377=VERTEX_POINT('',#8705);
#5378=CIRCLE('',#8706,5.05);
#5379=VERTEX_POINT('',#8710);
#5380=LINE('',#8711,#8712);
#5381=CIRCLE('',#8714,5.);
#5382=CIRCLE('',#8718,1.);
#5383=CIRCLE('',#8722,1.);
#5384=B_SPLINE_CURVE_WITH_KNOTS('',3,
(#8726,#8727,#8728,#8729,#8730,#8731,#8732),
.UNSPECIFIED.,.F.,.F.,
(4,1,1,1,4),
(0.,0.235294112583267,0.470588225289434,0.725490187761678,1.),
.UNSPECIFIED.);
#5385=B_SPLINE_CURVE_WITH_KNOTS('',3,
(#8733,#8734,#8735,#8736,#8737,#8738,#8739),
.UNSPECIFIED.,.F.,.F.,
(4,1,1,1,4),
(0.,0.235294201595226,0.470588422585208,0.7254903553868,1.),
.UNSPECIFIED.);
#5386=CIRCLE('',#8740,1.);
#5387=CIRCLE('',#8744,1.);
#5388=CIRCLE('',#8748,1.);
#5389=CIRCLE('',#8752,1.);
#5390=CIRCLE('',#8756,0.999999978047168);
#5391=CIRCLE('',#8760,1.00000000056811);
#5392=CIRCLE('',#8764,1.);
#5393=CIRCLE('',#8768,1.);
#5394=CIRCLE('',#8772,0.999999980308534);
#5395=CIRCLE('',#8776,1.);
#5396=LINE('',#8780,#8781);
#5397=CIRCLE('',#8783,1.);
#5398=CIRCLE('',#8787,1.);
#5399=VERTEX_POINT('',#8791);
#5400=LINE('',#8792,#8793);
#5401=VERTEX_POINT('',#8795);
#5402=CIRCLE('',#8796,5.1);
#5403=LINE('',#8800,#8801);
#5404=VERTEX_POINT('',#8803);
#5405=LINE('',#8804,#8805);
#5406=LINE('',#8807,#8808);
#5407=VERTEX_POINT('',#8810);
#5408=CIRCLE('',#8811,5.1);
#5409=LINE('',#8815,#8816);
#5410=LINE('',#8818,#8819);
#5411=CIRCLE('',#8821,1.);
#5412=CIRCLE('',#8825,1.);
#5413=CIRCLE('',#8829,1.);
#5414=CIRCLE('',#8833,1.);
#5415=VERTEX_POINT('',#8837);
#5416=CIRCLE('',#8838,3.5);
#5417=VERTEX_POINT('',#8842);
#5418=CIRCLE('',#8843,3.5);
#5419=VERTEX_POINT('',#8847);
#5420=LINE('',#8848,#8849);
#5421=VERTEX_POINT('',#8851);
#5422=CIRCLE('',#8852,5.1);
#5423=LINE('',#8856,#8857);
#5424=VERTEX_POINT('',#8859);
#5425=LINE('',#8860,#8861);
#5426=LINE('',#8863,#8864);
#5427=VERTEX_POINT('',#8866);
#5428=CIRCLE('',#8867,5.1);
#5429=LINE('',#8871,#8872);
#5430=LINE('',#8874,#8875);
#5431=VERTEX_POINT('',#8877);
#5432=CIRCLE('',#8878,3.5);
#5433=VERTEX_POINT('',#8882);
#5434=CIRCLE('',#8883,3.5);
#5435=VERTEX_POINT('',#8887);
#5436=CIRCLE('',#8888,3.5);
#5437=VERTEX_POINT('',#8892);
#5438=CIRCLE('',#8893,3.5);
#5439=VERTEX_POINT('',#8897);
#5440=CIRCLE('',#8898,2.5);
#5441=VERTEX_POINT('',#8902);
#5442=CIRCLE('',#8903,2.5);
#5443=VERTEX_POINT('',#8907);
#5444=CIRCLE('',#8908,2.5);
#5445=VERTEX_POINT('',#8912);
#5446=CIRCLE('',#8913,2.5);
#5447=VERTEX_POINT('',#8917);
#5448=CIRCLE('',#8918,3.5);
#5449=VERTEX_POINT('',#8922);
#5450=CIRCLE('',#8923,3.5);
#5451=CARTESIAN_POINT('',(-225.209638711274,2.00000000000002,-33.2559006404411));
#5452=AXIS2_PLACEMENT_3D('',#5453,#5454,#5455);
#5453=CARTESIAN_POINT('',(-227.709638711274,2.00000000000003,-33.2559006404411));
#5454=DIRECTION('',(-1.28635124736305E-16,-1.,-7.12642219874121E-17));
#5455=DIRECTION('',(1.,-1.28635124736305E-16,0.));
#5456=CARTESIAN_POINT('',(-225.209638711274,-0.999999999999968,-33.2559006404411));
#5457=AXIS2_PLACEMENT_3D('',#5458,#5459,#5460);
#5458=CARTESIAN_POINT('',(-227.709638711274,-0.99999999999997,-33.2559006404411));
#5459=DIRECTION('',(-1.28635124736305E-16,-1.,-7.12642219874122E-17));
#5460=DIRECTION('',(1.,-1.28635124736305E-16,-9.16708208458652E-33));
#5461=CARTESIAN_POINT('',(-207.709638711274,2.00000000000002,-33.2559006404411));
#5462=AXIS2_PLACEMENT_3D('',#5463,#5464,#5465);
#5463=CARTESIAN_POINT('',(-210.209638711274,2.00000000000003,-33.2559006404411));
#5464=DIRECTION('',(-1.28635124736305E-16,-1.,-7.12642219874121E-17));
#5465=DIRECTION('',(1.,-1.28635124736305E-16,0.));
#5466=CARTESIAN_POINT('',(-207.709638711274,-0.999999999999968,-33.2559006404411));
#5467=AXIS2_PLACEMENT_3D('',#5468,#5469,#5470);
#5468=CARTESIAN_POINT('',(-210.209638711274,-0.999999999999972,-33.2559006404411));
#5469=DIRECTION('',(-1.28635124736305E-16,-1.,-7.12642219874122E-17));
#5470=DIRECTION('',(1.,-1.28635124736305E-16,-9.16708208458652E-33));
#5471=CARTESIAN_POINT('',(-190.209638711274,2.00000000000002,-33.2559006404411));
#5472=AXIS2_PLACEMENT_3D('',#5473,#5474,#5475);
#5473=CARTESIAN_POINT('',(-192.709638711274,2.00000000000002,-33.2559006404411));
#5474=DIRECTION('',(-1.28635124736305E-16,-1.,-7.12642219874121E-17));
#5475=DIRECTION('',(1.,-1.28635124736305E-16,0.));
#5476=CARTESIAN_POINT('',(-190.209638711274,-0.999999999999972,-33.2559006404411));
#5477=AXIS2_PLACEMENT_3D('',#5478,#5479,#5480);
#5478=CARTESIAN_POINT('',(-192.709638711274,-0.999999999999975,-33.2559006404411));
#5479=DIRECTION('',(-1.28635124736305E-16,-1.,-7.12642219874122E-17));
#5480=DIRECTION('',(1.,-1.28635124736305E-16,-9.16708208458652E-33));
#5481=CARTESIAN_POINT('',(-240.209638711274,7.00000000000003,-28.1559006404411));
#5482=CARTESIAN_POINT('',(-180.209638711274,7.00000000000002,-28.1559006404411));
#5483=CARTESIAN_POINT('',(-240.209638711274,7.00000000000003,-28.1559006404411));
#5484=VECTOR('',#5485,1.);
#5485=DIRECTION('',(1.,-1.92438657601694E-16,1.1842378929335E-16));
#5486=CARTESIAN_POINT('',(-180.209638711274,7.00000000000002,-38.3559006404411));
#5487=AXIS2_PLACEMENT_3D('',#5488,#5489,#5490);
#5488=CARTESIAN_POINT('',(-180.209638711274,7.00000000000002,-33.2559006404411));
#5489=DIRECTION('',(1.28635124736305E-16,1.,7.12642219874121E-17));
#5490=DIRECTION('',(-9.16708208458652E-33,-7.12642219874121E-17,1.));
#5491=CARTESIAN_POINT('',(-240.209638711274,7.00000000000003,-38.3559006404411));
#5492=CARTESIAN_POINT('',(-180.209638711274,7.00000000000002,-38.3559006404411));
#5493=VECTOR('',#5494,1.);
#5494=DIRECTION('',(-1.,1.33226762955019E-16,-1.1842378929335E-16));
#5495=AXIS2_PLACEMENT_3D('',#5496,#5497,#5498);
#5496=CARTESIAN_POINT('',(-240.209638711274,7.00000000000003,-33.2559006404411));
#5497=DIRECTION('',(1.28635124736305E-16,1.,7.12642219874121E-17));
#5498=DIRECTION('',(9.16708208458652E-33,7.12642219874121E-17,-1.));
#5499=CARTESIAN_POINT('',(-196.209638711274,7.00000000000002,-33.2559006404411));
#5500=AXIS2_PLACEMENT_3D('',#5501,#5502,#5503);
#5501=CARTESIAN_POINT('',(-192.709638711274,7.00000000000002,-33.2559006404411));
#5502=DIRECTION('',(1.28635124736305E-16,1.,7.12642219874121E-17));
#5503=DIRECTION('',(-1.,1.28635124736305E-16,-1.22464679914735E-16));
#5504=CARTESIAN_POINT('',(-213.709638711274,7.00000000000003,-33.2559006404411));
#5505=AXIS2_PLACEMENT_3D('',#5506,#5507,#5508);
#5506=CARTESIAN_POINT('',(-210.209638711274,7.00000000000003,-33.2559006404411));
#5507=DIRECTION('',(1.28635124736305E-16,1.,7.12642219874121E-17));
#5508=DIRECTION('',(-1.,1.28635124736305E-16,-1.22464679914735E-16));
#5509=CARTESIAN_POINT('',(-231.209638711274,7.00000000000003,-33.2559006404411));
#5510=AXIS2_PLACEMENT_3D('',#5511,#5512,#5513);
#5511=CARTESIAN_POINT('',(-227.709638711274,7.00000000000003,-33.2559006404411));
#5512=DIRECTION('',(1.28635124736305E-16,1.,7.12642219874121E-17));
#5513=DIRECTION('',(-1.,1.28635124736305E-16,-1.22464679914735E-16));
#5514=CARTESIAN_POINT('',(-231.209638711274,2.00000000000003,-33.2559006404411));
#5515=AXIS2_PLACEMENT_3D('',#5516,#5517,#5518);
#5516=CARTESIAN_POINT('',(-227.709638711274,2.00000000000003,-33.2559006404411));
#5517=DIRECTION('',(1.28635124736305E-16,1.,7.12642219874121E-17));
#5518=DIRECTION('',(-1.,1.28635124736305E-16,-1.22464679914735E-16));
#5519=CARTESIAN_POINT('',(-213.709638711274,2.00000000000003,-33.2559006404411));
#5520=AXIS2_PLACEMENT_3D('',#5521,#5522,#5523);
#5521=CARTESIAN_POINT('',(-210.209638711274,2.00000000000003,-33.2559006404411));
#5522=DIRECTION('',(1.28635124736305E-16,1.,7.12642219874121E-17));
#5523=DIRECTION('',(-1.,1.28635124736305E-16,-1.22464679914735E-16));
#5524=CARTESIAN_POINT('',(-196.209638711274,2.00000000000002,-33.2559006404411));
#5525=AXIS2_PLACEMENT_3D('',#5526,#5527,#5528);
#5526=CARTESIAN_POINT('',(-192.709638711274,2.00000000000002,-33.2559006404411));
#5527=DIRECTION('',(1.28635124736305E-16,1.,7.12642219874121E-17));
#5528=DIRECTION('',(-1.,1.28635124736305E-16,-1.22464679914735E-16));
#5529=CARTESIAN_POINT('',(-224.209638711274,-0.999999999999971,-33.2559006404411));
#5530=AXIS2_PLACEMENT_3D('',#5531,#5532,#5533);
#5531=CARTESIAN_POINT('',(-227.709638711274,-0.99999999999997,-33.2559006404411));
#5532=DIRECTION('',(-1.28635124736305E-16,-1.,-7.12642219874122E-17));
#5533=DIRECTION('',(1.,-1.28635124736305E-16,-9.16708208458652E-33));
#5534=CARTESIAN_POINT('',(-206.709638711274,-0.999999999999973,-33.2559006404411));
#5535=AXIS2_PLACEMENT_3D('',#5536,#5537,#5538);
#5536=CARTESIAN_POINT('',(-210.209638711274,-0.999999999999972,-33.2559006404411));
#5537=DIRECTION('',(-1.28635124736305E-16,-1.,-7.12642219874122E-17));
#5538=DIRECTION('',(1.,-1.28635124736305E-16,-9.16708208458652E-33));
#5539=CARTESIAN_POINT('',(-189.209638711274,-0.999999999999975,-33.2559006404411));
#5540=AXIS2_PLACEMENT_3D('',#5541,#5542,#5543);
#5541=CARTESIAN_POINT('',(-192.709638711274,-0.999999999999975,-33.2559006404411));
#5542=DIRECTION('',(-1.28635124736305E-16,-1.,-7.12642219874122E-17));
#5543=DIRECTION('',(1.,-1.28635124736305E-16,-9.16708208458652E-33));
#5544=CARTESIAN_POINT('',(-180.209638711274,14.5,-28.1559006404411));
#5545=CARTESIAN_POINT('',(-240.209638711274,14.5,-28.1559006404411));
#5546=CARTESIAN_POINT('',(-180.209638711274,14.5,-28.1559006404411));
#5547=VECTOR('',#5548,1.);
#5548=DIRECTION('',(-1.,1.48029736616688E-16,0.));
#5549=CARTESIAN_POINT('',(-180.209638711274,7.00000000000002,-28.1559006404411));
#5550=VECTOR('',#5551,1.);
#5551=DIRECTION('',(0.,1.,0.));
#5552=CARTESIAN_POINT('',(-240.209638711274,7.00000000000003,-28.1559006404411));
#5553=VECTOR('',#5554,1.);
#5554=DIRECTION('',(0.,1.,0.));
#5555=CARTESIAN_POINT('',(-180.209638711274,14.5,-38.3559006404411));
#5556=AXIS2_PLACEMENT_3D('',#5557,#5558,#5559);
#5557=CARTESIAN_POINT('',(-180.209638711274,14.5,-33.2559006404411));
#5558=DIRECTION('',(1.28635124736305E-16,1.,7.12642219874121E-17));
#5559=DIRECTION('',(-9.16708208458652E-33,-7.12642219874121E-17,1.));
#5560=CARTESIAN_POINT('',(-180.209638711274,7.00000000000002,-38.3559006404411));
#5561=VECTOR('',#5562,1.);
#5562=DIRECTION('',(0.,1.,0.));
#5563=CARTESIAN_POINT('',(-240.209638711274,14.5,-38.3559006404411));
#5564=CARTESIAN_POINT('',(-240.209638711274,14.5,-38.3559006404411));
#5565=VECTOR('',#5566,1.);
#5566=DIRECTION('',(1.,-1.48029736616688E-16,2.368475785867E-16));
#5567=CARTESIAN_POINT('',(-240.209638711274,7.00000000000003,-38.3559006404411));
#5568=VECTOR('',#5569,1.);
#5569=DIRECTION('',(0.,1.,0.));
#5570=AXIS2_PLACEMENT_3D('',#5571,#5572,#5573);
#5571=CARTESIAN_POINT('',(-240.209638711274,14.5,-33.2559006404411));
#5572=DIRECTION('',(1.28635124736305E-16,1.,7.12642219874121E-17));
#5573=DIRECTION('',(9.16708208458652E-33,7.12642219874121E-17,-1.));
#5574=CARTESIAN_POINT('',(-224.209638711274,-5.99999999999997,-33.2559006404411));
#5575=AXIS2_PLACEMENT_3D('',#5576,#5577,#5578);
#5576=CARTESIAN_POINT('',(-227.709638711274,-5.99999999999997,-33.2559006404411));
#5577=DIRECTION('',(-1.28635124736305E-16,-1.,-7.12642219874122E-17));
#5578=DIRECTION('',(1.,-1.28635124736305E-16,-9.16708208458652E-33));
#5579=CARTESIAN_POINT('',(-206.709638711274,-5.99999999999997,-33.2559006404411));
#5580=AXIS2_PLACEMENT_3D('',#5581,#5582,#5583);
#5581=CARTESIAN_POINT('',(-210.209638711274,-5.99999999999997,-33.2559006404411));
#5582=DIRECTION('',(-1.28635124736305E-16,-1.,-7.12642219874122E-17));
#5583=DIRECTION('',(1.,-1.28635124736305E-16,-9.16708208458652E-33));
#5584=CARTESIAN_POINT('',(-189.209638711274,-5.99999999999998,-33.2559006404411));
#5585=AXIS2_PLACEMENT_3D('',#5586,#5587,#5588);
#5586=CARTESIAN_POINT('',(-192.709638711274,-5.99999999999997,-33.2559006404411));
#5587=DIRECTION('',(-1.28635124736305E-16,-1.,-7.12642219874122E-17));
#5588=DIRECTION('',(1.,-1.28635124736305E-16,-9.16708208458652E-33));
#5589=CARTESIAN_POINT('',(-180.209638711274,15.,-27.6559006404411));
#5590=CARTESIAN_POINT('',(-240.209638711274,15.,-27.6559006404411));
#5591=CARTESIAN_POINT('',(-180.209638711274,15.,-27.6559006404411));
#5592=VECTOR('',#5593,1.);
#5593=DIRECTION('',(-1.,1.48029736616688E-16,2.368475785867E-16));
#5594=CARTESIAN_POINT('',(-180.209638711274,15.,-27.6559006404411));
#5595=VECTOR('',#5596,1.);
#5596=DIRECTION('',(0.,-0.707106781186545,-0.70710678118655));
#5597=CARTESIAN_POINT('',(-240.209638711274,15.,-27.6559006404411));
#5598=VECTOR('',#5599,1.);
#5599=DIRECTION('',(0.,-0.707106781186547,-0.707106781186547));
#5600=CARTESIAN_POINT('',(-180.209638711274,15.,-38.8559006404411));
#5601=AXIS2_PLACEMENT_3D('',#5602,#5603,#5604);
#5602=CARTESIAN_POINT('',(-180.209638711274,15.,-33.2559006404412));
#5603=DIRECTION('',(1.28635124736305E-16,1.,7.12642219874121E-17));
#5604=DIRECTION('',(-9.16708208458652E-33,-7.12642219874121E-17,1.));
#5605=CARTESIAN_POINT('',(-180.209638711274,15.,-38.8559006404411));
#5606=VECTOR('',#5607,1.);
#5607=DIRECTION('',(0.,-0.70710678118654,0.707106781186555));
#5608=CARTESIAN_POINT('',(-240.209638711274,15.,-38.8559006404411));
#5609=CARTESIAN_POINT('',(-240.209638711274,15.,-38.8559006404411));
#5610=VECTOR('',#5611,1.);
#5611=DIRECTION('',(1.,-1.48029736616688E-16,2.368475785867E-16));
#5612=CARTESIAN_POINT('',(-240.209638711274,15.,-38.8559006404411));
#5613=VECTOR('',#5614,1.);
#5614=DIRECTION('',(0.,-0.707106781186545,0.70710678118655));
#5615=AXIS2_PLACEMENT_3D('',#5616,#5617,#5618);
#5616=CARTESIAN_POINT('',(-240.209638711274,15.,-33.2559006404412));
#5617=DIRECTION('',(1.28635124736305E-16,1.,7.12642219874121E-17));
#5618=DIRECTION('',(9.16708208458652E-33,7.12642219874121E-17,-1.));
#5619=CARTESIAN_POINT('',(-231.409638711273,-5.99999999999997,-38.3559006404409));
#5620=CARTESIAN_POINT('',(-231.409638711274,-5.99999999999997,-28.1559006404409));
#5621=CARTESIAN_POINT('',(-231.409638711273,-5.99999999999998,-38.3559006404992));
#5622=VECTOR('',#5623,1.);
#5623=DIRECTION('',(-2.78644210102869E-14,8.70763156571466E-17,1.));
#5624=CARTESIAN_POINT('',(-224.009638711274,-5.99999999999997,-38.3559006404407));
#5625=CARTESIAN_POINT('',(-231.409638711273,-5.99999999999997,-38.3559006404409));
#5626=VECTOR('',#5627,1.);
#5627=DIRECTION('',(1.,-1.20024110770287E-16,9.60192886162297E-16));
#5628=CARTESIAN_POINT('',(-224.009638711274,-5.99999999999997,-28.1559006404416));
#5629=CARTESIAN_POINT('',(-224.009638711274,-5.99999999999997,-38.3559006404405));
#5630=VECTOR('',#5631,1.);
#5631=DIRECTION('',(-2.78644210102042E-14,0.,1.));
#5632=CARTESIAN_POINT('',(-224.009638711274,-5.99999999999997,-28.1559006404409));
#5633=VECTOR('',#5634,1.);
#5634=DIRECTION('',(-1.,2.40048221540575E-16,0.));
#5635=CARTESIAN_POINT('',(-213.909638711273,-5.99999999999997,-38.3559006404409));
#5636=CARTESIAN_POINT('',(-213.909638711274,-5.99999999999997,-28.1559006404409));
#5637=CARTESIAN_POINT('',(-213.909638711274,-5.99999999999998,-38.3559006404409));
#5638=VECTOR('',#5639,1.);
#5639=DIRECTION('',(-2.507797890918E-14,-1.7415263131375E-16,1.));
#5640=CARTESIAN_POINT('',(-206.509638711274,-5.99999999999997,-38.3559006404404));
#5641=CARTESIAN_POINT('',(-213.909638711273,-5.99999999999997,-38.3559006404409));
#5642=VECTOR('',#5643,1.);
#5643=DIRECTION('',(1.,-1.20024110770288E-16,0.));
#5644=CARTESIAN_POINT('',(-206.509638711274,-5.99999999999998,-28.1559006404414));
#5645=CARTESIAN_POINT('',(-206.509638711274,-5.99999999999997,-38.3559006404401));
#5646=VECTOR('',#5647,1.);
#5647=DIRECTION('',(-2.78644210102042E-14,-8.70763156568881E-17,1.));
#5648=CARTESIAN_POINT('',(-206.509638711274,-5.99999999999997,-28.1559006404409));
#5649=VECTOR('',#5650,1.);
#5650=DIRECTION('',(-1.,1.20024110770287E-16,0.));
#5651=CARTESIAN_POINT('',(-196.409638711273,-5.99999999999997,-38.3559006404409));
#5652=CARTESIAN_POINT('',(-196.409638711274,-5.99999999999998,-28.1559006404409));
#5653=CARTESIAN_POINT('',(-196.409638711273,-5.99999999999999,-38.3559006404409));
#5654=VECTOR('',#5655,1.);
#5655=DIRECTION('',(-2.78644210102E-14,0.,1.));
#5656=CARTESIAN_POINT('',(-189.009638711274,-5.99999999999998,-38.3559006404401));
#5657=CARTESIAN_POINT('',(-196.409638711273,-5.99999999999997,-38.3559006404409));
#5658=VECTOR('',#5659,1.);
#5659=DIRECTION('',(1.,-1.20024110770288E-16,0.));
#5660=CARTESIAN_POINT('',(-189.009638711274,-5.99999999999998,-28.1559006404411));
#5661=CARTESIAN_POINT('',(-189.009638711274,-5.99999999999998,-38.3559006404396));
#5662=VECTOR('',#5663,1.);
#5663=DIRECTION('',(-2.50779789091838E-14,0.,1.));
#5664=CARTESIAN_POINT('',(-189.009638711274,-5.99999999999998,-28.1559006404409));
#5665=VECTOR('',#5666,1.);
#5666=DIRECTION('',(-1.,1.20024110770287E-16,0.));
#5667=CARTESIAN_POINT('',(-171.372040481818,15.,-42.0631779889724));
#5668=CARTESIAN_POINT('',(-172.091291208865,15.,-42.2559006404402));
#5669=CARTESIAN_POINT('',(-171.372040481818,15.,-42.0631779889724));
#5670=VECTOR('',#5671,1.);
#5671=DIRECTION('',(-0.965925826289069,0.,-0.258819045102516));
#5672=CARTESIAN_POINT('',(-227.959638711271,15.,-42.2559006404402));
#5673=CARTESIAN_POINT('',(-172.091291208865,15.,-42.2559006404402));
#5674=VECTOR('',#5675,1.);
#5675=DIRECTION('',(-1.,1.90772441156284E-16,-2.54363254875045E-16));
#5676=CARTESIAN_POINT('',(-238.959638711271,15.,-53.2559006404402));
#5677=AXIS2_PLACEMENT_3D('',#5678,#5679,#5680);
#5678=CARTESIAN_POINT('',(-227.959638711271,15.,-53.2559006404402));
#5679=DIRECTION('',(-1.28635124736305E-16,-1.,-7.12642219874121E-17));
#5680=DIRECTION('',(-9.16708208458652E-33,-7.12642219874121E-17,1.));
#5681=CARTESIAN_POINT('',(-238.959638711271,15.,-81.1592521587644));
#5682=CARTESIAN_POINT('',(-238.959638711271,15.,-53.2559006404402));
#5683=VECTOR('',#5684,1.);
#5684=DIRECTION('',(0.,6.36610565664025E-17,-1.));
#5685=CARTESIAN_POINT('',(-241.397768493224,15.,-84.8417189165203));
#5686=AXIS2_PLACEMENT_3D('',#5687,#5688,#5689);
#5687=CARTESIAN_POINT('',(-242.959638711271,15.,-81.1592521587644));
#5688=DIRECTION('',(1.28635124736305E-16,1.,7.12642219874121E-17));
#5689=DIRECTION('',(1.,-1.28635124736306E-16,3.5527136788005E-15));
#5690=CARTESIAN_POINT('',(-247.397768493224,15.,-87.3865406147869));
#5691=CARTESIAN_POINT('',(-241.397768493224,15.,-84.8417189165203));
#5692=VECTOR('',#5693,1.);
#5693=DIRECTION('',(-0.920616689438984,2.72557292125157E-16,-0.390467554511774));
#5694=CARTESIAN_POINT('',(-252.959638711271,15.,-83.7040738570309));
#5695=AXIS2_PLACEMENT_3D('',#5696,#5697,#5698);
#5696=CARTESIAN_POINT('',(-248.959638711271,15.,-83.7040738570309));
#5697=DIRECTION('',(1.28635124736305E-16,1.,7.12642219874121E-17));
#5698=DIRECTION('',(0.390467554511772,1.53791895413944E-17,-0.920616689438985));
#5699=CARTESIAN_POINT('',(-252.959638711271,15.,-35.2559006404402));
#5700=CARTESIAN_POINT('',(-252.959638711271,15.,-83.7040738570309));
#5701=VECTOR('',#5702,1.);
#5702=DIRECTION('',(0.,-7.33301885897299E-17,1.));
#5703=CARTESIAN_POINT('',(-243.959638711271,15.,-26.2559006404412));
#5704=AXIS2_PLACEMENT_3D('',#5705,#5706,#5707);
#5705=CARTESIAN_POINT('',(-243.959638711271,15.,-35.2559006404403));
#5706=DIRECTION('',(1.28635124736305E-16,1.,7.12642219874121E-17));
#5707=DIRECTION('',(-1.,1.28635124736305E-16,2.368475785867E-15));
#5708=CARTESIAN_POINT('',(-175.607587681892,15.,-26.2559006404402));
#5709=CARTESIAN_POINT('',(-243.959638711271,15.,-26.2559006404421));
#5710=VECTOR('',#5711,1.);
#5711=DIRECTION('',(1.,-1.55930083675477E-16,2.70798578649744E-14));
#5712=CARTESIAN_POINT('',(-173.442592842638,15.,-34.3357713786598));
#5713=CARTESIAN_POINT('',(-175.607587681892,15.,-26.2559006404402));
#5714=VECTOR('',#5715,1.);
#5715=DIRECTION('',(0.258819045102521,0.,-0.965925826289068));
#5716=CARTESIAN_POINT('',(-163.663826028021,15.,-31.7155587077109));
#5717=CARTESIAN_POINT('',(-173.442592842638,15.,-34.3357713786598));
#5718=VECTOR('',#5719,1.);
#5719=DIRECTION('',(0.965925826289068,0.,0.258819045102522));
#5720=CARTESIAN_POINT('',(-162.369730802508,15.,-36.5451878391562));
#5721=CARTESIAN_POINT('',(-162.369730802508,15.,-36.5451878391562));
#5722=VECTOR('',#5723,1.);
#5723=DIRECTION('',(-0.258819045102519,0.,0.965925826289069));
#5724=CARTESIAN_POINT('',(-172.148497617125,15.,-39.1654005101052));
#5725=CARTESIAN_POINT('',(-172.148497617125,15.,-39.1654005101052));
#5726=VECTOR('',#5727,1.);
#5727=DIRECTION('',(0.965925826289069,0.,0.25881904510252));
#5728=CARTESIAN_POINT('',(-172.148497617125,15.,-39.1654005101052));
#5729=VECTOR('',#5730,1.);
#5730=DIRECTION('',(0.258819045102521,0.,-0.965925826289068));
#5731=CARTESIAN_POINT('',(-240.359638711274,15.,-45.));
#5732=CARTESIAN_POINT('',(-251.559638711274,15.,-45.));
#5733=AXIS2_PLACEMENT_3D('',#5734,#5735,#5736);
#5734=CARTESIAN_POINT('',(-245.959638711274,15.,-45.));
#5735=DIRECTION('',(1.28635124736305E-16,1.,7.12642219874121E-17));
#5736=DIRECTION('',(-1.,1.28635124736305E-16,1.26882631385732E-15));
#5737=CARTESIAN_POINT('',(-251.559638711274,15.,-80.));
#5738=CARTESIAN_POINT('',(-251.559638711274,15.,-45.));
#5739=VECTOR('',#5740,1.);
#5740=DIRECTION('',(0.,5.07530525542929E-17,-1.));
#5741=CARTESIAN_POINT('',(-240.359638711274,15.,-80.));
#5742=AXIS2_PLACEMENT_3D('',#5743,#5744,#5745);
#5743=CARTESIAN_POINT('',(-245.959638711274,15.,-80.));
#5744=DIRECTION('',(1.28635124736305E-16,1.,7.12642219874121E-17));
#5745=DIRECTION('',(1.,-1.28635124736305E-16,-9.16708208458651E-33));
#5746=CARTESIAN_POINT('',(-240.359638711274,15.,-80.));
#5747=VECTOR('',#5748,1.);
#5748=DIRECTION('',(0.,-5.07530525542929E-17,1.));
#5749=CARTESIAN_POINT('',(-240.209638711274,-9.38230690505731,-28.1559006404409));
#5750=AXIS2_PLACEMENT_3D('',#5751,#5752,#5753);
#5751=CARTESIAN_POINT('',(-236.459638711274,-5.99999999999994,-28.1559006404409));
#5752=DIRECTION('',(0.,0.,1.));
#5753=DIRECTION('',(-0.742574257425777,-0.669763743575715,0.));
#5754=CARTESIAN_POINT('',(-241.509638711271,-5.99999999999995,-28.3243694380745));
#5755=CARTESIAN_POINT('',(-241.50963871127,-5.99999999999995,-28.3243694380474));
#5756=CARTESIAN_POINT('',(-241.509638941072,-6.05143888641073,-28.3243706418741));
#5757=CARTESIAN_POINT('',(-241.508066915542,-6.15426254458062,-28.3239541656286));
#5758=CARTESIAN_POINT('',(-241.501008424048,-6.30822302100339,-28.3220995641971));
#5759=CARTESIAN_POINT('',(-241.489268233942,-6.46176094797698,-28.3190374819319));
#5760=CARTESIAN_POINT('',(-241.472860671958,-6.61481872369934,-28.3148082939471));
#5761=CARTESIAN_POINT('',(-241.451789941496,-6.76735634574504,-28.3094622048037));
#5762=CARTESIAN_POINT('',(-241.426066676722,-6.91924272241591,-28.3030651075837));
#5763=CARTESIAN_POINT('',(-241.395734103817,-7.07021459867589,-28.2957039160372));
#5764=CARTESIAN_POINT('',(-241.360845479689,-7.22006243912104,-28.287479717852));
#5765=CARTESIAN_POINT('',(-241.321595606784,-7.36808561520991,-28.2785367595474));
#5766=CARTESIAN_POINT('',(-241.278251047871,-7.51362729018084,-28.2690398180904));
#5767=CARTESIAN_POINT('',(-241.231384716383,-7.65536695195184,-28.2592164317579));
#5768=CARTESIAN_POINT('',(-241.181277759361,-7.79321947632442,-28.2492216060075));
#5769=CARTESIAN_POINT('',(-241.128630982068,-7.92605010287042,-28.2392826622401));
#5770=CARTESIAN_POINT('',(-241.073748235706,-8.05395380847924,-28.2295324403645));
#5771=CARTESIAN_POINT('',(-241.017493658237,-8.17583845443459,-28.2201802826143));
#5772=CARTESIAN_POINT('',(-240.959745481466,-8.2928193626001,-28.2112504929774));
#5773=CARTESIAN_POINT('',(-240.901376666527,-8.40386225337164,-28.2029137923329));
#5774=CARTESIAN_POINT('',(-240.842716767677,-8.50912349999737,-28.1952326270092));
#5775=CARTESIAN_POINT('',(-240.77987453246,-8.61598376293958,-28.1877389805167));
#5776=CARTESIAN_POINT('',(-240.712911168257,-8.72361280744276,-28.1806221145282));
#5777=CARTESIAN_POINT('',(-240.642338392548,-8.83065522077903,-28.1741308473453));
#5778=CARTESIAN_POINT('',(-240.580367843356,-8.9198266026941,-28.1692829838076));
#5779=CARTESIAN_POINT('',(-240.526689748947,-8.99393010030098,-28.1656951233027));
#5780=CARTESIAN_POINT('',(-240.481335090066,-9.05455286411051,-28.1630767469274));
#5781=CARTESIAN_POINT('',(-240.437364590295,-9.11156030273985,-28.1609272210015));
#5782=CARTESIAN_POINT('',(-240.39572413444,-9.16403727718799,-28.1592425810397));
#5783=CARTESIAN_POINT('',(-240.355797924293,-9.21304904953395,-28.1579461112047));
#5784=CARTESIAN_POINT('',(-240.317715503057,-9.25866091468429,-28.1569998297986));
#5785=CARTESIAN_POINT('',(-240.280765668776,-9.30189452723777,-28.1563539252676));
#5786=CARTESIAN_POINT('',(-240.24502533802,-9.3427978035306,-28.1559826178435));
#5787=CARTESIAN_POINT('',(-240.221336844953,-9.36933706451445,-28.1559006436268));
#5788=CARTESIAN_POINT('',(-240.209638711188,-9.38230690515301,-28.1559006404409));
#5789=CARTESIAN_POINT('',(-241.50963871127,-5.99999999999995,-38.1874318428242));
#5790=CARTESIAN_POINT('',(-241.509638711274,-5.99999999999995,-38.1874318427932));
#5791=VECTOR('',#5792,1.);
#5792=DIRECTION('',(-2.59346817833538E-14,-9.00509784144231E-17,1.));
#5793=CARTESIAN_POINT('',(-240.209638711274,-9.38230690540415,-38.3559006404409));
#5794=CARTESIAN_POINT('',(-241.509638711269,-5.99999999999995,-38.1874318428345));
#5795=CARTESIAN_POINT('',(-241.509638941072,-6.05143888642283,-38.1874306390078));
#5796=CARTESIAN_POINT('',(-241.508066915541,-6.15426254461389,-38.1878471152535));
#5797=CARTESIAN_POINT('',(-241.501008424044,-6.30822302106926,-38.1897017166858));
#5798=CARTESIAN_POINT('',(-241.489268233934,-6.46176094806216,-38.192763798952));
#5799=CARTESIAN_POINT('',(-241.472860671946,-6.61481872379107,-38.1969929869377));
#5800=CARTESIAN_POINT('',(-241.451789941483,-6.76735634582758,-38.2023390760815));
#5801=CARTESIAN_POINT('',(-241.42606667671,-6.91924272247718,-38.208736173301));
#5802=CARTESIAN_POINT('',(-241.39573410381,-7.07021459870214,-38.2160973648462));
#5803=CARTESIAN_POINT('',(-241.360845479692,-7.22006243910358,-38.224321563029));
#5804=CARTESIAN_POINT('',(-241.321595606801,-7.3680856151464,-38.2332645213306));
#5805=CARTESIAN_POINT('',(-241.278251047903,-7.51362729007473,-38.2427614627845));
#5806=CARTESIAN_POINT('',(-241.23138471643,-7.65536695181575,-38.2525848491144));
#5807=CARTESIAN_POINT('',(-241.181277759417,-7.79321947617424,-38.2625796748634));
#5808=CARTESIAN_POINT('',(-241.128630982125,-7.92605010273346,-38.2725186186315));
#5809=CARTESIAN_POINT('',(-241.073748235749,-8.05395380838283,-38.28226884051));
#5810=CARTESIAN_POINT('',(-241.017493658246,-8.17583845441628,-38.2916209982663));
#5811=CARTESIAN_POINT('',(-240.959745481422,-8.29281936268839,-38.3005507879112));
#5812=CARTESIAN_POINT('',(-240.901376666412,-8.40386225358729,-38.3088874885651));
#5813=CARTESIAN_POINT('',(-240.842716767476,-8.5091235003504,-38.3165686538982));
#5814=CARTESIAN_POINT('',(-240.779874532159,-8.6159837634395,-38.3240623003995));
#5815=CARTESIAN_POINT('',(-240.712911167853,-8.72361280807513,-38.3311791663942));
#5816=CARTESIAN_POINT('',(-240.642338392049,-8.83065522151823,-38.3376704335794));
#5817=CARTESIAN_POINT('',(-240.580367842793,-8.91982660348833,-38.3425182971155));
#5818=CARTESIAN_POINT('',(-240.526689748355,-8.99393010110417,-38.346106157616));
#5819=CARTESIAN_POINT('',(-240.481335089485,-9.05455286487386,-38.3487245339854));
#5820=CARTESIAN_POINT('',(-240.437364589749,-9.11156030343666,-38.3508740599047));
#5821=CARTESIAN_POINT('',(-240.395724133956,-9.16403727778828,-38.3525586998596));
#5822=CARTESIAN_POINT('',(-240.355797923893,-9.21304905001871,-38.3538551696885));
#5823=CARTESIAN_POINT('',(-240.317715502754,-9.25866091503888,-38.3548014510894));
#5824=CARTESIAN_POINT('',(-240.280765668582,-9.30189452747036,-38.3554473556168));
#5825=CARTESIAN_POINT('',(-240.245025337879,-9.34279780365646,-38.3558186630391));
#5826=CARTESIAN_POINT('',(-240.221336844898,-9.36933706464394,-38.3559006372553));
#5827=CARTESIAN_POINT('',(-240.209638711188,-9.38230690532629,-38.3559006404409));
#5828=AXIS2_PLACEMENT_3D('',#5829,#5830,#5831);
#5829=CARTESIAN_POINT('',(-236.459638711273,-5.99999999999994,-38.3559006404409));
#5830=DIRECTION('',(0.,0.,1.));
#5831=DIRECTION('',(-0.742574257425827,-0.669763743575659,0.));
#5832=CARTESIAN_POINT('',(-231.445469421267,-5.39949493661159,-43.2559006404406));
#5833=CARTESIAN_POINT('',(-231.445469421267,-6.60050506338829,-43.2559006404406));
#5834=AXIS2_PLACEMENT_3D('',#5835,#5836,#5837);
#5835=CARTESIAN_POINT('',(-236.459638711273,-5.99999999999994,-43.2559006404402));
#5836=DIRECTION('',(-1.84542575945486E-16,-1.45008721583694E-16,1.));
#5837=DIRECTION('',(0.992904809902291,-0.118911893740267,1.6598994959566E-16));
#5838=CARTESIAN_POINT('',(-237.213618756034,-10.993397049314,-44.8059006404412));
#5839=CARTESIAN_POINT('',(-231.445469421267,-6.60050506338829,-43.2559006404408));
#5840=CARTESIAN_POINT('',(-231.450441184055,-6.64201986129567,-43.2559004217765));
#5841=CARTESIAN_POINT('',(-231.461434400527,-6.72505507608426,-43.256641300586));
#5842=CARTESIAN_POINT('',(-231.481019726019,-6.84919513735246,-43.259952499031));
#5843=CARTESIAN_POINT('',(-231.503770652923,-6.97323645350297,-43.2654638783882));
#5844=CARTESIAN_POINT('',(-231.529687645251,-7.09701086803158,-43.2731643566781));
#5845=CARTESIAN_POINT('',(-231.558805456505,-7.22053852545752,-43.2830485998622));
#5846=CARTESIAN_POINT('',(-231.591107471834,-7.34362261201437,-43.2950911529634));
#5847=CARTESIAN_POINT('',(-231.626627341278,-7.46627079508051,-43.3092815151985));
#5848=CARTESIAN_POINT('',(-231.665313175211,-7.58820968606334,-43.3255711642561));
#5849=CARTESIAN_POINT('',(-231.70718333956,-7.7094318291257,-43.3439351191591));
#5850=CARTESIAN_POINT('',(-231.75221012407,-7.82979189249967,-43.3643257586749));
#5851=CARTESIAN_POINT('',(-231.800475887341,-7.94942722391182,-43.3867429173592));
#5852=CARTESIAN_POINT('',(-231.851931316841,-8.06812301045548,-43.411123550503));
#5853=CARTESIAN_POINT('',(-231.906638559762,-8.18593863913322,-43.4374528229821));
#5854=CARTESIAN_POINT('',(-231.964534934558,-8.3026563287328,-43.465652701638));
#5855=CARTESIAN_POINT('',(-232.025675090054,-8.41830233408792,-43.4956979340536));
#5856=CARTESIAN_POINT('',(-232.089905154771,-8.53252136737639,-43.5274564674618));
#5857=CARTESIAN_POINT('',(-232.157160495423,-8.64516861577304,-43.5608351379733));
#5858=CARTESIAN_POINT('',(-232.227299911876,-8.75600166239744,-43.5956990422169));
#5859=CARTESIAN_POINT('',(-232.300272585439,-8.86494313588578,-43.6319548583547));
#5860=CARTESIAN_POINT('',(-232.375930457433,-8.97178922136825,-43.6694581745821));
#5861=CARTESIAN_POINT('',(-232.462766261299,-9.08792231932672,-43.7123283625986));
#5862=CARTESIAN_POINT('',(-232.570562469028,-9.22338576647552,-43.7651957496982));
#5863=CARTESIAN_POINT('',(-232.704345945828,-9.37883817022009,-43.8300499602969));
#5864=CARTESIAN_POINT('',(-232.84983281065,-9.53365025230842,-43.8993418711491));
#5865=CARTESIAN_POINT('',(-233.002441718881,-9.68301405514868,-43.970482492393));
#5866=CARTESIAN_POINT('',(-233.158446476057,-9.82365773616393,-44.0414167566523));
#5867=CARTESIAN_POINT('',(-233.325035200221,-9.96133468027118,-44.1148474007931));
#5868=CARTESIAN_POINT('',(-233.477722828478,-10.0769501994802,-44.1797774338495));
#5869=CARTESIAN_POINT('',(-233.611008907035,-10.1706236825756,-44.2345262069541));
#5870=CARTESIAN_POINT('',(-233.719374515494,-10.242461962639,-44.2777593427456));
#5871=CARTESIAN_POINT('',(-233.821129096952,-10.3064123747976,-44.3172200422027));
#5872=CARTESIAN_POINT('',(-233.919650955283,-10.3652410309596,-44.3543485776164));
#5873=CARTESIAN_POINT('',(-234.018934553678,-10.4215123969649,-44.390635420446));
#5874=CARTESIAN_POINT('',(-234.118838349459,-10.4752007807412,-44.4259731288574));
#5875=CARTESIAN_POINT('',(-234.219617176606,-10.5264833905261,-44.4603926033747));
#5876=CARTESIAN_POINT('',(-234.325063732022,-10.5772066470029,-44.4950762195829));
#5877=CARTESIAN_POINT('',(-234.439248741772,-10.6288548065594,-44.5310612259047));
#5878=CARTESIAN_POINT('',(-234.581666787654,-10.6888562531877,-44.5736946454006));
#5879=CARTESIAN_POINT('',(-234.74980206055,-10.7531527852793,-44.620485564215));
#5880=CARTESIAN_POINT('',(-234.940894744044,-10.8176273337818,-44.6686106282988));
#5881=CARTESIAN_POINT('',(-235.114811076119,-10.8686542788817,-44.7075706505894));
#5882=CARTESIAN_POINT('',(-235.265899469647,-10.9074783600781,-44.7377033251912));
#5883=CARTESIAN_POINT('',(-235.388412197506,-10.9355547081136,-44.7597488290703));
#5884=CARTESIAN_POINT('',(-235.502558727199,-10.9588969513645,-44.7782493502502));
#5885=CARTESIAN_POINT('',(-235.611699229074,-10.9787107802618,-44.7940784274544));
#5886=CARTESIAN_POINT('',(-235.719886115356,-10.9959178274148,-44.8079207308421));
#5887=CARTESIAN_POINT('',(-235.826457427985,-11.0105265389395,-44.819743107906));
#5888=CARTESIAN_POINT('',(-235.931792526124,-11.0227046978756,-44.8296480804017));
#5889=CARTESIAN_POINT('',(-236.035173615593,-11.032480947755,-44.8376324011875));
#5890=CARTESIAN_POINT('',(-236.136407886132,-11.0399750969584,-44.8437727709534));
#5891=CARTESIAN_POINT('',(-236.234096003451,-11.0452661530523,-44.8481184123282));
#5892=CARTESIAN_POINT('',(-236.328626901222,-11.0485833683009,-44.8508472383549));
#5893=CARTESIAN_POINT('',(-236.403280791714,-11.0498332623282,-44.8518763434544));
#5894=CARTESIAN_POINT('',(-236.462490229178,-11.0500605619125,-44.8520634969168));
#5895=CARTESIAN_POINT('',(-236.518809085763,-11.0497966597803,-44.851846201715));
#5896=CARTESIAN_POINT('',(-236.588381976561,-11.048573729151,-44.8508393619988));
#5897=CARTESIAN_POINT('',(-236.667967029211,-11.0459020969236,-44.8486415473044));
#5898=CARTESIAN_POINT('',(-236.744603384931,-11.0421435354921,-44.8455533414596));
#5899=CARTESIAN_POINT('',(-236.818984160962,-11.0373753416322,-44.8416419483066));
#5900=CARTESIAN_POINT('',(-236.890358818212,-11.0317619579626,-44.8370462956396));
#5901=CARTESIAN_POINT('',(-236.959533489463,-11.0253514003362,-44.831809916687));
#5902=CARTESIAN_POINT('',(-237.026242331006,-11.018259221408,-44.826031492712));
#5903=CARTESIAN_POINT('',(-237.090910398373,-11.0105242234771,-44.8197470213432));
#5904=CARTESIAN_POINT('',(-237.153054174238,-11.0022935694232,-44.8130798930779));
#5905=CARTESIAN_POINT('',(-237.193699364639,-10.9964048082022,-44.8083250333642));
#5906=CARTESIAN_POINT('',(-237.213618756034,-10.9933970493142,-44.8059006404412));
#5907=CARTESIAN_POINT('',(-241.509638711273,-5.99999999999994,-44.8059006404453));
#5908=AXIS2_PLACEMENT_3D('',#5909,#5910,#5911);
#5909=CARTESIAN_POINT('',(-236.459638711273,-5.99999999999994,-44.8059006404412));
#5910=DIRECTION('',(2.52598139422002E-14,7.25043607918469E-17,-1.));
#5911=DIRECTION('',(-0.149302979160596,-0.988791494913751,-3.84305716990798E-15));
#5912=CARTESIAN_POINT('',(-237.213618756034,-1.00660295068587,-44.8059006404412));
#5913=AXIS2_PLACEMENT_3D('',#5914,#5915,#5916);
#5914=CARTESIAN_POINT('',(-236.459638711273,-5.99999999999994,-44.8059006404412));
#5915=DIRECTION('',(-2.52598139422002E-14,-7.25043607918469E-17,1.));
#5916=DIRECTION('',(-0.149302979160683,0.988791494913738,-3.6996737793199E-15));
#5917=CARTESIAN_POINT('',(-231.445469421267,-5.39949493661159,-43.2559006404408));
#5918=CARTESIAN_POINT('',(-231.450184605064,-5.36012248524822,-43.2559004400777));
#5919=CARTESIAN_POINT('',(-231.460549605433,-5.28144334145303,-43.2565660486916));
#5920=CARTESIAN_POINT('',(-231.478862302814,-5.16388487192125,-43.2595382834945));
#5921=CARTESIAN_POINT('',(-231.499957497564,-5.046695076794,-43.2644699134675));
#5922=CARTESIAN_POINT('',(-231.523816767927,-4.93000313827299,-43.2713378585386));
#5923=CARTESIAN_POINT('',(-231.550419887482,-4.81391596022379,-43.2801144385304));
#5924=CARTESIAN_POINT('',(-231.579727990943,-4.69858281541013,-43.2907610724535));
#5925=CARTESIAN_POINT('',(-231.611704554271,-4.58411268515869,-43.3032360830589));
#5926=CARTESIAN_POINT('',(-231.64631287659,-4.47059452742256,-43.3174946697184));
#5927=CARTESIAN_POINT('',(-231.6835042193,-4.35813951402692,-43.3334843826124));
#5928=CARTESIAN_POINT('',(-231.723217481074,-4.24687349686307,-43.3511445027554));
#5929=CARTESIAN_POINT('',(-231.765382956777,-4.13691948046001,-43.3704074523893));
#5930=CARTESIAN_POINT('',(-231.809949446196,-4.02833419380095,-43.3912118663224));
#5931=CARTESIAN_POINT('',(-231.856863402902,-3.92117675086199,-43.413494041485));
#5932=CARTESIAN_POINT('',(-231.906084221078,-3.81547322220949,-43.4371951678266));
#5933=CARTESIAN_POINT('',(-231.957547126352,-3.71129811971207,-43.4622436288182));
#5934=CARTESIAN_POINT('',(-232.011208961962,-3.60867680813354,-43.4885771032467));
#5935=CARTESIAN_POINT('',(-232.067053644579,-3.50758520245041,-43.516145670978));
#5936=CARTESIAN_POINT('',(-232.12510241106,-3.4079498972123,-43.5449172570468));
#5937=CARTESIAN_POINT('',(-232.185423501213,-3.30964309264031,-43.5748821831507));
#5938=CARTESIAN_POINT('',(-232.248008057448,-3.21268721705383,-43.6059910296687));
#5939=CARTESIAN_POINT('',(-232.320271865572,-3.10616315811904,-43.6418795986706));
#5940=CARTESIAN_POINT('',(-232.410811925134,-2.98010733854163,-43.6867245491548));
#5941=CARTESIAN_POINT('',(-232.521924473447,-2.83620630801281,-43.7414201866342));
#5942=CARTESIAN_POINT('',(-232.638831677152,-2.69631810307247,-43.7983636350089));
#5943=CARTESIAN_POINT('',(-232.743522463909,-2.57957141320761,-43.8487081516895));
#5944=CARTESIAN_POINT('',(-232.833701178657,-2.48435785126943,-43.8915559335248));
#5945=CARTESIAN_POINT('',(-232.916986924539,-2.40044796992395,-43.9306714963824));
#5946=CARTESIAN_POINT('',(-233.00213062597,-2.31858955928146,-43.9701451476986));
#5947=CARTESIAN_POINT('',(-233.098612463292,-2.23007547564745,-44.0142399278199));
#5948=CARTESIAN_POINT('',(-233.210290882106,-2.13307776493456,-44.0643570791801));
#5949=CARTESIAN_POINT('',(-233.341474031962,-2.02636180083776,-44.1218094757954));
#5950=CARTESIAN_POINT('',(-233.489653601842,-1.91413551328451,-44.1848138851653));
#5951=CARTESIAN_POINT('',(-233.652539090093,-1.80035542118838,-44.2515514723381));
#5952=CARTESIAN_POINT('',(-233.827454195574,-1.68856027498952,-44.3200429311456));
#5953=CARTESIAN_POINT('',(-233.988674475788,-1.5946294191932,-44.379976723594));
#5954=CARTESIAN_POINT('',(-234.130601544745,-1.518439981443,-44.4301528950914));
#5955=CARTESIAN_POINT('',(-234.259281957373,-1.45380661043331,-44.4737303422561));
#5956=CARTESIAN_POINT('',(-234.393856367981,-1.39095494148623,-44.5171149768256));
#5957=CARTESIAN_POINT('',(-234.53844137214,-1.32883793209407,-44.5610296581153));
#5958=CARTESIAN_POINT('',(-234.672568761594,-1.27610018055179,-44.5991516234117));
#5959=CARTESIAN_POINT('',(-234.795609757428,-1.23155067745067,-44.6319327983544));
#5960=CARTESIAN_POINT('',(-234.906683652107,-1.19423302466866,-44.6597906527386));
#5961=CARTESIAN_POINT('',(-235.018091047051,-1.1596549341827,-44.6859513384776));
#5962=CARTESIAN_POINT('',(-235.129302121026,-1.12792355962736,-44.7102567398843));
#5963=CARTESIAN_POINT('',(-235.240497632133,-1.09892259648704,-44.7327235099887));
#5964=CARTESIAN_POINT('',(-235.351344333677,-1.07267981572608,-44.753264432993));
#5965=CARTESIAN_POINT('',(-235.461869534798,-1.04912494555797,-44.771874036544));
#5966=CARTESIAN_POINT('',(-235.571649125716,-1.02827044542102,-44.7884876773545));
#5967=CARTESIAN_POINT('',(-235.681027616341,-1.00997704305975,-44.8031681722073));
#5968=CARTESIAN_POINT('',(-235.789706390122,-0.994234938324027,-44.8158822646269));
#5969=CARTESIAN_POINT('',(-235.897556017194,-0.980992327354762,-44.8266360662595));
#5970=CARTESIAN_POINT('',(-236.003691015646,-0.970254734829864,-44.8353950224946));
#5971=CARTESIAN_POINT('',(-236.108169434493,-0.961889977561622,-44.8422428457969));
#5972=CARTESIAN_POINT('',(-236.21031927285,-0.95581914194781,-44.8472262338009));
#5973=CARTESIAN_POINT('',(-236.310404771177,-0.951883583986285,-44.8504628608588));
#5974=CARTESIAN_POINT('',(-236.393155297966,-0.950249169663414,-44.8518084674064));
#5975=CARTESIAN_POINT('',(-236.457787709592,-0.949924201548739,-44.8520760424928));
#5976=CARTESIAN_POINT('',(-236.52174777216,-0.950210608946995,-44.8518402197122));
#5977=CARTESIAN_POINT('',(-236.600502648076,-0.951663664706395,-44.8506438810168));
#5978=CARTESIAN_POINT('',(-236.69583227416,-0.955227406590275,-44.8477126912715));
#5979=CARTESIAN_POINT('',(-236.78972187093,-0.960510263522893,-44.8433748147741));
#5980=CARTESIAN_POINT('',(-236.881556788289,-0.967384356122766,-44.8377434256559));
#5981=CARTESIAN_POINT('',(-236.969835376779,-0.975586827691764,-44.8310430170998));
#5982=CARTESIAN_POINT('',(-237.054525135506,-0.984931327337492,-44.8234351593783));
#5983=CARTESIAN_POINT('',(-237.13529975269,-0.995192196297631,-44.8151120154663));
#5984=CARTESIAN_POINT('',(-237.187909212028,-1.00272088356465,-44.8090298215299));
#5985=CARTESIAN_POINT('',(-237.213618756035,-1.00660295068572,-44.8059006404412));
#5986=CARTESIAN_POINT('',(-241.509638711274,-5.99999999999994,-25.755900640442));
#5987=AXIS2_PLACEMENT_3D('',#5988,#5989,#5990);
#5988=CARTESIAN_POINT('',(-236.459638711274,-5.99999999999994,-25.7559006404419));
#5989=DIRECTION('',(-2.52598139422002E-14,-7.25043607918469E-17,1.));
#5990=DIRECTION('',(-1.,1.75876914792104E-16,-2.52598139422002E-14));
#5991=CARTESIAN_POINT('',(-180.209638711274,-14.5,-38.3559006404409));
#5992=CARTESIAN_POINT('',(-240.209638711274,-14.5,-38.3559006404409));
#5993=CARTESIAN_POINT('',(-180.209638711274,-14.5,-38.3559006404409));
#5994=VECTOR('',#5995,1.);
#5995=DIRECTION('',(-1.,1.77635683940025E-16,0.));
#5996=CARTESIAN_POINT('',(-180.209638711274,-9.38230690594755,-38.3559006404409));
#5997=CARTESIAN_POINT('',(-180.209638711274,-9.38230690594755,-38.3559006404409));
#5998=VECTOR('',#5999,1.);
#5999=DIRECTION('',(0.,-1.,0.));
#6000=AXIS2_PLACEMENT_3D('',#6001,#6002,#6003);
#6001=CARTESIAN_POINT('',(-183.959638711273,-5.99999999999998,-38.3559006404409));
#6002=DIRECTION('',(0.,0.,1.));
#6003=DIRECTION('',(-1.,1.75876914792104E-16,0.));
#6004=AXIS2_PLACEMENT_3D('',#6005,#6006,#6007);
#6005=CARTESIAN_POINT('',(-201.459638711273,-5.99999999999998,-38.3559006404409));
#6006=DIRECTION('',(0.,0.,1.));
#6007=DIRECTION('',(-1.,1.75876914792104E-16,0.));
#6008=AXIS2_PLACEMENT_3D('',#6009,#6010,#6011);
#6009=CARTESIAN_POINT('',(-218.959638711273,-5.99999999999997,-38.3559006404409));
#6010=DIRECTION('',(0.,0.,1.));
#6011=DIRECTION('',(-1.,1.75876914792104E-16,0.));
#6012=CARTESIAN_POINT('',(-240.209638711274,-9.38230690540415,-38.3559006404409));
#6013=VECTOR('',#6014,1.);
#6014=DIRECTION('',(0.,-1.,0.));
#6015=AXIS2_PLACEMENT_3D('',#6016,#6017,#6018);
#6016=CARTESIAN_POINT('',(-218.959638711274,-5.99999999999997,-28.1559006404409));
#6017=DIRECTION('',(0.,0.,1.));
#6018=DIRECTION('',(-1.,1.75876914792104E-16,0.));
#6019=CARTESIAN_POINT('',(-224.009638711274,-5.99999999999997,-25.7559006404415));
#6020=AXIS2_PLACEMENT_3D('',#6021,#6022,#6023);
#6021=CARTESIAN_POINT('',(-218.959638711274,-5.99999999999997,-25.7559006404414));
#6022=DIRECTION('',(-2.52598139422002E-14,-7.25043607918469E-17,1.));
#6023=DIRECTION('',(-1.,1.75876914792104E-16,-2.52598139422002E-14));
#6024=CARTESIAN_POINT('',(-224.009638711273,-5.99999999999997,-43.255900640442));
#6025=AXIS2_PLACEMENT_3D('',#6026,#6027,#6028);
#6026=CARTESIAN_POINT('',(-218.959638711273,-5.99999999999997,-43.2559006404402));
#6027=DIRECTION('',(-1.84542575945486E-16,-1.45008721583694E-16,1.));
#6028=DIRECTION('',(-1.,1.22464679914734E-16,-1.84542575945486E-16));
#6029=CARTESIAN_POINT('',(-240.209638711274,-14.5,-28.1559006404409));
#6030=CARTESIAN_POINT('',(-180.209638711274,-14.5,-28.1559006404409));
#6031=CARTESIAN_POINT('',(-240.209638711274,-14.5,-28.1559006404409));
#6032=VECTOR('',#6033,1.);
#6033=DIRECTION('',(1.,-1.48029736616688E-16,1.1842378929335E-16));
#6034=CARTESIAN_POINT('',(-240.209638711274,-9.38230690505731,-28.1559006404409));
#6035=VECTOR('',#6036,1.);
#6036=DIRECTION('',(0.,-1.,0.));
#6037=AXIS2_PLACEMENT_3D('',#6038,#6039,#6040);
#6038=CARTESIAN_POINT('',(-201.459638711274,-5.99999999999998,-28.1559006404409));
#6039=DIRECTION('',(0.,0.,1.));
#6040=DIRECTION('',(-1.,1.75876914792104E-16,0.));
#6041=CARTESIAN_POINT('',(-180.209638711274,-9.38230690594727,-28.1559006404409));
#6042=AXIS2_PLACEMENT_3D('',#6043,#6044,#6045);
#6043=CARTESIAN_POINT('',(-183.959638711274,-5.99999999999998,-28.1559006404409));
#6044=DIRECTION('',(0.,0.,1.));
#6045=DIRECTION('',(-1.,1.75876914792104E-16,0.));
#6046=CARTESIAN_POINT('',(-180.209638711274,-9.38230690594727,-28.1559006404409));
#6047=VECTOR('',#6048,1.);
#6048=DIRECTION('',(0.,-1.,0.));
#6049=CARTESIAN_POINT('',(-206.509638711274,-5.99999999999998,-25.7559006404411));
#6050=AXIS2_PLACEMENT_3D('',#6051,#6052,#6053);
#6051=CARTESIAN_POINT('',(-201.459638711274,-5.99999999999998,-25.7559006404409));
#6052=DIRECTION('',(-2.52598139422002E-14,-7.25043607918469E-17,1.));
#6053=DIRECTION('',(-1.,1.75876914792104E-16,-2.52598139422002E-14));
#6054=CARTESIAN_POINT('',(-206.509638711273,-5.99999999999998,-43.2559006404416));
#6055=AXIS2_PLACEMENT_3D('',#6056,#6057,#6058);
#6056=CARTESIAN_POINT('',(-201.459638711273,-5.99999999999998,-43.2559006404402));
#6057=DIRECTION('',(-1.84542575945486E-16,-1.45008721583694E-16,1.));
#6058=DIRECTION('',(-1.,1.22464679914734E-16,-1.84542575945486E-16));
#6059=CARTESIAN_POINT('',(-178.909638711279,-5.99999999999998,-28.3243694380644));
#6060=CARTESIAN_POINT('',(-180.209638711495,-9.38230690574774,-28.1559006404409));
#6061=CARTESIAN_POINT('',(-180.186300843959,-9.35643202764941,-28.1559007040339));
#6062=CARTESIAN_POINT('',(-180.139812508878,-9.30380445297434,-28.1562234758887));
#6063=CARTESIAN_POINT('',(-180.071279419948,-9.22288144359256,-28.157625756915));
#6064=CARTESIAN_POINT('',(-180.003379152349,-9.13917875934195,-28.1599238203897));
#6065=CARTESIAN_POINT('',(-179.936379248379,-9.05285561327565,-28.163081045769));
#6066=CARTESIAN_POINT('',(-179.870172780277,-8.96360207515912,-28.1670691807049));
#6067=CARTESIAN_POINT('',(-179.804970504459,-8.87150862555022,-28.1718419536328));
#6068=CARTESIAN_POINT('',(-179.740535016689,-8.77599905035047,-28.1773855126265));
#6069=CARTESIAN_POINT('',(-179.67731460763,-8.6774717772756,-28.1836275855698));
#6070=CARTESIAN_POINT('',(-179.615305558685,-8.57566802602095,-28.1905246821016));
#6071=CARTESIAN_POINT('',(-179.5548720754,-8.47093036086154,-28.1979870655916));
#6072=CARTESIAN_POINT('',(-179.489145026901,-8.35037918048799,-28.2068926412375));
#6073=CARTESIAN_POINT('',(-179.419618800069,-8.21363977466779,-28.2172763366062));
#6074=CARTESIAN_POINT('',(-179.347893319098,-8.06009050812917,-28.2290675888251));
#6075=CARTESIAN_POINT('',(-179.28643622906,-7.91604824892402,-28.2400457980859));
#6076=CARTESIAN_POINT('',(-179.234211810607,-7.78280608201984,-28.2499780720719));
#6077=CARTESIAN_POINT('',(-179.185572933882,-7.64872018830364,-28.2596882670268));
#6078=CARTESIAN_POINT('',(-179.136940924245,-7.50118231526193,-28.2699011122797));
#6079=CARTESIAN_POINT('',(-179.089913926426,-7.34069625934829,-28.2802706574742));
#6080=CARTESIAN_POINT('',(-179.052355395241,-7.19493131358779,-28.2889014441128));
#6081=CARTESIAN_POINT('',(-179.022603677597,-7.06436197494611,-28.2959442965469));
#6082=CARTESIAN_POINT('',(-178.999273964518,-6.94960938387879,-28.3015910082573));
#6083=CARTESIAN_POINT('',(-178.978956291829,-6.83642973921912,-28.3066031222695));
#6084=CARTESIAN_POINT('',(-178.959774505797,-6.71375250640466,-28.3114125232889));
#6085=CARTESIAN_POINT('',(-178.942551356447,-6.58153998329189,-28.3158009485717));
#6086=CARTESIAN_POINT('',(-178.92823192161,-6.44045165749833,-28.3195002815236));
#6087=CARTESIAN_POINT('',(-178.918899532518,-6.31351252076256,-28.3219357392312));
#6088=CARTESIAN_POINT('',(-178.913270179885,-6.20015010356895,-28.3234130470689));
#6089=CARTESIAN_POINT('',(-178.91029474655,-6.09976791289748,-28.3241963380818));
#6090=CARTESIAN_POINT('',(-178.909638662675,-6.03314473181099,-28.3243696530185));
#6091=CARTESIAN_POINT('',(-178.909638711276,-5.99999999999998,-28.3243694380547));
#6092=CARTESIAN_POINT('',(-178.909638711279,-5.99999999999998,-38.1874318428173));
#6093=CARTESIAN_POINT('',(-180.209638711495,-9.38230690574803,-38.3559006404409));
#6094=CARTESIAN_POINT('',(-180.186300843959,-9.3564320276497,-38.355900576848));
#6095=CARTESIAN_POINT('',(-180.139812508878,-9.30380445297463,-38.3555778049931));
#6096=CARTESIAN_POINT('',(-180.071279419948,-9.22288144359283,-38.3541755239668));
#6097=CARTESIAN_POINT('',(-180.00337915235,-9.1391787593422,-38.3518774604922));
#6098=CARTESIAN_POINT('',(-179.936379248379,-9.05285561327593,-38.3487202351129));
#6099=CARTESIAN_POINT('',(-179.870172780277,-8.9636020751594,-38.3447321001769));
#6100=CARTESIAN_POINT('',(-179.804970504459,-8.8715086255505,-38.339959327249));
#6101=CARTESIAN_POINT('',(-179.740535016689,-8.77599905035076,-38.3344157682554));
#6102=CARTESIAN_POINT('',(-179.67731460763,-8.67747177727591,-38.328173695312));
#6103=CARTESIAN_POINT('',(-179.615305558685,-8.57566802602124,-38.3212765987802));
#6104=CARTESIAN_POINT('',(-179.5548720754,-8.47093036086188,-38.3138142152902));
#6105=CARTESIAN_POINT('',(-179.489145026901,-8.35037918048831,-38.3049086396443));
#6106=CARTESIAN_POINT('',(-179.419618800068,-8.21363977466813,-38.2945249442756));
#6107=CARTESIAN_POINT('',(-179.347893319098,-8.06009050812954,-38.2827336920567));
#6108=CARTESIAN_POINT('',(-179.28643622906,-7.91604824892431,-38.2717554827959));
#6109=CARTESIAN_POINT('',(-179.234211810607,-7.78280608202015,-38.2618232088099));
#6110=CARTESIAN_POINT('',(-179.185572933881,-7.64872018830395,-38.252113013855));
#6111=CARTESIAN_POINT('',(-179.136940924245,-7.50118231526221,-38.2419001686021));
#6112=CARTESIAN_POINT('',(-179.089913926425,-7.34069625934854,-38.2315306234075));
#6113=CARTESIAN_POINT('',(-179.052355395241,-7.19493131358805,-38.222899836769));
#6114=CARTESIAN_POINT('',(-179.022603677597,-7.06436197494636,-38.2158569843349));
#6115=CARTESIAN_POINT('',(-178.999273964518,-6.94960938387903,-38.2102102726244));
#6116=CARTESIAN_POINT('',(-178.978956291829,-6.83642973921934,-38.2051981586123));
#6117=CARTESIAN_POINT('',(-178.959774505796,-6.71375250640487,-38.2003887575929));
#6118=CARTESIAN_POINT('',(-178.942551356447,-6.58153998329206,-38.19600033231));
#6119=CARTESIAN_POINT('',(-178.928231921609,-6.44045165749847,-38.1923009993582));
#6120=CARTESIAN_POINT('',(-178.918899532518,-6.31351252076266,-38.1898655416506));
#6121=CARTESIAN_POINT('',(-178.913270179885,-6.20015010356901,-38.1883882338129));
#6122=CARTESIAN_POINT('',(-178.910294746549,-6.09976791289751,-38.1876049427999));
#6123=CARTESIAN_POINT('',(-178.909638662675,-6.033144731811,-38.1874316278633));
#6124=CARTESIAN_POINT('',(-178.909638711276,-5.99999999999998,-38.1874318428271));
#6125=CARTESIAN_POINT('',(-178.909638711274,-5.99999999999999,-38.187431842816));
#6126=VECTOR('',#6127,1.);
#6127=DIRECTION('',(-2.59346817830577E-14,-9.00509784133947E-17,1.));
#6128=CARTESIAN_POINT('',(-189.009638711274,-5.99999999999998,-25.7559006404406));
#6129=AXIS2_PLACEMENT_3D('',#6130,#6131,#6132);
#6130=CARTESIAN_POINT('',(-183.959638711274,-5.99999999999998,-25.7559006404405));
#6131=DIRECTION('',(-2.52598139422002E-14,-7.25043607918469E-17,1.));
#6132=DIRECTION('',(-1.,1.75876914792104E-16,-2.52598139422002E-14));
#6133=CARTESIAN_POINT('',(-189.009638711273,-5.99999999999998,-43.2559006404412));
#6134=AXIS2_PLACEMENT_3D('',#6135,#6136,#6137);
#6135=CARTESIAN_POINT('',(-183.959638711273,-5.99999999999998,-43.2559006404402));
#6136=DIRECTION('',(-1.84542575945486E-16,-1.45008721583694E-16,1.));
#6137=DIRECTION('',(-1.,1.22464679914734E-16,-1.84542575945486E-16));
#6138=CARTESIAN_POINT('',(-171.113221436715,14.,-43.0291038152615));
#6139=AXIS2_PLACEMENT_3D('',#6140,#6141,#6142);
#6140=CARTESIAN_POINT('',(-171.372040481818,14.,-42.0631779889724));
#6141=DIRECTION('',(0.965925826289068,-7.40157539539679E-16,0.258819045102521));
#6142=DIRECTION('',(0.258819045102521,7.10542735760103E-15,-0.965925826289068));
#6143=CARTESIAN_POINT('',(-171.959638711278,14.,-43.2559006404402));
#6144=CARTESIAN_POINT('',(-171.113221436715,14.,-43.0291038152615));
#6145=VECTOR('',#6146,1.);
#6146=DIRECTION('',(-0.965925826289067,0.,-0.258819045102524));
#6147=CARTESIAN_POINT('',(-172.091291208865,15.,-42.2559006404402));
#6148=CARTESIAN_POINT('',(-172.014170961299,15.,-42.8416870780671));
#6149=CARTESIAN_POINT('',(-171.959638711278,14.5857864376269,-43.2559006404402));
#6150=CARTESIAN_POINT('',(-171.959638711278,14.,-43.2559006404402));
#6151=CARTESIAN_POINT('',(-227.959638711271,14.,-43.2559006404402));
#6152=CARTESIAN_POINT('',(-171.959638711278,14.,-43.2559006404402));
#6153=VECTOR('',#6154,1.);
#6154=DIRECTION('',(-1.,1.90323947078622E-16,-2.53765262771496E-16));
#6155=AXIS2_PLACEMENT_3D('',#6156,#6157,#6158);
#6156=CARTESIAN_POINT('',(-227.959638711271,14.,-42.2559006404402));
#6157=DIRECTION('',(-1.,1.66533453693772E-16,-2.2204460492503E-16));
#6158=DIRECTION('',(1.66533453693772E-16,1.,-6.12323399573677E-17));
#6159=CARTESIAN_POINT('',(-237.959638711271,14.,-53.2559006404402));
#6160=AXIS2_PLACEMENT_3D('',#6161,#6162,#6163);
#6161=CARTESIAN_POINT('',(-227.959638711271,14.,-53.2559006404402));
#6162=DIRECTION('',(1.22464679914735E-16,-1.,-6.12323399573677E-17));
#6163=DIRECTION('',(7.49879891330929E-33,-6.12323399573677E-17,1.));
#6164=AXIS2_PLACEMENT_3D('',#6165,#6166,#6167);
#6165=CARTESIAN_POINT('',(-238.959638711271,14.,-53.2559006404402));
#6166=DIRECTION('',(2.4980018054066E-16,7.12642219874121E-17,-1.));
#6167=DIRECTION('',(-1.78018155185452E-32,1.,7.12642219874121E-17));
#6168=CARTESIAN_POINT('',(-237.959638711271,14.,-81.1592521587644));
#6169=CARTESIAN_POINT('',(-237.959638711271,14.,-53.2559006404402));
#6170=VECTOR('',#6171,1.);
#6171=DIRECTION('',(0.,6.36610565664025E-17,-1.));
#6172=AXIS2_PLACEMENT_3D('',#6173,#6174,#6175);
#6173=CARTESIAN_POINT('',(-238.959638711271,14.,-81.1592521587644));
#6174=DIRECTION('',(0.,4.9476072964766E-17,-1.));
#6175=DIRECTION('',(6.12323399573677E-17,1.,4.9476072964766E-17));
#6176=CARTESIAN_POINT('',(-241.007300938712,14.,-85.7623356059593));
#6177=AXIS2_PLACEMENT_3D('',#6178,#6179,#6180);
#6178=CARTESIAN_POINT('',(-242.959638711271,14.,-81.1592521587644));
#6179=DIRECTION('',(-1.22464679914735E-16,1.,6.12323399573677E-17));
#6180=DIRECTION('',(1.,1.22464679914735E-16,7.49879891330929E-33));
#6181=AXIS2_PLACEMENT_3D('',#6182,#6183,#6184);
#6182=CARTESIAN_POINT('',(-241.397768493224,14.,-84.8417189165203));
#6183=DIRECTION('',(-0.920616689438983,1.46250009163917E-16,-0.390467554511776));
#6184=DIRECTION('',(1.34640199266906E-16,1.,5.71058834255597E-17));
#6185=CARTESIAN_POINT('',(-247.007300938712,14.,-88.3071573042259));
#6186=CARTESIAN_POINT('',(-241.007300938712,14.,-85.7623356059593));
#6187=VECTOR('',#6188,1.);
#6188=DIRECTION('',(-0.920616689438983,0.,-0.390467554511776));
#6189=AXIS2_PLACEMENT_3D('',#6190,#6191,#6192);
#6190=CARTESIAN_POINT('',(-247.397768493224,14.,-87.3865406147869));
#6191=DIRECTION('',(-0.920616689438984,1.2236078472466E-16,-0.390467554511774));
#6192=DIRECTION('',(1.36556622590559E-16,1.,-8.59359771857327E-18));
#6193=CARTESIAN_POINT('',(-253.959638711271,14.,-83.7040738570309));
#6194=AXIS2_PLACEMENT_3D('',#6195,#6196,#6197);
#6195=CARTESIAN_POINT('',(-248.959638711271,14.,-83.7040738570309));
#6196=DIRECTION('',(-1.22464679914735E-16,1.,6.12323399573677E-17));
#6197=DIRECTION('',(0.390467554511769,1.04189998178528E-16,-0.920616689438986));
#6198=AXIS2_PLACEMENT_3D('',#6199,#6200,#6201);
#6199=CARTESIAN_POINT('',(-252.959638711271,14.,-83.704073857031));
#6200=DIRECTION('',(-2.66453525910038E-15,-7.12642219874118E-17,1.));
#6201=DIRECTION('',(-1.89886032197815E-31,1.,7.12642219874118E-17));
#6202=CARTESIAN_POINT('',(-253.959638711271,14.,-35.2559006404402));
#6203=CARTESIAN_POINT('',(-253.959638711271,14.,-83.7040738570309));
#6204=VECTOR('',#6205,1.);
#6205=DIRECTION('',(0.,0.,1.));
#6206=AXIS2_PLACEMENT_3D('',#6207,#6208,#6209);
#6207=CARTESIAN_POINT('',(-252.959638711271,14.,-35.2559006404402));
#6208=DIRECTION('',(0.,3.14688100283493E-17,-1.));
#6209=DIRECTION('',(-1.,-1.60812264967664E-16,-5.06057061649599E-33));
#6210=CARTESIAN_POINT('',(-243.959638711271,14.,-25.2559006404412));
#6211=AXIS2_PLACEMENT_3D('',#6212,#6213,#6214);
#6212=CARTESIAN_POINT('',(-243.959638711271,14.,-35.2559006404402));
#6213=DIRECTION('',(-1.22464679914735E-16,1.,6.12323399573677E-17));
#6214=DIRECTION('',(-1.,-1.22464679914735E-16,3.37824967426584E-33));
#6215=AXIS2_PLACEMENT_3D('',#6216,#6217,#6218);
#6216=CARTESIAN_POINT('',(-243.959638711271,14.,-26.2559006404402));
#6217=DIRECTION('',(1.,-1.28635124736306E-16,3.5527136788005E-15));
#6218=DIRECTION('',(1.28635124736306E-16,1.,4.57003767224882E-31));
#6219=CARTESIAN_POINT('',(-175.607587681892,14.,-25.2559006404402));
#6220=CARTESIAN_POINT('',(-243.959638711271,14.,-25.2559006404421));
#6221=VECTOR('',#6222,1.);
#6222=DIRECTION('',(1.,-1.03953389116984E-16,2.6819974392182E-14));
#6223=AXIS2_PLACEMENT_3D('',#6224,#6225,#6226);
#6224=CARTESIAN_POINT('',(-175.607587681892,14.,-26.2559006404402));
#6225=DIRECTION('',(-1.,1.1673640067455E-16,-2.68493721551466E-14));
#6226=DIRECTION('',(-2.68493721551466E-14,6.12323399573677E-17,1.));
#6227=CARTESIAN_POINT('',(-174.435337812145,12.5806451612903,-26.0513927061771));
#6228=CARTESIAN_POINT('',(-174.435337812145,12.5806451612903,-26.0513927061771));
#6229=CARTESIAN_POINT('',(-173.566604304113,13.7130288228013,-25.8998355171018));
#6230=CARTESIAN_POINT('',(-174.190180379313,15.,-26.0086231214225));
#6231=CARTESIAN_POINT('',(-175.607587681892,15.,-26.2559006404402));
#6232=CARTESIAN_POINT('',(-172.297741840807,12.5806451612903,-34.0290094772652));
#6233=CARTESIAN_POINT('',(-174.435337812145,12.5806451612903,-26.0513927061771));
#6234=VECTOR('',#6235,1.);
#6235=DIRECTION('',(0.258819045102523,0.,-0.965925826289068));
#6236=AXIS2_PLACEMENT_3D('',#6237,#6238,#6239);
#6237=CARTESIAN_POINT('',(-173.442592842638,13.5,-34.3357713786598));
#6238=DIRECTION('',(-0.258819045102521,-1.38777878078145E-17,0.965925826289068));
#6239=DIRECTION('',(0.763234001220783,-0.612903225806456,0.204507934263083));
#6240=CARTESIAN_POINT('',(-158.834196896575,10.,-30.4214634821983));
#6241=AXIS2_PLACEMENT_3D('',#6242,#6243,#6244);
#6242=CARTESIAN_POINT('',(-163.663826028021,10.,-31.7155587077109));
#6243=DIRECTION('',(0.258819045102521,6.16297582203915E-33,-0.965925826289068));
#6244=DIRECTION('',(-1.5950955172501E-33,1.,5.95297751330272E-33));
#6245=CARTESIAN_POINT('',(-171.061404307405,3.6826920309163,-33.697733833618));
#6246=AXIS2_PLACEMENT_3D('',#6247,#6248,#6249);
#6247=CARTESIAN_POINT('',(-167.527529333177,8.75000000000001,-32.7508348881209));
#6248=DIRECTION('',(0.258819045102521,3.08148791101958E-33,-0.965925826289068));
#6249=DIRECTION('',(-0.565419995876532,-0.810769275053395,-0.151503831279526));
#6250=CARTESIAN_POINT('',(-169.459380985755,0.439614930702705,-33.268472978326));
#6251=AXIS2_PLACEMENT_3D('',#6252,#6253,#6254);
#6252=CARTESIAN_POINT('',(-173.323084290911,0.439614930702705,-34.3037491587361));
#6253=DIRECTION('',(-0.258819045102521,-1.38777878078145E-17,0.965925826289068));
#6254=DIRECTION('',(0.965925826289068,6.10622663543837E-16,0.258819045102521));
#6255=CARTESIAN_POINT('',(-169.459380985755,-0.439614930702655,-33.268472978326));
#6256=CARTESIAN_POINT('',(-169.459380985755,-0.439614930702655,-33.268472978326));
#6257=VECTOR('',#6258,1.);
#6258=DIRECTION('',(0.,1.,0.));
#6259=CARTESIAN_POINT('',(-171.061404307405,-3.68269203091625,-33.697733833618));
#6260=AXIS2_PLACEMENT_3D('',#6261,#6262,#6263);
#6261=CARTESIAN_POINT('',(-173.323084290911,-0.439614930702655,-34.3037491587361));
#6262=DIRECTION('',(-0.258819045102521,0.,0.965925826289068));
#6263=DIRECTION('',(0.565419995876531,-0.810769275053396,0.151503831279525));
#6264=CARTESIAN_POINT('',(-172.297741840807,-12.5806451612903,-34.0290094772652));
#6265=AXIS2_PLACEMENT_3D('',#6266,#6267,#6268);
#6266=CARTESIAN_POINT('',(-167.527529333177,-8.74999999999999,-32.7508348881209));
#6267=DIRECTION('',(0.258819045102521,3.08148791101958E-33,-0.965925826289068));
#6268=DIRECTION('',(-0.763234001220787,-0.612903225806452,-0.204507934263084));
#6269=CARTESIAN_POINT('',(-173.442592842638,-15.,-34.3357713786598));
#6270=AXIS2_PLACEMENT_3D('',#6271,#6272,#6273);
#6271=CARTESIAN_POINT('',(-173.442592842638,-13.5,-34.3357713786598));
#6272=DIRECTION('',(-0.258819045102521,1.38777878078145E-17,0.965925826289068));
#6273=DIRECTION('',(-3.59183578855395E-18,-1.,1.34049136553275E-17));
#6274=CARTESIAN_POINT('',(-163.663826028021,-15.,-31.7155587077109));
#6275=CARTESIAN_POINT('',(-163.663826028021,-15.,-31.7155587077109));
#6276=VECTOR('',#6277,1.);
#6277=DIRECTION('',(-0.965925826289068,1.75464757510844E-16,-0.258819045102521));
#6278=CARTESIAN_POINT('',(-158.834196896575,-9.99999999999998,-30.4214634821983));
#6279=AXIS2_PLACEMENT_3D('',#6280,#6281,#6282);
#6280=CARTESIAN_POINT('',(-163.663826028021,-9.99999999999998,-31.7155587077109));
#6281=DIRECTION('',(0.258819045102521,6.16297582203915E-33,-0.965925826289068));
#6282=DIRECTION('',(0.965925826289068,5.20013101995539E-48,0.258819045102521));
#6283=CARTESIAN_POINT('',(-158.834196896575,-9.99999999999998,-30.4214634821983));
#6284=VECTOR('',#6285,1.);
#6285=DIRECTION('',(0.,1.,0.));
#6286=CARTESIAN_POINT('',(-168.010492246321,-8.74999999999998,-32.8802444106722));
#6287=AXIS2_PLACEMENT_3D('',#6288,#6289,#6290);
#6288=CARTESIAN_POINT('',(-165.595677680599,-8.74999999999998,-32.2331967979159));
#6289=DIRECTION('',(-0.258819045102521,-3.08148791101958E-33,0.965925826289068));
#6290=DIRECTION('',(-0.965925826289068,1.22464679914735E-16,-0.258819045102521));
#6291=CARTESIAN_POINT('',(-168.010492246321,8.75000000000002,-32.8802444106722));
#6292=AXIS2_PLACEMENT_3D('',#6293,#6294,#6295);
#6293=CARTESIAN_POINT('',(-165.595677680599,8.75000000000002,-32.2331967979159));
#6294=DIRECTION('',(-0.258819045102521,-3.08148791101958E-33,0.965925826289068));
#6295=DIRECTION('',(-0.965925826289068,1.22464679914735E-16,-0.258819045102521));
#6296=CARTESIAN_POINT('',(-157.959638711271,12.0383127023037,-35.3635072247623));
#6297=CARTESIAN_POINT('',(-157.959638711271,10.,-33.6853590639299));
#6298=CARTESIAN_POINT('',(-157.959638711271,12.0383127023037,-35.3635072247623));
#6299=CARTESIAN_POINT('',(-157.959638711271,11.3945432799986,-34.2530520181224));
#6300=CARTESIAN_POINT('',(-157.959638711271,10.7050119343486,-33.6853590639299));
#6301=CARTESIAN_POINT('',(-157.959638711271,10.,-33.6853590639299));
#6302=AXIS2_PLACEMENT_3D('',#6303,#6304,#6305);
#6303=CARTESIAN_POINT('',(-162.369730802508,10.,-36.5451878391562));
#6304=DIRECTION('',(0.258819045102521,6.16297582203915E-33,-0.965925826289068));
#6305=DIRECTION('',(-1.5950955172501E-33,1.,5.95297751330272E-33));
#6306=CARTESIAN_POINT('',(-157.959638711271,10.,-33.6853590639299));
#6307=VECTOR('',#6308,1.);
#6308=DIRECTION('',(-0.258819045102511,0.,0.965925826289071));
#6309=CARTESIAN_POINT('',(-157.959638711271,-12.0383127023036,-35.3635072247623));
#6310=CARTESIAN_POINT('',(-157.959638711271,12.0383127023037,-35.3635072247623));
#6311=VECTOR('',#6312,1.);
#6312=DIRECTION('',(0.,-1.,0.));
#6313=CARTESIAN_POINT('',(-162.369730802508,-15.,-36.5451878391562));
#6314=AXIS2_PLACEMENT_3D('',#6315,#6316,#6317);
#6315=CARTESIAN_POINT('',(-162.369730802508,-9.99999999999998,-36.5451878391562));
#6316=DIRECTION('',(0.258819045102521,6.16297582203915E-33,-0.965925826289068));
#6317=DIRECTION('',(0.882018418247441,-0.407662540460746,0.236336122878778));
#6318=CARTESIAN_POINT('',(-172.148497617125,-15.,-39.1654005101052));
#6319=CARTESIAN_POINT('',(-162.369730802508,-15.,-36.5451878391562));
#6320=VECTOR('',#6321,1.);
#6321=DIRECTION('',(-0.965925826289069,3.50929515021688E-16,-0.258819045102519));
#6322=CARTESIAN_POINT('',(-171.003646615294,-12.5806451612903,-38.8586386087105));
#6323=AXIS2_PLACEMENT_3D('',#6324,#6325,#6326);
#6324=CARTESIAN_POINT('',(-172.148497617125,-13.5,-39.1654005101052));
#6325=DIRECTION('',(-0.258819045102521,0.,0.965925826289068));
#6326=DIRECTION('',(0.,-1.,0.));
#6327=CARTESIAN_POINT('',(-169.767309081893,-3.68269203091624,-38.5273629650633));
#6328=AXIS2_PLACEMENT_3D('',#6329,#6330,#6331);
#6329=CARTESIAN_POINT('',(-166.233434107664,-8.74999999999998,-37.5804640195663));
#6330=DIRECTION('',(0.258819045102521,3.08148791101958E-33,-0.965925826289068));
#6331=DIRECTION('',(-0.763234001220786,-0.612903225806452,-0.204507934263084));
#6332=CARTESIAN_POINT('',(-168.165285760242,-0.439614930702645,-38.0981021097713));
#6333=AXIS2_PLACEMENT_3D('',#6334,#6335,#6336);
#6334=CARTESIAN_POINT('',(-172.028989065399,-0.439614930702644,-39.1333782901814));
#6335=DIRECTION('',(-0.258819045102521,0.,0.965925826289068));
#6336=DIRECTION('',(0.565419995876531,-0.810769275053396,0.151503831279525));
#6337=CARTESIAN_POINT('',(-168.165285760242,0.439614930702716,-38.0981021097713));
#6338=CARTESIAN_POINT('',(-168.165285760242,-0.439614930702645,-38.0981021097713));
#6339=VECTOR('',#6340,1.);
#6340=DIRECTION('',(0.,1.,0.));
#6341=CARTESIAN_POINT('',(-169.767309081893,3.68269203091631,-38.5273629650633));
#6342=AXIS2_PLACEMENT_3D('',#6343,#6344,#6345);
#6343=CARTESIAN_POINT('',(-172.028989065399,0.439614930702716,-39.1333782901814));
#6344=DIRECTION('',(-0.258819045102521,0.,0.965925826289068));
#6345=DIRECTION('',(0.965925826289068,1.66533453693774E-16,0.258819045102521));
#6346=CARTESIAN_POINT('',(-171.003646615294,12.5806451612903,-38.8586386087105));
#6347=AXIS2_PLACEMENT_3D('',#6348,#6349,#6350);
#6348=CARTESIAN_POINT('',(-166.233434107664,8.75000000000002,-37.5804640195663));
#6349=DIRECTION('',(0.258819045102521,3.08148791101958E-33,-0.965925826289068));
#6350=DIRECTION('',(-0.565419995876532,-0.810769275053395,-0.151503831279526));
#6351=AXIS2_PLACEMENT_3D('',#6352,#6353,#6354);
#6352=CARTESIAN_POINT('',(-172.148497617125,13.5,-39.1654005101052));
#6353=DIRECTION('',(-0.258819045102521,0.,0.965925826289068));
#6354=DIRECTION('',(0.763234001220785,-0.612903225806454,0.204507934263084));
#6355=CARTESIAN_POINT('',(-166.716397020809,-8.74999999999998,-37.7098735421175));
#6356=AXIS2_PLACEMENT_3D('',#6357,#6358,#6359);
#6357=CARTESIAN_POINT('',(-164.301582455086,-8.74999999999998,-37.0628259293612));
#6358=DIRECTION('',(-0.258819045102521,-3.08148791101958E-33,0.965925826289068));
#6359=DIRECTION('',(-0.965925826289068,1.22464679914735E-16,-0.258819045102521));
#6360=CARTESIAN_POINT('',(-166.716397020809,8.75000000000002,-37.7098735421175));
#6361=AXIS2_PLACEMENT_3D('',#6362,#6363,#6364);
#6362=CARTESIAN_POINT('',(-164.301582455086,8.75000000000002,-37.0628259293612));
#6363=DIRECTION('',(-0.258819045102521,-3.08148791101958E-33,0.965925826289068));
#6364=DIRECTION('',(-0.965925826289068,1.22464679914735E-16,-0.258819045102521));
#6365=CARTESIAN_POINT('',(-170.227189479987,12.5806451612903,-41.7564160875778));
#6366=AXIS2_PLACEMENT_3D('',#6367,#6368,#6369);
#6367=CARTESIAN_POINT('',(-171.372040481818,13.5,-42.0631779889724));
#6368=DIRECTION('',(-0.258819045102521,1.38777878078145E-17,0.965925826289068));
#6369=DIRECTION('',(0.763234001220785,-0.612903225806454,0.204507934263084));
#6370=CARTESIAN_POINT('',(-171.003646615294,12.5806451612903,-38.8586386087105));
#6371=VECTOR('',#6372,1.);
#6372=DIRECTION('',(0.25881904510252,0.,-0.965925826289068));
#6373=CARTESIAN_POINT('',(-240.859638711274,14.5,-45.));
#6374=CARTESIAN_POINT('',(-240.359638711274,15.,-45.));
#6375=VECTOR('',#6376,1.);
#6376=DIRECTION('',(-0.707106781186547,-0.707106781186547,-1.00485917355762E-14));
#6377=CARTESIAN_POINT('',(-251.059638711274,14.5,-45.));
#6378=AXIS2_PLACEMENT_3D('',#6379,#6380,#6381);
#6379=CARTESIAN_POINT('',(-245.959638711274,14.5,-45.));
#6380=DIRECTION('',(1.28635124736305E-16,1.,7.12642219874121E-17));
#6381=DIRECTION('',(-1.,1.28635124736305E-16,9.16708208458653E-33));
#6382=CARTESIAN_POINT('',(-251.559638711274,15.,-45.));
#6383=VECTOR('',#6384,1.);
#6384=DIRECTION('',(0.707106781186547,-0.707106781186547,0.));
#6385=CARTESIAN_POINT('',(-251.059638711274,14.5,-80.));
#6386=CARTESIAN_POINT('',(-251.059638711274,14.5,-45.));
#6387=VECTOR('',#6388,1.);
#6388=DIRECTION('',(0.,5.07530525542929E-17,-1.));
#6389=CARTESIAN_POINT('',(-251.559638711274,15.,-80.));
#6390=VECTOR('',#6391,1.);
#6391=DIRECTION('',(0.707106781186547,-0.707106781186547,0.));
#6392=CARTESIAN_POINT('',(-240.859638711274,14.5,-80.));
#6393=AXIS2_PLACEMENT_3D('',#6394,#6395,#6396);
#6394=CARTESIAN_POINT('',(-245.959638711274,14.5,-80.));
#6395=DIRECTION('',(1.28635124736305E-16,1.,7.12642219874121E-17));
#6396=DIRECTION('',(1.,-1.28635124736305E-16,-9.16708208458653E-33));
#6397=CARTESIAN_POINT('',(-240.359638711274,15.,-80.));
#6398=VECTOR('',#6399,1.);
#6399=DIRECTION('',(-0.707106781186549,-0.707106781186546,0.));
#6400=CARTESIAN_POINT('',(-240.859638711274,14.5,-80.));
#6401=VECTOR('',#6402,1.);
#6402=DIRECTION('',(0.,-1.01506105108586E-16,1.));
#6403=CARTESIAN_POINT('',(-227.959638711271,-6.6005050633883,-43.2559006404402));
#6404=CARTESIAN_POINT('',(-231.445469421267,-6.60050506338829,-43.2559006404402));
#6405=VECTOR('',#6406,1.);
#6406=DIRECTION('',(1.,-1.78357741816667E-15,0.));
#6407=CARTESIAN_POINT('',(-233.960312104089,-11.4999999999999,-45.25640572934));
#6408=CARTESIAN_POINT('',(-233.960312104089,-11.4999999999999,-45.25640572934));
#6409=CARTESIAN_POINT('',(-233.920405676671,-11.4694538813094,-45.2264707921443));
#6410=CARTESIAN_POINT('',(-233.840116218036,-11.4078289423819,-45.1671788228062));
#6411=CARTESIAN_POINT('',(-233.718662258183,-11.3141229502341,-45.0802608391425));
#6412=CARTESIAN_POINT('',(-233.595906164321,-11.218943957601,-44.9951546190907));
#6413=CARTESIAN_POINT('',(-233.472094820855,-11.1224961083208,-44.9120268608226));
#6414=CARTESIAN_POINT('',(-233.347266993107,-11.0248238748835,-44.8308886473992));
#6415=CARTESIAN_POINT('',(-233.221496660819,-10.9259992371459,-44.7517719155735));
#6416=CARTESIAN_POINT('',(-233.094612999041,-10.8259006149683,-44.6745610634297));
#6417=CARTESIAN_POINT('',(-232.966728464703,-10.7246285159084,-44.5993201000771));
#6418=CARTESIAN_POINT('',(-232.837679895771,-10.6220653535629,-44.5259489439919));
#6419=CARTESIAN_POINT('',(-232.707419310851,-10.5181830827984,-44.4544256027562));
#6420=CARTESIAN_POINT('',(-232.575570442469,-10.4126896524809,-44.3845634904636));
#6421=CARTESIAN_POINT('',(-232.442269041384,-10.3057004964563,-44.3164638969523));
#6422=CARTESIAN_POINT('',(-232.307255189435,-10.1970138225037,-44.2500245787735));
#6423=CARTESIAN_POINT('',(-232.170662811511,-10.0867437431724,-44.1853471085036));
#6424=CARTESIAN_POINT('',(-232.032226370723,-9.97468158617344,-44.1223482554978));
#6425=CARTESIAN_POINT('',(-231.89235724234,-9.86116670189009,-44.0612541048564));
#6426=CARTESIAN_POINT('',(-231.750804218749,-9.7460027002553,-44.00198589273));
#6427=CARTESIAN_POINT('',(-231.607584923353,-9.62921056160402,-43.9445906754126));
#6428=CARTESIAN_POINT('',(-231.462037665929,-9.51025547122983,-43.8888642026929));
#6429=CARTESIAN_POINT('',(-231.314447571824,-9.38937438663367,-43.8349892544609));
#6430=CARTESIAN_POINT('',(-231.147177543417,-9.25209805143401,-43.7769071661811));
#6431=CARTESIAN_POINT('',(-230.942639826391,-9.0838596682417,-43.7101395339407));
#6432=CARTESIAN_POINT('',(-230.699536087679,-8.8833624088717,-43.6372832429109));
#6433=CARTESIAN_POINT('',(-230.452608389342,-8.67916366736114,-43.5705681195507));
#6434=CARTESIAN_POINT('',(-230.237254383446,-8.50069010817518,-43.5180736011383));
#6435=CARTESIAN_POINT('',(-230.054771038618,-8.34922631023065,-43.4773517167891));
#6436=CARTESIAN_POINT('',(-229.887743501804,-8.21042210705837,-43.4430432503769));
#6437=CARTESIAN_POINT('',(-229.718868284975,-8.06992527812925,-43.4113561892979));
#6438=CARTESIAN_POINT('',(-229.54789082881,-7.92753412742739,-43.3823220514074));
#6439=CARTESIAN_POINT('',(-229.375502626646,-7.78383573174007,-43.3561265142866));
#6440=CARTESIAN_POINT('',(-229.201780134148,-7.6389064355985,-43.3328289665067));
#6441=CARTESIAN_POINT('',(-229.027084006854,-7.49306042627331,-43.3125147447999));
#6442=CARTESIAN_POINT('',(-228.851153391584,-7.34609345451575,-43.2951946047203));
#6443=CARTESIAN_POINT('',(-228.674283479483,-7.19826591553701,-43.2809406438203));
#6444=CARTESIAN_POINT('',(-228.496476477575,-7.04959398919833,-43.26978969767));
#6445=CARTESIAN_POINT('',(-228.318035020447,-6.90034543032509,-43.2617911425384));
#6446=CARTESIAN_POINT('',(-228.138979266991,-6.7505521398359,-43.2569730033314));
#6447=CARTESIAN_POINT('',(-228.019464805833,-6.65055916154267,-43.2559007080421));
#6448=CARTESIAN_POINT('',(-227.959638711272,-6.60050506338973,-43.2559006404402));
#6449=CARTESIAN_POINT('',(-236.459638711271,-11.4999999999999,-45.25640572934));
#6450=CARTESIAN_POINT('',(-236.459638711271,-11.4999999999999,-45.25640572934));
#6451=VECTOR('',#6452,1.);
#6452=DIRECTION('',(1.,0.,2.84293670830501E-15));
#6453=CARTESIAN_POINT('',(-236.534936093927,-11.4994845489525,-45.2559006404402));
#6454=CARTESIAN_POINT('',(-236.534936093926,-11.4994845489534,-45.2559006404402));
#6455=CARTESIAN_POINT('',(-236.528692076396,-11.4995700400922,-45.2559844046882));
#6456=CARTESIAN_POINT('',(-236.516178366139,-11.4997200593151,-45.2561314008128));
#6457=CARTESIAN_POINT('',(-236.49737673795,-11.499881281793,-45.2562893875488));
#6458=CARTESIAN_POINT('',(-236.478521772036,-11.499978383713,-45.2563845450892));
#6459=CARTESIAN_POINT('',(-236.465936353194,-11.4999999998181,-45.2564057295539));
#6460=CARTESIAN_POINT('',(-236.459638712938,-11.4999999999999,-45.25640572934));
#6461=CARTESIAN_POINT('',(-236.534936093927,-11.4994845489527,-45.2559006404401));
#6462=CARTESIAN_POINT('',(-236.589755409053,-11.462164914516,-45.2193357174863));
#6463=CARTESIAN_POINT('',(-236.696682904223,-11.3878269752276,-45.1481036004491));
#6464=CARTESIAN_POINT('',(-236.846932767397,-11.2789114639733,-45.0482792066033));
#6465=CARTESIAN_POINT('',(-236.983325530509,-11.1761710183168,-44.9579011920184));
#6466=CARTESIAN_POINT('',(-237.103085957624,-11.0827831799083,-44.8787466781896));
#6467=CARTESIAN_POINT('',(-237.178597305321,-11.0220077142616,-44.8289620074197));
#6468=CARTESIAN_POINT('',(-237.213618756034,-10.9933970493138,-44.8059006404412));
#6469=CARTESIAN_POINT('',(-236.534936093929,-0.500515451046923,-45.2559006404402));
#6470=AXIS2_PLACEMENT_3D('',#6471,#6472,#6473);
#6471=CARTESIAN_POINT('',(-236.459638711271,-5.99999999999994,-45.2559006404402));
#6472=DIRECTION('',(-2.67972779523024E-14,-7.25043607918469E-17,1.));
#6473=DIRECTION('',(-0.0136904332016043,0.99990628162781,-2.94368777989643E-16));
#6474=CARTESIAN_POINT('',(-236.534936094028,-0.500515451046894,-45.2559006404401));
#6475=CARTESIAN_POINT('',(-236.589755409101,-0.537835085491614,-45.2193357174791));
#6476=CARTESIAN_POINT('',(-236.696682904212,-0.612173024777121,-45.1481036004449));
#6477=CARTESIAN_POINT('',(-236.846932767364,-0.721088536000137,-45.0482792066273));
#6478=CARTESIAN_POINT('',(-236.983325530472,-0.823828981655388,-44.9579011920422));
#6479=CARTESIAN_POINT('',(-237.103085957603,-0.917216820074412,-44.8787466782038));
#6480=CARTESIAN_POINT('',(-237.178597305314,-0.977992285732473,-44.8289620074244));
#6481=CARTESIAN_POINT('',(-237.213618756034,-1.00660295068602,-44.8059006404412));
#6482=AXIS2_PLACEMENT_3D('',#6483,#6484,#6485);
#6483=CARTESIAN_POINT('',(-240.209638711274,-14.5,-33.2559006404409));
#6484=DIRECTION('',(-1.28635124736305E-16,-1.,-7.12642219874121E-17));
#6485=DIRECTION('',(-9.16708208458652E-33,-7.12642219874121E-17,1.));
#6486=AXIS2_PLACEMENT_3D('',#6487,#6488,#6489);
#6487=CARTESIAN_POINT('',(-240.209638711274,-5.99999999999997,-33.2559006404409));
#6488=DIRECTION('',(-1.28635124736305E-16,-1.,-7.12642219874122E-17));
#6489=DIRECTION('',(-0.254901960782622,-3.61207984682333E-17,0.966966902426952));
#6490=CARTESIAN_POINT('',(-242.009638711274,-5.99999999999994,-25.255900640442));
#6491=AXIS2_PLACEMENT_3D('',#6492,#6493,#6494);
#6492=CARTESIAN_POINT('',(-236.459638711272,-5.99999999999994,-25.2559006404419));
#6493=DIRECTION('',(-2.67972779523024E-14,-7.25043607918469E-17,1.));
#6494=DIRECTION('',(-1.,-1.20980294963545E-15,-2.67972779523024E-14));
#6495=CARTESIAN_POINT('',(-227.959638711271,-5.39949493661159,-43.2559006404402));
#6496=CARTESIAN_POINT('',(-227.959638711271,-5.39949493661159,-43.2559006404402));
#6497=VECTOR('',#6498,1.);
#6498=DIRECTION('',(-1.,5.09593548047625E-16,0.));
#6499=CARTESIAN_POINT('',(-236.459638711271,-0.499999999999936,-45.25640572934));
#6500=CARTESIAN_POINT('',(-236.53493609388,-0.500515451046132,-45.2559006404402));
#6501=CARTESIAN_POINT('',(-236.528692076353,-0.500429959907264,-45.2559844046885));
#6502=CARTESIAN_POINT('',(-236.516178366104,-0.500279940684379,-45.2561314008133));
#6503=CARTESIAN_POINT('',(-236.497376737927,-0.500118718206789,-45.2562893875489));
#6504=CARTESIAN_POINT('',(-236.478521772024,-0.500021616286884,-45.2563845450892));
#6505=CARTESIAN_POINT('',(-236.46593635319,-0.500000000181778,-45.2564057295539));
#6506=CARTESIAN_POINT('',(-236.459638712938,-0.499999999999937,-45.25640572934));
#6507=CARTESIAN_POINT('',(-233.960312104089,-0.499999999999932,-45.25640572934));
#6508=CARTESIAN_POINT('',(-233.960312104089,-0.499999999999935,-45.25640572934));
#6509=VECTOR('',#6510,1.);
#6510=DIRECTION('',(-1.,-5.33050632807202E-16,0.));
#6511=CARTESIAN_POINT('',(-233.960312104089,-0.499999999999931,-45.25640572934));
#6512=CARTESIAN_POINT('',(-233.920405676671,-0.530546118690496,-45.2264707921443));
#6513=CARTESIAN_POINT('',(-233.840116218036,-0.592171057617955,-45.1671788228062));
#6514=CARTESIAN_POINT('',(-233.718662258183,-0.685877049765698,-45.0802608391426));
#6515=CARTESIAN_POINT('',(-233.595906164321,-0.781056042398843,-44.9951546190907));
#6516=CARTESIAN_POINT('',(-233.472094820855,-0.877503891679046,-44.9120268608227));
#6517=CARTESIAN_POINT('',(-233.347266993107,-0.97517612511637,-44.8308886473992));
#6518=CARTESIAN_POINT('',(-233.221496660819,-1.07400076285394,-44.7517719155735));
#6519=CARTESIAN_POINT('',(-233.094612999041,-1.17409938503152,-44.6745610634297));
#6520=CARTESIAN_POINT('',(-232.966728464702,-1.27537148409149,-44.5993201000771));
#6521=CARTESIAN_POINT('',(-232.837679895771,-1.37793464643699,-44.5259489439918));
#6522=CARTESIAN_POINT('',(-232.707419310851,-1.48181691720151,-44.4544256027562));
#6523=CARTESIAN_POINT('',(-232.575570442469,-1.58731034751901,-44.3845634904635));
#6524=CARTESIAN_POINT('',(-232.442269041384,-1.69429950354361,-44.3164638969523));
#6525=CARTESIAN_POINT('',(-232.307255189435,-1.80298617749627,-44.2500245787734));
#6526=CARTESIAN_POINT('',(-232.170662811511,-1.91325625682749,-44.1853471085036));
#6527=CARTESIAN_POINT('',(-232.032226370723,-2.02531841382649,-44.1223482554978));
#6528=CARTESIAN_POINT('',(-231.89235724234,-2.1388332981098,-44.0612541048564));
#6529=CARTESIAN_POINT('',(-231.750804218749,-2.25399729974466,-44.0019858927299));
#6530=CARTESIAN_POINT('',(-231.607584923353,-2.37078943839595,-43.9445906754126));
#6531=CARTESIAN_POINT('',(-231.462037665929,-2.48974452877013,-43.8888642026929));
#6532=CARTESIAN_POINT('',(-231.314447571824,-2.61062561336628,-43.8349892544609));
#6533=CARTESIAN_POINT('',(-231.147177543417,-2.74790194856595,-43.7769071661811));
#6534=CARTESIAN_POINT('',(-230.942639826391,-2.91614033175824,-43.7101395339407));
#6535=CARTESIAN_POINT('',(-230.699536087679,-3.11663759112819,-43.6372832429109));
#6536=CARTESIAN_POINT('',(-230.452608389342,-3.32083633263876,-43.5705681195507));
#6537=CARTESIAN_POINT('',(-230.237254383446,-3.49930989182469,-43.5180736011383));
#6538=CARTESIAN_POINT('',(-230.054771038618,-3.65077368976925,-43.4773517167891));
#6539=CARTESIAN_POINT('',(-229.887743501804,-3.78957789294157,-43.4430432503769));
#6540=CARTESIAN_POINT('',(-229.718868284975,-3.93007472187055,-43.4113561892979));
#6541=CARTESIAN_POINT('',(-229.54789082881,-4.07246587257256,-43.3823220514073));
#6542=CARTESIAN_POINT('',(-229.375502626646,-4.2161642682598,-43.3561265142866));
#6543=CARTESIAN_POINT('',(-229.201780134148,-4.36109356440143,-43.3328289665067));
#6544=CARTESIAN_POINT('',(-229.027084006854,-4.50693957372662,-43.3125147447999));
#6545=CARTESIAN_POINT('',(-228.851153391584,-4.65390654548421,-43.2951946047203));
#6546=CARTESIAN_POINT('',(-228.674283479483,-4.80173408446287,-43.2809406438202));
#6547=CARTESIAN_POINT('',(-228.496476477575,-4.95040601080164,-43.26978969767));
#6548=CARTESIAN_POINT('',(-228.318035020447,-5.09965456967473,-43.2617911425384));
#6549=CARTESIAN_POINT('',(-228.138979266992,-5.24944786016428,-43.2569730033314));
#6550=CARTESIAN_POINT('',(-228.019464805833,-5.34944083845743,-43.2559007080421));
#6551=CARTESIAN_POINT('',(-227.959638711272,-5.39949493661017,-43.2559006404402));
#6552=CARTESIAN_POINT('',(-227.959638711271,0.78385991139208,-43.2559006404402));
#6553=CARTESIAN_POINT('',(-227.959638711271,0.78385991139208,-43.2559006404402));
#6554=VECTOR('',#6555,1.);
#6555=DIRECTION('',(-4.59648687954244E-15,-1.,0.));
#6556=CARTESIAN_POINT('',(-171.959638711278,0.783859911392078,-43.2559006404402));
#6557=CARTESIAN_POINT('',(-171.959638711278,0.783859911392079,-43.2559006404402));
#6558=VECTOR('',#6559,1.);
#6559=DIRECTION('',(-1.,3.17206578464369E-17,-1.26882631385748E-16));
#6560=CARTESIAN_POINT('',(-171.959638711278,-6.86254139118222,-43.2559006404402));
#6561=CARTESIAN_POINT('',(-171.959638711278,0.783859911392078,-43.2559006404402));
#6562=VECTOR('',#6563,1.);
#6563=DIRECTION('',(0.,-1.,-9.29251170116959E-16));
#6564=CARTESIAN_POINT('',(-171.959638711278,-10.6374586088177,-43.2559006404402));
#6565=CARTESIAN_POINT('',(-171.959638711278,-10.6374586088177,-43.2559006404402));
#6566=VECTOR('',#6567,1.);
#6567=DIRECTION('',(0.,1.,0.));
#6568=CARTESIAN_POINT('',(-171.959638711278,-14.,-43.2559006404402));
#6569=CARTESIAN_POINT('',(-171.959638711278,-10.6374586088177,-43.2559006404402));
#6570=VECTOR('',#6571,1.);
#6571=DIRECTION('',(0.,-1.,0.));
#6572=CARTESIAN_POINT('',(-227.959638711271,-14.,-43.2559006404402));
#6573=CARTESIAN_POINT('',(-227.959638711271,-14.,-43.2559006404402));
#6574=VECTOR('',#6575,1.);
#6575=DIRECTION('',(1.,-6.34413156928739E-17,1.26882631385748E-16));
#6576=CARTESIAN_POINT('',(-227.959638711271,-6.6005050633883,-43.2559006404402));
#6577=VECTOR('',#6578,1.);
#6578=DIRECTION('',(0.,-1.,0.));
#6579=CARTESIAN_POINT('',(-180.209638711274,-15.,-38.8559006404409));
#6580=CARTESIAN_POINT('',(-240.209638711274,-15.,-38.8559006404409));
#6581=CARTESIAN_POINT('',(-180.209638711274,-15.,-38.8559006404409));
#6582=VECTOR('',#6583,1.);
#6583=DIRECTION('',(-1.,1.48029736616688E-16,2.368475785867E-16));
#6584=CARTESIAN_POINT('',(-180.209638711274,-15.,-38.8559006404409));
#6585=VECTOR('',#6586,1.);
#6586=DIRECTION('',(0.,0.707106781186547,0.707106781186547));
#6587=CARTESIAN_POINT('',(-240.209638711274,-15.,-38.8559006404409));
#6588=VECTOR('',#6589,1.);
#6589=DIRECTION('',(0.,0.707106781186549,0.707106781186546));
#6590=AXIS2_PLACEMENT_3D('',#6591,#6592,#6593);
#6591=CARTESIAN_POINT('',(-180.209638711274,-14.5,-33.2559006404409));
#6592=DIRECTION('',(-1.28635124736305E-16,-1.,-7.12642219874121E-17));
#6593=DIRECTION('',(9.16708208458652E-33,7.12642219874121E-17,-1.));
#6594=AXIS2_PLACEMENT_3D('',#6595,#6596,#6597);
#6595=CARTESIAN_POINT('',(-180.209638711274,-5.99999999999998,-33.2559006404409));
#6596=DIRECTION('',(-1.28635124736305E-16,-1.,-7.12642219874122E-17));
#6597=DIRECTION('',(0.254901960783385,3.61207984681207E-17,-0.966966902426751));
#6598=CARTESIAN_POINT('',(-224.509638711274,-5.99999999999997,-25.2559006404416));
#6599=AXIS2_PLACEMENT_3D('',#6600,#6601,#6602);
#6600=CARTESIAN_POINT('',(-218.959638711272,-5.99999999999997,-25.2559006404414));
#6601=DIRECTION('',(-2.67972779523024E-14,-7.25043607918469E-17,1.));
#6602=DIRECTION('',(-1.,-1.20980294963545E-15,-2.67972779523024E-14));
#6603=CARTESIAN_POINT('',(-240.209638711274,-15.,-27.6559006404409));
#6604=CARTESIAN_POINT('',(-180.209638711274,-15.,-27.6559006404409));
#6605=CARTESIAN_POINT('',(-240.209638711274,-15.,-27.6559006404409));
#6606=VECTOR('',#6607,1.);
#6607=DIRECTION('',(1.,-1.48029736616688E-16,1.1842378929335E-16));
#6608=CARTESIAN_POINT('',(-240.209638711274,-15.,-27.6559006404409));
#6609=VECTOR('',#6610,1.);
#6610=DIRECTION('',(0.,0.707106781186547,-0.707106781186547));
#6611=CARTESIAN_POINT('',(-180.209638711274,-15.,-27.6559006404409));
#6612=VECTOR('',#6613,1.);
#6613=DIRECTION('',(0.,0.707106781186555,-0.70710678118654));
#6614=CARTESIAN_POINT('',(-207.009638711274,-5.99999999999998,-25.2559006404411));
#6615=AXIS2_PLACEMENT_3D('',#6616,#6617,#6618);
#6616=CARTESIAN_POINT('',(-201.459638711272,-5.99999999999997,-25.2559006404409));
#6617=DIRECTION('',(-2.67972779523024E-14,-7.25043607918469E-17,1.));
#6618=DIRECTION('',(-1.,-1.20980294963545E-15,-2.67972779523024E-14));
#6619=CARTESIAN_POINT('',(-189.509638711274,-5.99999999999998,-25.2559006404406));
#6620=AXIS2_PLACEMENT_3D('',#6621,#6622,#6623);
#6621=CARTESIAN_POINT('',(-183.959638711272,-5.99999999999998,-25.2559006404405));
#6622=DIRECTION('',(-2.67972779523024E-14,-7.25043607918469E-17,1.));
#6623=DIRECTION('',(-1.,-1.20980294963545E-15,-2.67972779523024E-14));
#6624=CARTESIAN_POINT('',(-170.731604436105,13.1935483870968,-42.9268498481299));
#6625=AXIS2_PLACEMENT_3D('',#6626,#6627,#6628);
#6626=CARTESIAN_POINT('',(-171.113221436715,13.5,-43.0291038152615));
#6627=DIRECTION('',(-0.258819045102521,1.38777878078145E-17,0.965925826289068));
#6628=DIRECTION('',(0.76323400122078,-0.61290322580646,0.204507934263083));
#6629=AXIS2_PLACEMENT_3D('',#6630,#6631,#6632);
#6630=CARTESIAN_POINT('',(-170.990423481207,13.1935483870968,-41.9609240218409));
#6631=DIRECTION('',(-0.59201905482233,-0.790157981542963,-0.15863102764348));
#6632=DIRECTION('',(0.258819045102489,2.57683338626198E-14,-0.965925826289077));
#6633=CARTESIAN_POINT('',(-171.788926345946,11.200621793172,-43.2101584000117));
#6634=CARTESIAN_POINT('',(-171.959638711278,11.216140088608,-43.2559006404402));
#6635=CARTESIAN_POINT('',(-171.788926345581,11.2006217942281,-43.2101583999136));
#6636=CARTESIAN_POINT('',(-171.845745512378,11.2058614968523,-43.2253830497717));
#6637=CARTESIAN_POINT('',(-171.902650000031,11.2110342948938,-43.2406305612839));
#6638=CARTESIAN_POINT('',(-171.959638711278,11.216140088608,-43.2559006404402));
#6639=CARTESIAN_POINT('',(-171.959638711278,14.,-43.2559006404402));
#6640=VECTOR('',#6641,1.);
#6641=DIRECTION('',(0.,-1.,0.));
#6642=AXIS2_PLACEMENT_3D('',#6643,#6644,#6645);
#6643=CARTESIAN_POINT('',(-165.198157927254,8.75000000000002,-41.4441673247225));
#6644=DIRECTION('',(0.258819045102521,0.,-0.965925826289068));
#6645=DIRECTION('',(-0.909071506026503,0.338016799058204,-0.243584975901946));
#6646=CARTESIAN_POINT('',(-227.959638711271,11.216140088608,-43.2559006404402));
#6647=CARTESIAN_POINT('',(-171.959638711278,11.216140088608,-43.2559006404402));
#6648=VECTOR('',#6649,1.);
#6649=DIRECTION('',(-1.,0.,-1.26882631385748E-16));
#6650=CARTESIAN_POINT('',(-227.959638711271,14.,-43.2559006404402));
#6651=VECTOR('',#6652,1.);
#6652=DIRECTION('',(0.,-1.,0.));
#6653=CARTESIAN_POINT('',(-233.602342373096,11.5,-45.));
#6654=CARTESIAN_POINT('',(-235.959133622371,11.5,-47.2552272476216));
#6655=AXIS2_PLACEMENT_3D('',#6656,#6657,#6658);
#6656=CARTESIAN_POINT('',(-227.959638711271,11.5,-53.2559006404402));
#6657=DIRECTION('',(0.,-1.,0.));
#6658=DIRECTION('',(-0.564270366182546,0.,0.825590064044024));
#6659=CARTESIAN_POINT('',(-237.959638711271,6.60050506338837,-53.2559006404402));
#6660=CARTESIAN_POINT('',(-235.959133622371,11.5,-47.2552272476215));
#6661=CARTESIAN_POINT('',(-235.989068574914,11.4694538656481,-47.2951336955006));
#6662=CARTESIAN_POINT('',(-236.048360562167,11.4078289075183,-47.3754231790419));
#6663=CARTESIAN_POINT('',(-236.135278557859,11.3141229004707,-47.4968771578602));
#6664=CARTESIAN_POINT('',(-236.220384768222,11.218943916807,-47.6196332398399));
#6665=CARTESIAN_POINT('',(-236.303512514028,11.1224960808201,-47.7434445660541));
#6666=CARTESIAN_POINT('',(-236.384650725351,11.0248238491825,-47.8682723914018));
#6667=CARTESIAN_POINT('',(-236.463767469052,10.9259991956189,-47.994042743659));
#6668=CARTESIAN_POINT('',(-236.540978381812,10.8259004925914,-48.1209265077393));
#6669=CARTESIAN_POINT('',(-236.616219087404,10.7246287352746,-48.2488106094317));
#6670=CARTESIAN_POINT('',(-236.689590510307,10.6220652119477,-48.3778596355965));
#6671=CARTESIAN_POINT('',(-236.76111393141,10.5181828234249,-48.5081203663406));
#6672=CARTESIAN_POINT('',(-236.830976275918,10.4126890066958,-48.6399697144755));
#6673=CARTESIAN_POINT('',(-236.899075610737,10.3057002422625,-48.7732706261542));
#6674=CARTESIAN_POINT('',(-236.965514799753,10.1970137768574,-48.908284218831));
#6675=CARTESIAN_POINT('',(-237.030192245024,10.0867437399761,-49.0448765441497));
#6676=CARTESIAN_POINT('',(-237.093191096957,9.97468158480333,-49.1833129826777));
#6677=CARTESIAN_POINT('',(-237.154285247262,9.86116670111755,-49.3231821103218));
#6678=CARTESIAN_POINT('',(-237.213553459435,9.74600269935807,-49.4647351340641));
#6679=CARTESIAN_POINT('',(-237.270948676886,9.62921056038129,-49.607954429856));
#6680=CARTESIAN_POINT('',(-237.326675149617,9.51025546992116,-49.7535016873818));
#6681=CARTESIAN_POINT('',(-237.380550097789,9.38937438538862,-49.9010917814067));
#6682=CARTESIAN_POINT('',(-237.438632185896,9.25209805053008,-50.0683618093936));
#6683=CARTESIAN_POINT('',(-237.505399817886,9.08385966791589,-50.2728995257155));
#6684=CARTESIAN_POINT('',(-237.578256108688,8.88336240917221,-50.516003263668));
#6685=CARTESIAN_POINT('',(-237.644971231931,8.67916366809179,-50.762930961487));
#6686=CARTESIAN_POINT('',(-237.697465750243,8.50069010933552,-50.9782849668656));
#6687=CARTESIAN_POINT('',(-237.738187634621,8.34922631139584,-51.1607683116902));
#6688=CARTESIAN_POINT('',(-237.772496100997,8.21042210848482,-51.3277958481911));
#6689=CARTESIAN_POINT('',(-237.804183162166,8.0699252792829,-51.4966710653504));
#6690=CARTESIAN_POINT('',(-237.833217300045,7.92753412876763,-51.6676485212926));
#6691=CARTESIAN_POINT('',(-237.859412837254,7.78383573274045,-51.8400367238659));
#6692=CARTESIAN_POINT('',(-237.882710385032,7.63890643675231,-52.0137592161805));
#6693=CARTESIAN_POINT('',(-237.903024606814,7.4930604270356,-52.1884553439445));
#6694=CARTESIAN_POINT('',(-237.920344746894,7.34609345542409,-52.36438595904));
#6695=CARTESIAN_POINT('',(-237.934598707842,7.19826591610612,-52.5412558715484));
#6696=CARTESIAN_POINT('',(-237.945749653963,7.04959399035228,-52.7190628727566));
#6697=CARTESIAN_POINT('',(-237.953748209114,6.9003454315906,-52.8975043297517));
#6698=CARTESIAN_POINT('',(-237.958566348362,6.75055214100793,-53.0765600833208));
#6699=CARTESIAN_POINT('',(-237.959638643669,6.6505591620107,-53.1960745453177));
#6700=CARTESIAN_POINT('',(-237.959638711271,6.60050506338981,-53.2559006404334));
#6701=CARTESIAN_POINT('',(-237.959638711271,14.,-53.2559006404402));
#6702=VECTOR('',#6703,1.);
#6703=DIRECTION('',(0.,-1.,0.));
#6704=CARTESIAN_POINT('',(-227.959638711271,11.216140088608,-43.2559006404402));
#6705=CARTESIAN_POINT('',(-227.997943800194,11.2161400190742,-43.2559006897172));
#6706=CARTESIAN_POINT('',(-228.074100601958,11.2162866181575,-43.2563386612636));
#6707=CARTESIAN_POINT('',(-228.187533912883,11.2169371902002,-43.2582857275538));
#6708=CARTESIAN_POINT('',(-228.299562799941,11.2180004268456,-43.2614728037011));
#6709=CARTESIAN_POINT('',(-228.41034277037,11.2194603806074,-43.2658597542517));
#6710=CARTESIAN_POINT('',(-228.520103164744,11.2213045126336,-43.2714187747125));
#6711=CARTESIAN_POINT('',(-228.629222882144,11.2235268066431,-43.2781442171085));
#6712=CARTESIAN_POINT('',(-228.738067554165,11.2261253212059,-43.2860453176979));
#6713=CARTESIAN_POINT('',(-228.846914560924,11.2291004048783,-43.2951411824053));
#6714=CARTESIAN_POINT('',(-228.956536422442,11.2324706396439,-43.3055102358036));
#6715=CARTESIAN_POINT('',(-229.067520232339,11.2362582678108,-43.3172473626473));
#6716=CARTESIAN_POINT('',(-229.181040523442,11.2405153420414,-43.3305474299129));
#6717=CARTESIAN_POINT('',(-229.297027870839,11.2452564917362,-43.3454981851202));
#6718=CARTESIAN_POINT('',(-229.416135849033,11.2505254506691,-43.3622891392651));
#6719=CARTESIAN_POINT('',(-229.53783281877,11.2563145336375,-43.3809573772604));
#6720=CARTESIAN_POINT('',(-229.66243964842,11.2626520666767,-43.4016681449464));
#6721=CARTESIAN_POINT('',(-229.788784892118,11.2694840561773,-43.4243282934586));
#6722=CARTESIAN_POINT('',(-229.917445101949,11.2768395452671,-43.4491275076438));
#6723=CARTESIAN_POINT('',(-230.048434055775,11.2847176758443,-43.4761730675843));
#6724=CARTESIAN_POINT('',(-230.183233742188,11.293209503111,-43.5059179694098));
#6725=CARTESIAN_POINT('',(-230.321102950992,11.302268780012,-43.5383712010794));
#6726=CARTESIAN_POINT('',(-230.462782676361,11.3119361835376,-43.5738789198191));
#6727=CARTESIAN_POINT('',(-230.60761926879,11.3221529822131,-43.6124602908528));
#6728=CARTESIAN_POINT('',(-230.7564017254,11.3329534828324,-43.6545312724846));
#6729=CARTESIAN_POINT('',(-230.907572724975,11.344191342639,-43.6998462001013));
#6730=CARTESIAN_POINT('',(-231.061423284424,11.3558402585636,-43.7486536031952));
#6731=CARTESIAN_POINT('',(-231.217523106031,11.3678106049179,-43.8009828474467));
#6732=CARTESIAN_POINT('',(-231.377276502893,11.3801425902532,-43.8575189534736));
#6733=CARTESIAN_POINT('',(-231.539760575608,11.3926837052367,-43.918179831528));
#6734=CARTESIAN_POINT('',(-231.705479827474,11.4053739377953,-43.9833901346));
#6735=CARTESIAN_POINT('',(-231.873535350047,11.4180294859546,-44.0530343468823));
#6736=CARTESIAN_POINT('',(-232.044461678802,11.4305546284828,-44.1275901599532));
#6737=CARTESIAN_POINT('',(-232.216686225556,11.4426812973482,-44.2066063714453));
#6738=CARTESIAN_POINT('',(-232.390003664004,11.4542300578754,-44.2901702778968));
#6739=CARTESIAN_POINT('',(-232.563597414985,11.4649717563263,-44.3780421783114));
#6740=CARTESIAN_POINT('',(-232.73796704926,11.4747431212199,-44.4706437876512));
#6741=CARTESIAN_POINT('',(-232.912335506927,11.4832893681113,-44.567734207952));
#6742=CARTESIAN_POINT('',(-233.086547251287,11.4903812049176,-44.6693725855635));
#6743=CARTESIAN_POINT('',(-233.259864395409,11.4957607643194,-44.7752475881833));
#6744=CARTESIAN_POINT('',(-233.432143077198,11.4991870227721,-44.8853749593059));
#6745=CARTESIAN_POINT('',(-233.545783309901,11.4999994819702,-44.9613432041976));
#6746=CARTESIAN_POINT('',(-233.602342373096,11.5,-45.));
#6747=CARTESIAN_POINT('',(-237.959638711271,6.60050506338837,-50.0141692900066));
#6748=CARTESIAN_POINT('',(-237.959638711271,6.60050506338837,-50.0141692900066));
#6749=VECTOR('',#6750,1.);
#6750=DIRECTION('',(0.,0.,-1.));
#6751=CARTESIAN_POINT('',(-237.959638711271,6.00000000000003,-50.05));
#6752=AXIS2_PLACEMENT_3D('',#6753,#6754,#6755);
#6753=CARTESIAN_POINT('',(-237.959638711271,6.00000000000003,-45.));
#6754=DIRECTION('',(-1.,0.,0.));
#6755=DIRECTION('',(0.,0.118911893740264,-0.992904809902291));
#6756=CARTESIAN_POINT('',(-237.959638711271,5.3994949366117,-50.0141692900066));
#6757=AXIS2_PLACEMENT_3D('',#6758,#6759,#6760);
#6758=CARTESIAN_POINT('',(-237.959638711271,6.00000000000003,-45.));
#6759=DIRECTION('',(-1.,0.,0.));
#6760=DIRECTION('',(0.,0.,-1.));
#6761=CARTESIAN_POINT('',(-237.959638711271,5.39949493661167,-53.2559006404402));
#6762=CARTESIAN_POINT('',(-237.959638711271,5.39949493661167,-53.2559006404402));
#6763=VECTOR('',#6764,1.);
#6764=DIRECTION('',(0.,6.30160289203809E-15,1.));
#6765=CARTESIAN_POINT('',(-237.959638711271,-0.708497377870628,-53.2559006404402));
#6766=CARTESIAN_POINT('',(-237.959638711271,5.39949493661169,-53.2559006404402));
#6767=VECTOR('',#6768,1.);
#6768=DIRECTION('',(0.,-1.,1.16329998332737E-15));
#6769=CARTESIAN_POINT('',(-237.959638711271,-0.708497377870632,-81.1592521587644));
#6770=CARTESIAN_POINT('',(-237.95963871127,-0.708497377870632,-81.1592521587644));
#6771=VECTOR('',#6772,1.);
#6772=DIRECTION('',(-1.32414997658117E-14,-9.54915848496038E-17,1.));
#6773=CARTESIAN_POINT('',(-237.959638711271,1.08485662137919,-81.1592521587644));
#6774=CARTESIAN_POINT('',(-237.959638711271,1.08485662137919,-81.1592521587644));
#6775=VECTOR('',#6776,1.);
#6776=DIRECTION('',(0.,-1.,0.));
#6777=CARTESIAN_POINT('',(-237.959638711271,10.9151433786209,-81.1592521587644));
#6778=AXIS2_PLACEMENT_3D('',#6779,#6780,#6781);
#6779=CARTESIAN_POINT('',(-237.959638711271,6.00000000000003,-80.));
#6780=DIRECTION('',(-1.,0.,0.));
#6781=DIRECTION('',(0.,-0.973295718538779,-0.229554882923633));
#6782=CARTESIAN_POINT('',(-237.959638711271,14.,-81.1592521587644));
#6783=VECTOR('',#6784,1.);
#6784=DIRECTION('',(0.,-1.,0.));
#6785=CARTESIAN_POINT('',(-237.959638711271,6.00000000000003,-67.55));
#6786=AXIS2_PLACEMENT_3D('',#6787,#6788,#6789);
#6787=CARTESIAN_POINT('',(-237.959638711271,6.00000000000003,-62.5));
#6788=DIRECTION('',(-1.,0.,0.));
#6789=DIRECTION('',(0.,0.,-1.));
#6790=CARTESIAN_POINT('',(-241.007300938712,-2.90665742717982,-85.7623356059593));
#6791=CARTESIAN_POINT('',(-237.959638710687,-0.708497377705308,-81.1592521669495));
#6792=CARTESIAN_POINT('',(-237.959638704321,-0.708497388789736,-81.1773862755678));
#6793=CARTESIAN_POINT('',(-237.959817384623,-0.708548016372392,-81.2102296375791));
#6794=CARTESIAN_POINT('',(-237.960494787163,-0.708740107667283,-81.2545198620595));
#6795=CARTESIAN_POINT('',(-237.96136894989,-0.708988131320106,-81.2922879096178));
#6796=CARTESIAN_POINT('',(-237.962554583249,-0.709324752452819,-81.3317157628951));
#6797=CARTESIAN_POINT('',(-237.964279937119,-0.709815083779529,-81.3765540155815));
#6798=CARTESIAN_POINT('',(-237.966731100127,-0.710512763186364,-81.4271202973114));
#6799=CARTESIAN_POINT('',(-237.969560160242,-0.711319587674608,-81.4752513926883));
#6800=CARTESIAN_POINT('',(-237.972690359136,-0.712214247314237,-81.5211368957919));
#6801=CARTESIAN_POINT('',(-237.976098806873,-0.713190592076859,-81.56548961716));
#6802=CARTESIAN_POINT('',(-237.980120418149,-0.714345615457355,-81.6122173922939));
#6803=CARTESIAN_POINT('',(-237.984892257813,-0.715720378661522,-81.6620181539487));
#6804=CARTESIAN_POINT('',(-237.990469130968,-0.717332921907878,-81.7145445933587));
#6805=CARTESIAN_POINT('',(-237.997028499756,-0.719237690004065,-81.7704925004024));
#6806=CARTESIAN_POINT('',(-238.004551267528,-0.721433086304914,-81.8288173384142));
#6807=CARTESIAN_POINT('',(-238.013204143501,-0.723972619456743,-81.8900784942739));
#6808=CARTESIAN_POINT('',(-238.023072263534,-0.72688742746724,-81.9541100327615));
#6809=CARTESIAN_POINT('',(-238.034516997426,-0.730292914445183,-82.0223073724029));
#6810=CARTESIAN_POINT('',(-238.047581158018,-0.734213267509601,-82.0938979925221));
#6811=CARTESIAN_POINT('',(-238.062555458408,-0.73875019925448,-82.1695199457477));
#6812=CARTESIAN_POINT('',(-238.079464701855,-0.743928985502758,-82.248378548243));
#6813=CARTESIAN_POINT('',(-238.098639943223,-0.749873792070618,-82.3310860613488));
#6814=CARTESIAN_POINT('',(-238.119928584522,-0.756563911180922,-82.4161784961894));
#6815=CARTESIAN_POINT('',(-238.143499406439,-0.764082165634079,-82.5037221807354));
#6816=CARTESIAN_POINT('',(-238.16932364667,-0.772452933026467,-82.5930810105498));
#6817=CARTESIAN_POINT('',(-238.197799236791,-0.781846468364664,-82.6850530742387));
#6818=CARTESIAN_POINT('',(-238.228852214768,-0.792286970714147,-82.778822730504));
#6819=CARTESIAN_POINT('',(-238.26266197418,-0.803889317900272,-82.8744489820038));
#6820=CARTESIAN_POINT('',(-238.299096199955,-0.816667650960488,-82.9711539516736));
#6821=CARTESIAN_POINT('',(-238.342788034312,-0.83235076726507,-83.0801571929356));
#6822=CARTESIAN_POINT('',(-238.394350030823,-0.851389741353735,-83.2000757746988));
#6823=CARTESIAN_POINT('',(-238.454596732956,-0.874415090764047,-83.3298317392719));
#6824=CARTESIAN_POINT('',(-238.513110403634,-0.897594159705571,-83.4469625369153));
#6825=CARTESIAN_POINT('',(-238.568798880794,-0.920387763421596,-83.5518063361581));
#6826=CARTESIAN_POINT('',(-238.620584011594,-0.942193606201214,-83.6444756439865));
#6827=CARTESIAN_POINT('',(-238.673861899478,-0.965283287608788,-83.7352507905302));
#6828=CARTESIAN_POINT('',(-238.728366440014,-0.989601427747599,-83.8238154760001));
#6829=CARTESIAN_POINT('',(-238.784062567843,-1.01518946802294,-83.9102599043516));
#6830=CARTESIAN_POINT('',(-238.842515755857,-1.04284683271231,-83.9970362426891));
#6831=CARTESIAN_POINT('',(-238.905676387998,-1.07366960335393,-84.0866553791024));
#6832=CARTESIAN_POINT('',(-238.983344493864,-1.1128756178127,-84.1917084465248));
#6833=CARTESIAN_POINT('',(-239.082438010799,-1.165068433276,-84.3181072684221));
#6834=CARTESIAN_POINT('',(-239.202016411878,-1.23169326707587,-84.4597074641417));
#6835=CARTESIAN_POINT('',(-239.323026754518,-1.30347769419174,-84.5921373379357));
#6836=CARTESIAN_POINT('',(-239.435489453331,-1.37405775931193,-84.7071294770915));
#6837=CARTESIAN_POINT('',(-239.547710616734,-1.44803143760913,-84.815383847158));
#6838=CARTESIAN_POINT('',(-239.667238018749,-1.53126846178054,-84.9235169451545));
#6839=CARTESIAN_POINT('',(-239.783512157748,-1.61728618591724,-85.0217457007155));
#6840=CARTESIAN_POINT('',(-239.876198906781,-1.68950751749453,-85.0956921518018));
#6841=CARTESIAN_POINT('',(-239.94707135395,-1.74678742495946,-85.1500313774621));
#6842=CARTESIAN_POINT('',(-240.013640530442,-1.80215879998659,-85.1995010829892));
#6843=CARTESIAN_POINT('',(-240.093280400562,-1.87066894909183,-85.2565668340484));
#6844=CARTESIAN_POINT('',(-240.191981137387,-1.9593546003881,-85.3240701348552));
#6845=CARTESIAN_POINT('',(-240.295721715818,-2.05769147659143,-85.3911264628722));
#6846=CARTESIAN_POINT('',(-240.390947296163,-2.15295788578583,-85.4493649341435));
#6847=CARTESIAN_POINT('',(-240.465263762516,-2.23066091621523,-85.4928329851968));
#6848=CARTESIAN_POINT('',(-240.525656302471,-2.29600032899868,-85.5269729535609));
#6849=CARTESIAN_POINT('',(-240.578664217203,-2.35504232480433,-85.5560857529914));
#6850=CARTESIAN_POINT('',(-240.630583593515,-2.41457321720577,-85.5837999836757));
#6851=CARTESIAN_POINT('',(-240.681261575141,-2.47438822309265,-85.6101008365018));
#6852=CARTESIAN_POINT('',(-240.730725577476,-2.5344821623967,-85.6350688737726));
#6853=CARTESIAN_POINT('',(-240.778891376639,-2.59470657098691,-85.6587267751947));
#6854=CARTESIAN_POINT('',(-240.826038507767,-2.65537542497195,-85.681269027628));
#6855=CARTESIAN_POINT('',(-240.872340313822,-2.71670280221138,-85.7028232285944));
#6856=CARTESIAN_POINT('',(-240.917999525082,-2.77897293662091,-85.7235189194979));
#6857=CARTESIAN_POINT('',(-240.963047451472,-2.84225798244271,-85.7434006847849));
#6858=CARTESIAN_POINT('',(-240.992615702646,-2.8850677971997,-85.7561070407892));
#6859=CARTESIAN_POINT('',(-241.007300938307,-2.90665742720798,-85.7623356059593));
#6860=CARTESIAN_POINT('',(-241.007300938712,14.,-85.7623356059593));
#6861=VECTOR('',#6862,1.);
#6862=DIRECTION('',(0.,-1.,0.));
#6863=CARTESIAN_POINT('',(-239.81924363452,6.00000000000003,-85.05));
#6864=CARTESIAN_POINT('',(-239.819243634325,6.00000000000003,-85.0499999997036));
#6865=CARTESIAN_POINT('',(-239.819244466129,6.03440413837155,-85.0500000173579));
#6866=CARTESIAN_POINT('',(-239.818374921412,6.10283617138392,-85.0492993633845));
#6867=CARTESIAN_POINT('',(-239.814524863615,6.20472201575408,-85.0461882270237));
#6868=CARTESIAN_POINT('',(-239.80820365359,6.3058365601518,-85.0410672028743));
#6869=CARTESIAN_POINT('',(-239.799429182315,6.40677970130366,-85.033930295064));
#6870=CARTESIAN_POINT('',(-239.788178177036,6.50798208930695,-85.0247307377225));
#6871=CARTESIAN_POINT('',(-239.774472422356,6.60933997937169,-85.0134498576795));
#6872=CARTESIAN_POINT('',(-239.75840293636,6.71047591513606,-85.0001187747628));
#6873=CARTESIAN_POINT('',(-239.740083890266,6.81110473821627,-84.9847822920989));
#6874=CARTESIAN_POINT('',(-239.719597507838,6.91122853984884,-84.9674536854853));
#6875=CARTESIAN_POINT('',(-239.697019104398,7.01088622324515,-84.9481353995255));
#6876=CARTESIAN_POINT('',(-239.672383686298,7.11026642794441,-84.9267897759182));
#6877=CARTESIAN_POINT('',(-239.645775585075,7.20932724837391,-84.9034159805385));
#6878=CARTESIAN_POINT('',(-239.617219328961,7.30825652409778,-84.8779556748844));
#6879=CARTESIAN_POINT('',(-239.586789156251,7.40703936710282,-84.8503884973588));
#6880=CARTESIAN_POINT('',(-239.554489148762,7.50587477614415,-84.8206235593105));
#6881=CARTESIAN_POINT('',(-239.520491812678,7.60444915966008,-84.7887198084002));
#6882=CARTESIAN_POINT('',(-239.484825010719,7.70291320731187,-84.7545997687971));
#6883=CARTESIAN_POINT('',(-239.447571288451,7.80124651879538,-84.7182318149521));
#6884=CARTESIAN_POINT('',(-239.404182397242,7.9111485907087,-84.6749581682718));
#6885=CARTESIAN_POINT('',(-239.354256228398,8.03212113740906,-84.6238400483392));
#6886=CARTESIAN_POINT('',(-239.297451345188,8.16367072655439,-84.5637768957741));
#6887=CARTESIAN_POINT('',(-239.243488632947,8.28371112022297,-84.504740846309));
#6888=CARTESIAN_POINT('',(-239.193104307649,8.39233881858614,-84.4478453704412));
#6889=CARTESIAN_POINT('',(-239.144937872726,8.49366888518992,-84.3918983613685));
#6890=CARTESIAN_POINT('',(-239.092408069375,8.60160404880326,-84.3289670217071));
#6891=CARTESIAN_POINT('',(-239.026384941512,8.73412599298878,-84.2469923249509));
#6892=CARTESIAN_POINT('',(-238.948735771218,8.88589809378359,-84.1458419909026));
#6893=CARTESIAN_POINT('',(-238.861729831495,9.05167901146502,-84.0253991808437));
#6894=CARTESIAN_POINT('',(-238.784190678354,9.19649810337548,-83.9109033117245));
#6895=CARTESIAN_POINT('',(-238.718224017496,9.31818198278156,-83.8076700236902));
#6896=CARTESIAN_POINT('',(-238.665517129505,9.41468979778005,-83.7212156185198));
#6897=CARTESIAN_POINT('',(-238.617225017645,9.50269061907593,-83.6384300307234));
#6898=CARTESIAN_POINT('',(-238.566743539006,9.59441038935511,-83.5480729150501));
#6899=CARTESIAN_POINT('',(-238.51285833622,9.69216294931035,-83.446487449947));
#6900=CARTESIAN_POINT('',(-238.456272792144,9.79493012029655,-83.3329855460583));
#6901=CARTESIAN_POINT('',(-238.405260305273,9.88795886193518,-83.2237717456862));
#6902=CARTESIAN_POINT('',(-238.358274541271,9.97421399287312,-83.1166886358243));
#6903=CARTESIAN_POINT('',(-238.308942039552,10.0655641973678,-82.9971130772818));
#6904=CARTESIAN_POINT('',(-238.250904692552,10.1746171487767,-82.8443635545316));
#6905=CARTESIAN_POINT('',(-238.189564236907,10.2930296842409,-82.6626974931802));
#6906=CARTESIAN_POINT('',(-238.137430752496,10.3979375000319,-82.4845510525001));
#6907=CARTESIAN_POINT('',(-238.101201487154,10.4744072568018,-82.3426363965187));
#6908=CARTESIAN_POINT('',(-238.076560211596,10.5286083124722,-82.2355134942934));
#6909=CARTESIAN_POINT('',(-238.057727855069,10.5716113419877,-82.1461870314886));
#6910=CARTESIAN_POINT('',(-238.040591392807,10.6124806989954,-82.0568657864456));
#6911=CARTESIAN_POINT('',(-238.025168335071,10.6511783303785,-81.9677796396157));
#6912=CARTESIAN_POINT('',(-238.011373490754,10.6879259458285,-81.878545024294));
#6913=CARTESIAN_POINT('',(-237.999201594001,10.722760794182,-81.7891591576311));
#6914=CARTESIAN_POINT('',(-237.988634506204,10.7557685946186,-81.6994682460777));
#6915=CARTESIAN_POINT('',(-237.979701758571,10.7868820042207,-81.6097360191223));
#6916=CARTESIAN_POINT('',(-237.972387766798,10.8161705716449,-81.5198559814758));
#6917=CARTESIAN_POINT('',(-237.966697798046,10.8436360151115,-81.4299056093845));
#6918=CARTESIAN_POINT('',(-237.962628041806,10.86932942983,-81.3397919626451));
#6919=CARTESIAN_POINT('',(-237.960185175847,10.8932328116,-81.2496632050185));
#6920=CARTESIAN_POINT('',(-237.959638657098,10.9080373698243,-81.1893814224503));
#6921=CARTESIAN_POINT('',(-237.959638711271,10.9151433786209,-81.1592521587644));
#6922=CARTESIAN_POINT('',(-237.959638711271,1.0848566213792,-81.1592521587644));
#6923=CARTESIAN_POINT('',(-237.959638678779,1.09376643761192,-81.1970294921489));
#6924=CARTESIAN_POINT('',(-237.960498144166,1.11250255634975,-81.2725556406974));
#6925=CARTESIAN_POINT('',(-237.96432495972,1.14323549366817,-81.3852458593188));
#6926=CARTESIAN_POINT('',(-237.970688272318,1.17674858439715,-81.4977864788653));
#6927=CARTESIAN_POINT('',(-237.979573053861,1.21302997992609,-81.6099934744791));
#6928=CARTESIAN_POINT('',(-237.990976098026,1.2521399258644,-81.7219254325218));
#6929=CARTESIAN_POINT('',(-238.0048632884,1.29403609067401,-81.8333449542822));
#6930=CARTESIAN_POINT('',(-238.021226090318,1.33876813752903,-81.9442742484609));
#6931=CARTESIAN_POINT('',(-238.039987726843,1.38621531504835,-82.0543346612085));
#6932=CARTESIAN_POINT('',(-238.061097887834,1.43635587410197,-82.1634364281368));
#6933=CARTESIAN_POINT('',(-238.084469414665,1.48909364929592,-82.2713518424337));
#6934=CARTESIAN_POINT('',(-238.110054964515,1.54443189886923,-82.3780728131065));
#6935=CARTESIAN_POINT('',(-238.137740072162,1.60223656719654,-82.4833403619979));
#6936=CARTESIAN_POINT('',(-238.167412752978,1.66239526851756,-82.5869779288268));
#6937=CARTESIAN_POINT('',(-238.198940528894,1.72476597955015,-82.6887931302184));
#6938=CARTESIAN_POINT('',(-238.232213925732,1.78925923961619,-82.7887013976018));
#6939=CARTESIAN_POINT('',(-238.267116653544,1.85577647644795,-82.8866171288684));
#6940=CARTESIAN_POINT('',(-238.304907355293,1.92680679023577,-82.9860912136526));
#6941=CARTESIAN_POINT('',(-238.347134288907,2.00524544714665,-83.0904181247336));
#6942=CARTESIAN_POINT('',(-238.401610466907,2.10543291590074,-83.216413298288));
#6943=CARTESIAN_POINT('',(-238.474546584077,2.23837448190504,-83.3721211077859));
#6944=CARTESIAN_POINT('',(-238.564952095729,2.40228679167553,-83.5469150276555));
#6945=CARTESIAN_POINT('',(-238.656460913227,2.56861856983266,-83.707262391942));
#6946=CARTESIAN_POINT('',(-238.731529571971,2.70624010096219,-83.8290244061119));
#6947=CARTESIAN_POINT('',(-238.790043891676,2.8145195484005,-83.91917947619));
#6948=CARTESIAN_POINT('',(-238.845686483927,2.91842183093666,-84.001609786747));
#6949=CARTESIAN_POINT('',(-238.907321584582,3.03497366510186,-84.0889509813178));
#6950=CARTESIAN_POINT('',(-238.974779406796,3.16481307472994,-84.1800215504829));
#6951=CARTESIAN_POINT('',(-239.041990681644,3.29694320890801,-84.2666472976847));
#6952=CARTESIAN_POINT('',(-239.114120755796,3.44230730524579,-84.3555862714499));
#6953=CARTESIAN_POINT('',(-239.196071120486,3.61288679561384,-84.451931271159));
#6954=CARTESIAN_POINT('',(-239.281452151419,3.79919838794621,-84.5469287557436));
#6955=CARTESIAN_POINT('',(-239.358816076047,3.97814828853354,-84.6287323505503));
#6956=CARTESIAN_POINT('',(-239.418297740096,4.12379019581938,-84.6892149894608));
#6957=CARTESIAN_POINT('',(-239.465765681528,4.24607557744032,-84.7361198724693));
#6958=CARTESIAN_POINT('',(-239.506283174712,4.35558717077243,-84.7752338934124));
#6959=CARTESIAN_POINT('',(-239.544545507928,4.46458434553891,-84.8113740081637));
#6960=CARTESIAN_POINT('',(-239.580120862469,4.57193096665939,-84.8443002342492));
#6961=CARTESIAN_POINT('',(-239.612957704929,4.67741665637041,-84.874130007698));
#6962=CARTESIAN_POINT('',(-239.642756391327,4.77983036442049,-84.9007451371498));
#6963=CARTESIAN_POINT('',(-239.669865237207,4.88003448478327,-84.9245912665227));
#6964=CARTESIAN_POINT('',(-239.694107910654,4.97701710506223,-84.9456243032383));
#6965=CARTESIAN_POINT('',(-239.715628016524,5.07080157438484,-84.9640682264833));
#6966=CARTESIAN_POINT('',(-239.734191447726,5.15943403442099,-84.9798095072259));
#6967=CARTESIAN_POINT('',(-239.75025595407,5.24391821641342,-84.993308259856));
#6968=CARTESIAN_POINT('',(-239.763888947157,5.32340225409579,-85.0046744475305));
#6969=CARTESIAN_POINT('',(-239.775488234165,5.39893398639307,-85.0142810755557));
#6970=CARTESIAN_POINT('',(-239.785146627165,5.46967660370717,-85.022235874073));
#6971=CARTESIAN_POINT('',(-239.79328781001,5.53737059547205,-85.0289100779861));
#6972=CARTESIAN_POINT('',(-239.800058317922,5.60213752934832,-85.0344389651611));
#6973=CARTESIAN_POINT('',(-239.805653495241,5.66487605699752,-85.0389932657243));
#6974=CARTESIAN_POINT('',(-239.810116805331,5.72490870424215,-85.042616714093));
#6975=CARTESIAN_POINT('',(-239.813604000107,5.78297968694254,-85.0454418815087));
#6976=CARTESIAN_POINT('',(-239.816195199977,5.83909677554455,-85.0475378299557));
#6977=CARTESIAN_POINT('',(-239.81798250561,5.89391580814632,-85.0489818751312));
#6978=CARTESIAN_POINT('',(-239.819017439933,5.94732477956006,-85.0498174661287));
#6979=CARTESIAN_POINT('',(-239.819243707783,5.9825746288898,-85.0500000121234));
#6980=CARTESIAN_POINT('',(-239.819243634588,6.00000000000003,-85.0499999999161));
#6981=CARTESIAN_POINT('',(-241.007300938712,-9.09334257157222,-85.7623356059593));
#6982=CARTESIAN_POINT('',(-241.007300938712,-2.90665742842765,-85.7623356059593));
#6983=CARTESIAN_POINT('',(-242.318511017622,-4.83432641759763,-86.3184682492586));
#6984=CARTESIAN_POINT('',(-242.318511017622,-7.16567358240223,-86.3184682492586));
#6985=CARTESIAN_POINT('',(-241.007300938712,-9.09334257157221,-85.7623356059593));
#6986=CARTESIAN_POINT('',(-241.007300938712,-14.,-85.7623356059593));
#6987=CARTESIAN_POINT('',(-241.007300938712,-9.09334257157222,-85.7623356059593));
#6988=VECTOR('',#6989,1.);
#6989=DIRECTION('',(0.,-1.,0.));
#6990=CARTESIAN_POINT('',(-247.007300938712,-14.,-88.3071573042259));
#6991=CARTESIAN_POINT('',(-247.007300938712,-14.,-88.3071573042259));
#6992=VECTOR('',#6993,1.);
#6993=DIRECTION('',(0.920616689438984,0.,0.390467554511774));
#6994=CARTESIAN_POINT('',(-247.007300938712,14.,-88.3071573042259));
#6995=VECTOR('',#6996,1.);
#6996=DIRECTION('',(0.,-1.,0.));
#6997=CARTESIAN_POINT('',(-253.959638711271,10.1330783780739,-83.7040738570274));
#6998=CARTESIAN_POINT('',(-253.959638711271,1.86692162192614,-83.7040738570274));
#6999=CARTESIAN_POINT('',(-253.959638711271,10.1330783793493,-83.7040738570309));
#7000=CARTESIAN_POINT('',(-253.959642928873,10.11488911608,-83.7236793638571));
#7001=CARTESIAN_POINT('',(-253.959291146955,10.0603355101678,-83.7825482852987));
#7002=CARTESIAN_POINT('',(-253.956035851403,9.93272028863908,-83.9196762731685));
#7003=CARTESIAN_POINT('',(-253.942935294705,9.69995987257564,-84.1416692508689));
#7004=CARTESIAN_POINT('',(-253.918054177727,9.4369351776148,-84.3596961710959));
#7005=CARTESIAN_POINT('',(-253.88251245406,9.1224781746117,-84.5866493802948));
#7006=CARTESIAN_POINT('',(-253.846503351588,8.83398391336347,-84.7680998952044));
#7007=CARTESIAN_POINT('',(-253.795885655588,8.43692416975708,-84.9788222247442));
#7008=CARTESIAN_POINT('',(-253.741636127236,7.99478471106096,-85.168953205984));
#7009=CARTESIAN_POINT('',(-253.695323703376,7.55072726644585,-85.309526076145));
#7010=CARTESIAN_POINT('',(-253.668312825185,7.22651958798767,-85.386089839596));
#7011=CARTESIAN_POINT('',(-253.654356078884,7.02939116573755,-85.4245135184956));
#7012=CARTESIAN_POINT('',(-253.644955423604,6.87741920644755,-85.4499298753785));
#7013=CARTESIAN_POINT('',(-253.638173792106,6.74808031331751,-85.4679881094659));
#7014=CARTESIAN_POINT('',(-253.633373653874,6.64142265527608,-85.4806533576503));
#7015=CARTESIAN_POINT('',(-253.63005824492,6.55782487042468,-85.4893486839403));
#7016=CARTESIAN_POINT('',(-253.627582633602,6.48548264736228,-85.4958079172158));
#7017=CARTESIAN_POINT('',(-253.625757769432,6.42436711145336,-85.5005532009764));
#7018=CARTESIAN_POINT('',(-253.624432638005,6.37454041113649,-85.5039909627283));
#7019=CARTESIAN_POINT('',(-253.623270359621,6.32468212748055,-85.5070000423831));
#7020=CARTESIAN_POINT('',(-253.622272183458,6.27480201608012,-85.5095796680245));
#7021=CARTESIAN_POINT('',(-253.621512582486,6.22929247523293,-85.5115397823045));
#7022=CARTESIAN_POINT('',(-253.620944581086,6.18813953871106,-85.5130039635795));
#7023=CARTESIAN_POINT('',(-253.620526928768,6.15134536689804,-85.5140797612691));
#7024=CARTESIAN_POINT('',(-253.620199555526,6.11454180580285,-85.5149225022411));
#7025=CARTESIAN_POINT('',(-253.619962645618,6.0777323585866,-85.5155320864148));
#7026=CARTESIAN_POINT('',(-253.619816360802,6.04092115495115,-85.5159083684579));
#7027=CARTESIAN_POINT('',(-253.619777294674,6.01501092918691,-85.5160088403586));
#7028=CARTESIAN_POINT('',(-253.619775416497,6.00137092997338,-85.5160136707301));
#7029=CARTESIAN_POINT('',(-253.619775416548,6.00000000000003,-85.5160136706375));
#7030=CARTESIAN_POINT('',(-253.619775415816,5.99231147496275,-85.5160136703064));
#7031=CARTESIAN_POINT('',(-253.619790638465,5.97261907686811,-85.5159745232519));
#7032=CARTESIAN_POINT('',(-253.619877854848,5.94091965740015,-85.5157501997836));
#7033=CARTESIAN_POINT('',(-253.62006372364,5.90490495351954,-85.5152720336371));
#7034=CARTESIAN_POINT('',(-253.620336248583,5.86889457499018,-85.5145706716763));
#7035=CARTESIAN_POINT('',(-253.620695295147,5.83289234882122,-85.5136461630505));
#7036=CARTESIAN_POINT('',(-253.621175333658,5.79410081630063,-85.5124092972247));
#7037=CARTESIAN_POINT('',(-253.621801719842,5.75250516777969,-85.5107939376592));
#7038=CARTESIAN_POINT('',(-253.622601291063,5.7081148949044,-85.5087294711964));
#7039=CARTESIAN_POINT('',(-253.623531080278,5.66374348911179,-85.5063253656903));
#7040=CARTESIAN_POINT('',(-253.624590251755,5.61939997901122,-85.5035822251678));
#7041=CARTESIAN_POINT('',(-253.625958259968,5.56836746343622,-85.5000326348797));
#7042=CARTESIAN_POINT('',(-253.627712905258,5.51062964709863,-85.4954684724914));
#7043=CARTESIAN_POINT('',(-253.629940611577,5.446231187465,-85.4896535080046));
#7044=CARTESIAN_POINT('',(-253.632432991866,5.38191810461784,-85.4831218317729));
#7045=CARTESIAN_POINT('',(-253.635750813767,5.30453518882741,-85.4743883099817));
#7046=CARTESIAN_POINT('',(-253.640114197704,5.21408296576746,-85.46283065392));
#7047=CARTESIAN_POINT('',(-253.64576776658,5.1107373265041,-85.4477171665225));
#7048=CARTESIAN_POINT('',(-253.653075573333,4.99097298996683,-85.4279756626114));
#7049=CARTESIAN_POINT('',(-253.66348169592,4.83948264060544,-85.3994590942116));
#7050=CARTESIAN_POINT('',(-253.67814985068,4.65328808127594,-85.3583199308419));
#7051=CARTESIAN_POINT('',(-253.692602864728,4.49205951215152,-85.316431341535));
#7052=CARTESIAN_POINT('',(-253.709076462076,4.3215003707273,-85.2672886023536));
#7053=CARTESIAN_POINT('',(-253.733357936634,4.08748647265593,-85.1925915156838));
#7054=CARTESIAN_POINT('',(-253.763717275565,3.82622597187114,-85.0920004207659));
#7055=CARTESIAN_POINT('',(-253.793239800376,3.58625349710713,-84.9841187652445));
#7056=CARTESIAN_POINT('',(-253.828117052836,3.30915581831793,-84.8479746166798));
#7057=CARTESIAN_POINT('',(-253.876425766961,2.93210183938207,-84.6300827236298));
#7058=CARTESIAN_POINT('',(-253.920112320204,2.55027895478462,-84.3519530919875));
#7059=CARTESIAN_POINT('',(-253.945459277178,2.25421398990801,-84.0981244206249));
#7060=CARTESIAN_POINT('',(-253.957059869176,2.04998547749645,-83.9018909953939));
#7061=CARTESIAN_POINT('',(-253.959633223364,1.9222928508743,-83.7658421446025));
#7062=CARTESIAN_POINT('',(-253.959638711271,1.86692162065075,-83.7040738570309));
#7063=CARTESIAN_POINT('',(-253.959638711271,14.,-83.7040738570309));
#7064=VECTOR('',#7065,1.);
#7065=DIRECTION('',(0.,-1.,0.));
#7066=CARTESIAN_POINT('',(-253.959638711271,-14.,-83.7040738570309));
#7067=AXIS2_PLACEMENT_3D('',#7068,#7069,#7070);
#7068=CARTESIAN_POINT('',(-248.959638711271,-14.,-83.7040738570309));
#7069=DIRECTION('',(-1.22464679914735E-16,1.,6.12323399573677E-17));
#7070=DIRECTION('',(0.390467554511769,1.04189998178528E-16,-0.920616689438986));
#7071=CARTESIAN_POINT('',(-253.959638711271,1.86692162065075,-83.7040738570309));
#7072=VECTOR('',#7073,1.);
#7073=DIRECTION('',(0.,-1.,0.));
#7074=AXIS2_PLACEMENT_3D('',#7075,#7076,#7077);
#7075=CARTESIAN_POINT('',(-253.959638711271,6.00000000000003,-80.));
#7076=DIRECTION('',(-1.,0.,0.));
#7077=DIRECTION('',(0.,-0.744698806477159,-0.667400694958805));
#7078=CARTESIAN_POINT('',(-253.959638711271,-14.,-35.2559006404402));
#7079=CARTESIAN_POINT('',(-253.959638711271,-14.,-35.2559006404402));
#7080=VECTOR('',#7081,1.);
#7081=DIRECTION('',(0.,7.333018858973E-17,-1.));
#7082=CARTESIAN_POINT('',(-253.959638711271,14.,-35.2559006404402));
#7083=VECTOR('',#7084,1.);
#7084=DIRECTION('',(0.,-1.,-5.07530525542929E-16));
#7085=CARTESIAN_POINT('',(-253.959638711271,6.00000000000003,-50.55));
#7086=AXIS2_PLACEMENT_3D('',#7087,#7088,#7089);
#7087=CARTESIAN_POINT('',(-253.959638711271,6.00000000000003,-45.));
#7088=DIRECTION('',(-1.,0.,0.));
#7089=DIRECTION('',(0.,2.16639299339417E-16,-1.));
#7090=CARTESIAN_POINT('',(-253.959638711271,6.00000000000003,-68.05));
#7091=AXIS2_PLACEMENT_3D('',#7092,#7093,#7094);
#7092=CARTESIAN_POINT('',(-253.959638711271,6.00000000000003,-62.5));
#7093=DIRECTION('',(-1.,0.,0.));
#7094=DIRECTION('',(0.,2.16639299339417E-16,-1.));
#7095=CARTESIAN_POINT('',(-243.959638711271,-14.,-25.2559006404412));
#7096=AXIS2_PLACEMENT_3D('',#7097,#7098,#7099);
#7097=CARTESIAN_POINT('',(-243.959638711271,-14.,-35.2559006404402));
#7098=DIRECTION('',(-1.22464679914735E-16,1.,6.12323399573677E-17));
#7099=DIRECTION('',(-1.,-1.22464679914735E-16,3.37824967426584E-33));
#7100=CARTESIAN_POINT('',(-243.959638711271,14.,-25.2559006404412));
#7101=VECTOR('',#7102,1.);
#7102=DIRECTION('',(0.,-1.,-1.26882631385732E-16));
#7103=CARTESIAN_POINT('',(-175.607587681892,-14.,-25.2559006404402));
#7104=CARTESIAN_POINT('',(-175.607587681892,-14.,-25.2559006404402));
#7105=VECTOR('',#7106,1.);
#7106=DIRECTION('',(-1.,1.03953389116984E-16,-2.6923927781299E-14));
#7107=CARTESIAN_POINT('',(-175.198571813366,-13.1935483870968,-25.2559006404402));
#7108=CARTESIAN_POINT('',(-175.607587681892,-14.,-25.2559006404402));
#7109=CARTESIAN_POINT('',(-175.113032643856,-14.,-25.2559006404402));
#7110=CARTESIAN_POINT('',(-174.895457435215,-13.5710096076004,-25.2559006404402));
#7111=CARTESIAN_POINT('',(-175.198571813366,-13.1935483870968,-25.2559006404402));
#7112=CARTESIAN_POINT('',(-173.661452826842,-2.87192275586285,-25.2559006404402));
#7113=CARTESIAN_POINT('',(-175.198571813366,-13.1935483870968,-25.2559006404402));
#7114=CARTESIAN_POINT('',(-177.967447553919,-9.74553241758492,-25.2559006404403));
#7115=CARTESIAN_POINT('',(-177.324216020702,-5.42628638765238,-25.2559006404403));
#7116=CARTESIAN_POINT('',(-173.661452826842,-2.87192275586285,-25.2559006404402));
#7117=CARTESIAN_POINT('',(-172.373670260966,-0.439614930702652,-25.2559006404402));
#7118=CARTESIAN_POINT('',(-173.661452826842,-2.87192275586284,-25.2559006404402));
#7119=CARTESIAN_POINT('',(-172.83679230729,-2.29681518591446,-25.2559006404402));
#7120=CARTESIAN_POINT('',(-172.373670260966,-1.42209036269781,-25.2559006404402));
#7121=CARTESIAN_POINT('',(-172.373670260966,-0.439614930702651,-25.2559006404402));
#7122=CARTESIAN_POINT('',(-172.373670260966,0.439614930702712,-25.2559006404401));
#7123=CARTESIAN_POINT('',(-172.373670260966,0.439614930702703,-25.2559006404402));
#7124=VECTOR('',#7125,1.);
#7125=DIRECTION('',(0.,-1.,-4.04071089341968E-15));
#7126=CARTESIAN_POINT('',(-173.661452826842,2.87192275586291,-25.2559006404402));
#7127=CARTESIAN_POINT('',(-172.373670260966,0.43961493070272,-25.2559006404402));
#7128=CARTESIAN_POINT('',(-172.373670260966,1.42209036269788,-25.2559006404402));
#7129=CARTESIAN_POINT('',(-172.83679230729,2.29681518591453,-25.2559006404402));
#7130=CARTESIAN_POINT('',(-173.661452826842,2.87192275586291,-25.2559006404402));
#7131=CARTESIAN_POINT('',(-175.198571813366,13.1935483870968,-25.2559006404402));
#7132=CARTESIAN_POINT('',(-173.661452826842,2.8719227558629,-25.2559006404402));
#7133=CARTESIAN_POINT('',(-177.324216020702,5.42628638765244,-25.2559006404403));
#7134=CARTESIAN_POINT('',(-177.967447553919,9.74553241758498,-25.2559006404403));
#7135=CARTESIAN_POINT('',(-175.198571813366,13.1935483870968,-25.2559006404402));
#7136=CARTESIAN_POINT('',(-175.198571813366,13.1935483870968,-25.2559006404402));
#7137=CARTESIAN_POINT('',(-174.895457435215,13.5710096076005,-25.2559006404402));
#7138=CARTESIAN_POINT('',(-175.113032643856,14.,-25.2559006404402));
#7139=CARTESIAN_POINT('',(-175.607587681892,14.,-25.2559006404402));
#7140=AXIS2_PLACEMENT_3D('',#7141,#7142,#7143);
#7141=CARTESIAN_POINT('',(-175.198571817767,13.1935483922748,-26.2559006486526));
#7142=DIRECTION('',(0.626136684076192,0.779713314529174,1.28150496803063E-9));
#7143=DIRECTION('',(4.40132938344597E-9,-5.1779784678251E-9,1.));
#7144=CARTESIAN_POINT('',(-173.096032830966,3.6826920309163,-26.1043968091607));
#7145=CARTESIAN_POINT('',(-173.096032830966,3.6826920309163,-26.1043968091607));
#7146=CARTESIAN_POINT('',(-176.287429875323,5.88472964452797,-25.9780946300622));
#7147=CARTESIAN_POINT('',(-176.847883037402,9.60821760136635,-25.955914232365));
#7148=CARTESIAN_POINT('',(-174.435337812145,12.5806451612903,-26.0513927061771));
#7149=CARTESIAN_POINT('',(-173.096032830966,3.6826920309163,-26.1043968091607));
#7150=VECTOR('',#7151,1.);
#7151=DIRECTION('',(0.258819045102522,0.,-0.965925826289068));
#7152=CARTESIAN_POINT('',(-171.407744434677,0.439614930702705,-25.9970815953376));
#7153=CARTESIAN_POINT('',(-171.407744434677,0.439614930702705,-25.9970815953376));
#7154=CARTESIAN_POINT('',(-171.407744434677,1.74958217336292,-25.9970815953376));
#7155=CARTESIAN_POINT('',(-172.01489939825,2.91588193765178,-26.035675099198));
#7156=CARTESIAN_POINT('',(-173.096032830966,3.6826920309163,-26.1043968091607));
#7157=CARTESIAN_POINT('',(-171.407744434677,0.439614930702705,-25.9970815953376));
#7158=VECTOR('',#7159,1.);
#7159=DIRECTION('',(0.258819045102521,0.,-0.965925826289068));
#7160=CARTESIAN_POINT('',(-171.407744434677,-0.439614930702655,-25.9970815953376));
#7161=CARTESIAN_POINT('',(-171.407744434677,0.439614930702704,-25.9970815953376));
#7162=VECTOR('',#7163,1.);
#7163=DIRECTION('',(0.,-1.,-4.04071089341967E-15));
#7164=CARTESIAN_POINT('',(-171.407744434677,-0.439614930702656,-25.9970815953376));
#7165=VECTOR('',#7166,1.);
#7166=DIRECTION('',(0.258819045102521,0.,-0.965925826289068));
#7167=CARTESIAN_POINT('',(-173.096032830966,-3.68269203091625,-26.1043968091607));
#7168=CARTESIAN_POINT('',(-173.096032830966,-3.68269203091625,-26.1043968091607));
#7169=CARTESIAN_POINT('',(-172.01489939825,-2.91588193765173,-26.035675099198));
#7170=CARTESIAN_POINT('',(-171.407744434677,-1.74958217336286,-25.9970815953376));
#7171=CARTESIAN_POINT('',(-171.407744434677,-0.439614930702655,-25.9970815953376));
#7172=CARTESIAN_POINT('',(-173.096032830966,-3.68269203091624,-26.1043968091607));
#7173=VECTOR('',#7174,1.);
#7174=DIRECTION('',(0.258819045102518,0.,-0.965925826289069));
#7175=CARTESIAN_POINT('',(-174.435337812145,-12.5806451612903,-26.0513927061772));
#7176=CARTESIAN_POINT('',(-174.435337812145,-12.5806451612903,-26.0513927061771));
#7177=CARTESIAN_POINT('',(-176.847883037402,-9.6082176013663,-25.955914232365));
#7178=CARTESIAN_POINT('',(-176.287429875323,-5.8847296445279,-25.9780946300622));
#7179=CARTESIAN_POINT('',(-173.096032830966,-3.68269203091624,-26.1043968091607));
#7180=CARTESIAN_POINT('',(-174.435337812145,-12.5806451612903,-26.0513927061772));
#7181=VECTOR('',#7182,1.);
#7182=DIRECTION('',(0.258819045102523,0.,-0.965925826289068));
#7183=CARTESIAN_POINT('',(-175.607587681892,-15.,-26.2559006404402));
#7184=CARTESIAN_POINT('',(-175.607587681892,-15.,-26.2559006404402));
#7185=CARTESIAN_POINT('',(-174.190180379313,-15.,-26.0086231214225));
#7186=CARTESIAN_POINT('',(-173.566604304113,-13.7130288228013,-25.8998355171018));
#7187=CARTESIAN_POINT('',(-174.435337812145,-12.5806451612903,-26.0513927061772));
#7188=CARTESIAN_POINT('',(-175.607587681892,-15.,-26.2559006404402));
#7189=VECTOR('',#7190,1.);
#7190=DIRECTION('',(0.258819045102521,0.,-0.965925826289068));
#7191=CARTESIAN_POINT('',(-243.959638711271,-15.,-26.2559006404412));
#7192=CARTESIAN_POINT('',(-175.607587681892,-15.,-26.2559006404402));
#7193=VECTOR('',#7194,1.);
#7194=DIRECTION('',(-1.,1.2994173639623E-16,-2.69759044758574E-14));
#7195=CARTESIAN_POINT('',(-252.959638711271,-15.,-35.2559006404402));
#7196=AXIS2_PLACEMENT_3D('',#7197,#7198,#7199);
#7197=CARTESIAN_POINT('',(-243.959638711271,-15.,-35.2559006404403));
#7198=DIRECTION('',(1.28635124736305E-16,1.,7.12642219874122E-17));
#7199=DIRECTION('',(-1.,1.28635124736305E-16,3.15796771448933E-15));
#7200=CARTESIAN_POINT('',(-252.959638711271,-15.,-83.7040738570309));
#7201=CARTESIAN_POINT('',(-252.959638711271,-15.,-35.2559006404402));
#7202=VECTOR('',#7203,1.);
#7203=DIRECTION('',(0.,7.333018858973E-17,-1.));
#7204=CARTESIAN_POINT('',(-247.397768493224,-15.,-87.3865406147869));
#7205=AXIS2_PLACEMENT_3D('',#7206,#7207,#7208);
#7206=CARTESIAN_POINT('',(-248.959638711271,-15.,-83.704073857031));
#7207=DIRECTION('',(1.28635124736305E-16,1.,7.12642219874122E-17));
#7208=DIRECTION('',(0.390467554511772,1.53791895413944E-17,-0.920616689438985));
#7209=CARTESIAN_POINT('',(-241.397768493224,-15.,-84.8417189165203));
#7210=CARTESIAN_POINT('',(-247.397768493224,-15.,-87.3865406147869));
#7211=VECTOR('',#7212,1.);
#7212=DIRECTION('',(0.920616689438984,0.,0.390467554511774));
#7213=CARTESIAN_POINT('',(-238.959638711271,-15.,-81.1592521587644));
#7214=AXIS2_PLACEMENT_3D('',#7215,#7216,#7217);
#7215=CARTESIAN_POINT('',(-242.959638711271,-15.,-81.1592521587644));
#7216=DIRECTION('',(1.28635124736305E-16,1.,7.12642219874122E-17));
#7217=DIRECTION('',(1.,-1.28635124736306E-16,3.5527136788005E-15));
#7218=CARTESIAN_POINT('',(-238.959638711271,-15.,-53.2559006404402));
#7219=CARTESIAN_POINT('',(-238.959638711271,-15.,-81.1592521587644));
#7220=VECTOR('',#7221,1.);
#7221=DIRECTION('',(0.,0.,1.));
#7222=CARTESIAN_POINT('',(-227.959638711271,-15.,-42.2559006404402));
#7223=AXIS2_PLACEMENT_3D('',#7224,#7225,#7226);
#7224=CARTESIAN_POINT('',(-227.959638711271,-15.,-53.2559006404402));
#7225=DIRECTION('',(-1.28635124736305E-16,-1.,-7.12642219874122E-17));
#7226=DIRECTION('',(-9.16708208458652E-33,-7.12642219874122E-17,1.));
#7227=CARTESIAN_POINT('',(-172.091291208865,-15.,-42.2559006404402));
#7228=CARTESIAN_POINT('',(-227.959638711271,-15.,-42.2559006404402));
#7229=VECTOR('',#7230,1.);
#7230=DIRECTION('',(1.,-1.27181627437523E-16,1.27181627437523E-16));
#7231=CARTESIAN_POINT('',(-171.372040481818,-15.,-42.0631779889724));
#7232=CARTESIAN_POINT('',(-172.091291208865,-15.,-42.2559006404402));
#7233=VECTOR('',#7234,1.);
#7234=DIRECTION('',(0.965925826289072,0.,0.258819045102508));
#7235=CARTESIAN_POINT('',(-172.148497617125,-15.,-39.1654005101052));
#7236=VECTOR('',#7237,1.);
#7237=DIRECTION('',(0.258819045102523,0.,-0.965925826289068));
#7238=CARTESIAN_POINT('',(-162.369730802508,-15.,-36.5451878391562));
#7239=VECTOR('',#7240,1.);
#7240=DIRECTION('',(-0.258819045102519,0.,0.965925826289069));
#7241=CARTESIAN_POINT('',(-240.359638711034,-15.,-79.9999999997595));
#7242=CARTESIAN_POINT('',(-251.559638711034,-15.,-79.9999999997595));
#7243=AXIS2_PLACEMENT_3D('',#7244,#7245,#7246);
#7244=CARTESIAN_POINT('',(-245.959638711034,-15.,-79.9999999997595));
#7245=DIRECTION('',(-1.28635124736305E-16,-1.,-7.12642219874122E-17));
#7246=DIRECTION('',(-1.,1.28635124736305E-16,9.16708208458652E-33));
#7247=CARTESIAN_POINT('',(-251.559638711034,-15.,-44.9999999997594));
#7248=CARTESIAN_POINT('',(-251.559638711034,-15.,-79.9999999997595));
#7249=VECTOR('',#7250,1.);
#7250=DIRECTION('',(0.,-5.07530525542929E-17,1.));
#7251=CARTESIAN_POINT('',(-240.359638711034,-15.,-44.9999999997595));
#7252=AXIS2_PLACEMENT_3D('',#7253,#7254,#7255);
#7253=CARTESIAN_POINT('',(-245.959638711034,-15.,-44.9999999997595));
#7254=DIRECTION('',(-1.28635124736305E-16,-1.,-7.12642219874122E-17));
#7255=DIRECTION('',(1.,-1.28635124736306E-16,2.53765262771465E-15));
#7256=CARTESIAN_POINT('',(-240.359638711034,-15.,-44.9999999997595));
#7257=VECTOR('',#7258,1.);
#7258=DIRECTION('',(0.,5.07530525542929E-17,-1.));
#7259=AXIS2_PLACEMENT_3D('',#7260,#7261,#7262);
#7260=CARTESIAN_POINT('',(-180.209638711274,-15.,-33.2559006404409));
#7261=DIRECTION('',(-1.28635124736305E-16,-1.,-7.12642219874122E-17));
#7262=DIRECTION('',(9.16708208458652E-33,7.12642219874122E-17,-1.));
#7263=AXIS2_PLACEMENT_3D('',#7264,#7265,#7266);
#7264=CARTESIAN_POINT('',(-240.209638711274,-15.,-33.255900640441));
#7265=DIRECTION('',(-1.28635124736305E-16,-1.,-7.12642219874122E-17));
#7266=DIRECTION('',(-9.16708208458652E-33,-7.12642219874121E-17,1.));
#7267=CARTESIAN_POINT('',(-157.959638711271,-9.99999999999998,-33.6853590639299));
#7268=CARTESIAN_POINT('',(-157.959638711271,-9.99999999999997,-33.6853590639299));
#7269=CARTESIAN_POINT('',(-157.959638711271,-10.7050119343485,-33.6853590639299));
#7270=CARTESIAN_POINT('',(-157.959638711271,-11.3945432799985,-34.2530520181223));
#7271=CARTESIAN_POINT('',(-157.959638711271,-12.0383127023036,-35.3635072247623));
#7272=CARTESIAN_POINT('',(-157.959638711271,-9.99999999999998,-33.6853590639299));
#7273=VECTOR('',#7274,1.);
#7274=DIRECTION('',(-0.258819045102511,0.,0.965925826289071));
#7275=CARTESIAN_POINT('',(-157.959638711271,10.,-33.6853590639299));
#7276=VECTOR('',#7277,1.);
#7277=DIRECTION('',(0.,-1.,0.));
#7278=CARTESIAN_POINT('',(-170.227189479987,-12.5806451612903,-41.7564160875778));
#7279=AXIS2_PLACEMENT_3D('',#7280,#7281,#7282);
#7280=CARTESIAN_POINT('',(-171.372040481818,-13.5,-42.0631779889724));
#7281=DIRECTION('',(-0.258819045102521,1.28292706084425E-49,0.965925826289068));
#7282=DIRECTION('',(-3.32045956823894E-50,-1.,1.23921238131459E-49));
#7283=CARTESIAN_POINT('',(-171.003646615294,-12.5806451612903,-38.8586386087105));
#7284=VECTOR('',#7285,1.);
#7285=DIRECTION('',(0.25881904510252,0.,-0.965925826289068));
#7286=CARTESIAN_POINT('',(-171.285839717205,-10.3771194903601,-42.0400805637073));
#7287=AXIS2_PLACEMENT_3D('',#7288,#7289,#7290);
#7288=CARTESIAN_POINT('',(-165.456976972357,-8.74999999999998,-40.4782414984335));
#7289=DIRECTION('',(0.258819045102521,1.38777878078145E-17,-0.965925826289068));
#7290=DIRECTION('',(-0.763234001220786,-0.612903225806452,-0.204507934263084));
#7291=CARTESIAN_POINT('',(-171.285839717205,-7.12288050963984,-42.0400805637073));
#7292=CARTESIAN_POINT('',(-171.285839717205,-10.3771194903601,-42.0400805637073));
#7293=CARTESIAN_POINT('',(-171.307199582849,-10.2934523690033,-42.0475286286397));
#7294=CARTESIAN_POINT('',(-171.343138608908,-10.1398443759179,-42.060300491556));
#7295=CARTESIAN_POINT('',(-171.383962290528,-9.93058716371145,-42.0756882436285));
#7296=CARTESIAN_POINT('',(-171.412463686559,-9.75721504241814,-42.087108951847));
#7297=CARTESIAN_POINT('',(-171.433879628431,-9.60312796057975,-42.0966366273036));
#7298=CARTESIAN_POINT('',(-171.451811933448,-9.44553356420668,-42.1061770882165));
#7299=CARTESIAN_POINT('',(-171.466303973584,-9.28140423747584,-42.1147991920734));
#7300=CARTESIAN_POINT('',(-171.476398716861,-9.12212854571487,-42.1211524774653));
#7301=CARTESIAN_POINT('',(-171.482631519161,-8.97613019206856,-42.1244715928811));
#7302=CARTESIAN_POINT('',(-171.485920904652,-8.83314485642273,-42.1260831120219));
#7303=CARTESIAN_POINT('',(-171.486227617887,-8.68408478130868,-42.1260771959099));
#7304=CARTESIAN_POINT('',(-171.483074032007,-8.53108539344201,-42.1242658980447));
#7305=CARTESIAN_POINT('',(-171.476740803251,-8.38374778121152,-42.1209098762065));
#7306=CARTESIAN_POINT('',(-171.467151742616,-8.23338272597803,-42.1159045184421));
#7307=CARTESIAN_POINT('',(-171.453680507767,-8.07439933537854,-42.1078993296404));
#7308=CARTESIAN_POINT('',(-171.43500087067,-7.9049651152036,-42.0974154976068));
#7309=CARTESIAN_POINT('',(-171.412461985016,-7.74089124267264,-42.0861481646237));
#7310=CARTESIAN_POINT('',(-171.384946047531,-7.57446967111666,-42.0748987516983));
#7311=CARTESIAN_POINT('',(-171.35367485406,-7.41256260934286,-42.0633184931323));
#7312=CARTESIAN_POINT('',(-171.319748836711,-7.25922748700451,-42.0514941928789));
#7313=CARTESIAN_POINT('',(-171.296668217917,-7.16515095344596,-42.043705276857));
#7314=CARTESIAN_POINT('',(-171.285839717205,-7.12288050963983,-42.0400805637073));
#7315=CARTESIAN_POINT('',(-168.990851946585,-3.68269203091623,-41.4251404439305));
#7316=AXIS2_PLACEMENT_3D('',#7317,#7318,#7319);
#7317=CARTESIAN_POINT('',(-165.456976972357,-8.74999999999998,-40.4782414984335));
#7318=DIRECTION('',(0.258819045102521,1.38777878078145E-17,-0.965925826289068));
#7319=DIRECTION('',(-0.932618039175649,0.260339118457623,-0.249894250443813));
#7320=CARTESIAN_POINT('',(-169.767309081893,-3.68269203091623,-38.5273629650633));
#7321=VECTOR('',#7322,1.);
#7322=DIRECTION('',(0.25881904510252,0.,-0.965925826289068));
#7323=CARTESIAN_POINT('',(-167.388828624935,-0.439614930702639,-40.9958795886385));
#7324=AXIS2_PLACEMENT_3D('',#7325,#7326,#7327);
#7325=CARTESIAN_POINT('',(-171.252531930091,-0.439614930702644,-42.0311557690486));
#7326=DIRECTION('',(-0.258819045102521,-1.38777878078145E-17,0.965925826289068));
#7327=DIRECTION('',(0.56541999587653,-0.810769275053396,0.151503831279525));
#7328=CARTESIAN_POINT('',(-168.165285760242,-0.439614930702645,-38.0981021097713));
#7329=VECTOR('',#7330,1.);
#7330=DIRECTION('',(0.258819045102521,0.,-0.965925826289068));
#7331=CARTESIAN_POINT('',(-167.388828624935,0.43961493070272,-40.9958795886385));
#7332=CARTESIAN_POINT('',(-167.388828624935,0.439614930702716,-40.9958795886385));
#7333=VECTOR('',#7334,1.);
#7334=DIRECTION('',(0.,-1.,0.));
#7335=CARTESIAN_POINT('',(-168.165285760242,0.439614930702716,-38.0981021097713));
#7336=VECTOR('',#7337,1.);
#7337=DIRECTION('',(0.258819045102521,0.,-0.965925826289068));
#7338=CARTESIAN_POINT('',(-167.750403897737,2.12914711145435,-41.0927633909888));
#7339=CARTESIAN_POINT('',(-169.369500169759,3.68269203091631,-40.01200603685));
#7340=CARTESIAN_POINT('',(-167.750403897033,2.12914711183384,-41.0927633908406));
#7341=CARTESIAN_POINT('',(-167.756667944978,2.13752280239868,-41.0844656844855));
#7342=CARTESIAN_POINT('',(-167.77211555466,2.15810481920143,-41.0642062634921));
#7343=CARTESIAN_POINT('',(-167.797792359464,2.19201215652492,-41.031351700908));
#7344=CARTESIAN_POINT('',(-167.828358122175,2.23191860452239,-40.9934246681588));
#7345=CARTESIAN_POINT('',(-167.859886301975,2.27256197863643,-40.955591202712));
#7346=CARTESIAN_POINT('',(-167.892675063462,2.31428676870694,-40.9175329135175));
#7347=CARTESIAN_POINT('',(-167.927750920985,2.35833356845413,-40.8781605425851));
#7348=CARTESIAN_POINT('',(-167.967169835541,2.40707285343341,-40.8355768922265));
#7349=CARTESIAN_POINT('',(-168.012164361547,2.46173216361523,-40.7890014575428));
#7350=CARTESIAN_POINT('',(-168.062571720095,2.521748445596,-40.7392474163641));
#7351=CARTESIAN_POINT('',(-168.127699581695,2.59751171964013,-40.6783239622901));
#7352=CARTESIAN_POINT('',(-168.208301102268,2.68837702464363,-40.6081075016683));
#7353=CARTESIAN_POINT('',(-168.306258663748,2.79435893047893,-40.5301184104458));
#7354=CARTESIAN_POINT('',(-168.415085818692,2.90682889643808,-40.4515046101868));
#7355=CARTESIAN_POINT('',(-168.53437546443,3.02391542785789,-40.3740222048274));
#7356=CARTESIAN_POINT('',(-168.66350468142,3.14363400740228,-40.2991805018591));
#7357=CARTESIAN_POINT('',(-168.8002833305,3.26292835398052,-40.2287639258238));
#7358=CARTESIAN_POINT('',(-168.944047324452,3.38037104511865,-40.1633310287523));
#7359=CARTESIAN_POINT('',(-169.093954608804,3.49460227703069,-40.103239460414));
#7360=CARTESIAN_POINT('',(-169.236124611598,3.59526307238762,-40.0531951549298));
#7361=CARTESIAN_POINT('',(-169.329172983607,3.65681637367922,-40.024027079997));
#7362=CARTESIAN_POINT('',(-169.369500169782,3.68269203094954,-40.0120060368346));
#7363=CARTESIAN_POINT('',(-169.767309081893,3.68269203091631,-38.5273629650633));
#7364=VECTOR('',#7365,1.);
#7365=DIRECTION('',(0.258819045102521,0.,-0.965925826289068));
#7366=AXIS2_PLACEMENT_3D('',#7367,#7368,#7369);
#7367=CARTESIAN_POINT('',(-171.252531930091,0.439614930702716,-42.0311557690486));
#7368=DIRECTION('',(-0.258819045102521,0.,0.965925826289068));
#7369=DIRECTION('',(0.965925826289068,-9.71445146547014E-17,0.258819045102521));
#7370=CARTESIAN_POINT('',(-171.216347311441,10.6236674073529,-42.021460129703));
#7371=CARTESIAN_POINT('',(-169.369500169759,3.68269203091631,-40.01200603685));
#7372=CARTESIAN_POINT('',(-169.412433523605,3.71024130764837,-39.9992072996241));
#7373=CARTESIAN_POINT('',(-169.497117874876,3.7658727163686,-39.9739123212097));
#7374=CARTESIAN_POINT('',(-169.621804352614,3.85169892872831,-39.9366264064956));
#7375=CARTESIAN_POINT('',(-169.743205170889,3.93919387605198,-39.9003818329401));
#7376=CARTESIAN_POINT('',(-169.861919582129,4.02873071578834,-39.8650966042019));
#7377=CARTESIAN_POINT('',(-169.977973408913,4.12031733261104,-39.8308569147507));
#7378=CARTESIAN_POINT('',(-170.091450952219,4.21402034933988,-39.7977302595444));
#7379=CARTESIAN_POINT('',(-170.201944859965,4.30948160225105,-39.7659226825085));
#7380=CARTESIAN_POINT('',(-170.309679559777,4.40687042230212,-39.7354532181496));
#7381=CARTESIAN_POINT('',(-170.414294689882,4.50584437024691,-39.7065050587933));
#7382=CARTESIAN_POINT('',(-170.515659049636,4.60623226277349,-39.6791886581577));
#7383=CARTESIAN_POINT('',(-170.61304942417,4.70720767030043,-39.6537576445111));
#7384=CARTESIAN_POINT('',(-170.706698017064,4.80885515067926,-39.6301960491476));
#7385=CARTESIAN_POINT('',(-170.79614652881,4.91050860019216,-39.6086542065809));
#7386=CARTESIAN_POINT('',(-170.881653455221,5.01226311435082,-39.5890926399765));
#7387=CARTESIAN_POINT('',(-170.971446523282,5.1241531333299,-39.5697499169877));
#7388=CARTESIAN_POINT('',(-171.064825111427,5.24692342116008,-39.5512412989009));
#7389=CARTESIAN_POINT('',(-171.160629076121,5.38094847205208,-39.5343948588061));
#7390=CARTESIAN_POINT('',(-171.242658994345,5.5031962674529,-39.5220660316674));
#7391=CARTESIAN_POINT('',(-171.312464907815,5.61321319861394,-39.5133266737139));
#7392=CARTESIAN_POINT('',(-171.371085423006,5.71014826809629,-39.5073588925308));
#7393=CARTESIAN_POINT('',(-171.426407731411,5.80618988090857,-39.5031405486087));
#7394=CARTESIAN_POINT('',(-171.478322684768,5.90085617434022,-39.5006248029378));
#7395=CARTESIAN_POINT('',(-171.512066334725,5.96553784605108,-39.5000140330888));
#7396=CARTESIAN_POINT('',(-171.543813606728,6.02804299950386,-39.4999873710352));
#7397=CARTESIAN_POINT('',(-171.579419629717,6.09997453556507,-39.5005654663406));
#7398=CARTESIAN_POINT('',(-171.631345105088,6.21136325540403,-39.5036058167042));
#7399=CARTESIAN_POINT('',(-171.684264448258,6.33342549248228,-39.5096664802934));
#7400=CARTESIAN_POINT('',(-171.728678428974,6.44392289584756,-39.5176068163219));
#7401=CARTESIAN_POINT('',(-171.765740768843,6.54269058270298,-39.5266034162405));
#7402=CARTESIAN_POINT('',(-171.796429035126,6.62957783175472,-39.5359223340756));
#7403=CARTESIAN_POINT('',(-171.824935022391,6.71550477678092,-39.5465128883408));
#7404=CARTESIAN_POINT('',(-171.851322368229,6.80041680112612,-39.5583299570751));
#7405=CARTESIAN_POINT('',(-171.875747092513,6.88459510137726,-39.5713828146499));
#7406=CARTESIAN_POINT('',(-171.898155267173,6.96759340159425,-39.5855653829216));
#7407=CARTESIAN_POINT('',(-171.918693866194,7.049662799147,-39.6008792672794));
#7408=CARTESIAN_POINT('',(-171.937416767612,7.1307443501576,-39.6172788531251));
#7409=CARTESIAN_POINT('',(-171.954452251827,7.21114948370817,-39.6348012979586));
#7410=CARTESIAN_POINT('',(-171.969832888236,7.29079082860332,-39.6534049491646));
#7411=CARTESIAN_POINT('',(-171.983658321796,7.3699633352226,-39.6731422904852));
#7412=CARTESIAN_POINT('',(-171.99596361216,7.44869019207565,-39.6940119367563));
#7413=CARTESIAN_POINT('',(-172.00678304685,7.52702153491131,-39.7160236480899));
#7414=CARTESIAN_POINT('',(-172.016103409564,7.60461126260938,-39.7390690688279));
#7415=CARTESIAN_POINT('',(-172.023961205776,7.68137375912804,-39.7631001705269));
#7416=CARTESIAN_POINT('',(-172.030368440385,7.75688028573777,-39.7879508381741));
#7417=CARTESIAN_POINT('',(-172.035387170895,7.83104757190739,-39.8135484387958));
#7418=CARTESIAN_POINT('',(-172.039071202591,7.90348359830569,-39.8397002010704));
#7419=CARTESIAN_POINT('',(-172.041516659162,7.97450703818052,-39.8664623283901));
#7420=CARTESIAN_POINT('',(-172.042648010694,8.03627139533325,-39.890705569094));
#7421=CARTESIAN_POINT('',(-172.042883923529,8.08202254797024,-39.9092589980549));
#7422=CARTESIAN_POINT('',(-172.042766983335,8.12668556761863,-39.9277179398656));
#7423=CARTESIAN_POINT('',(-172.042110745716,8.17762472284211,-39.9492955045963));
#7424=CARTESIAN_POINT('',(-172.040325820594,8.24170953356396,-39.9774181986186));
#7425=CARTESIAN_POINT('',(-172.037423403441,8.31010357172827,-40.008461771401));
#7426=CARTESIAN_POINT('',(-172.033147737944,8.38274416839308,-40.042681835605));
#7427=CARTESIAN_POINT('',(-172.027270756717,8.45911662564564,-40.0801324382166));
#7428=CARTESIAN_POINT('',(-172.020688038131,8.52873901296697,-40.1156019002679));
#7429=CARTESIAN_POINT('',(-172.013510699671,8.5938982812648,-40.1499195043489));
#7430=CARTESIAN_POINT('',(-172.004309926481,8.66775693138421,-40.1900109258979));
#7431=CARTESIAN_POINT('',(-171.990254363504,8.76537479684467,-40.2451524907873));
#7432=CARTESIAN_POINT('',(-171.969893032686,8.88401568241326,-40.3159875921258));
#7433=CARTESIAN_POINT('',(-171.946328393104,9.00014677931769,-40.3896982001503));
#7434=CARTESIAN_POINT('',(-171.925161505816,9.09210496444526,-40.45118659951));
#7435=CARTESIAN_POINT('',(-171.908337303908,9.15963021660084,-40.4979740328479));
#7436=CARTESIAN_POINT('',(-171.894530144373,9.21209266397542,-40.5352797820399));
#7437=CARTESIAN_POINT('',(-171.880960973569,9.26124123664521,-40.5710646106581));
#7438=CARTESIAN_POINT('',(-171.867144925762,9.30913346437725,-40.6067279681835));
#7439=CARTESIAN_POINT('',(-171.852560127196,9.3575690078402,-40.6436252225504));
#7440=CARTESIAN_POINT('',(-171.836967421836,9.40720658101918,-40.6823264107196));
#7441=CARTESIAN_POINT('',(-171.820376617491,9.45784426520783,-40.7227622329744));
#7442=CARTESIAN_POINT('',(-171.798784373514,9.52105091368492,-40.7744880396546));
#7443=CARTESIAN_POINT('',(-171.767343740018,9.60819469898976,-40.8482134204263));
#7444=CARTESIAN_POINT('',(-171.723255278163,9.72112324498111,-40.9487169899288));
#7445=CARTESIAN_POINT('',(-171.672740873342,9.83935212129575,-41.0606783157886));
#7446=CARTESIAN_POINT('',(-171.625530567811,9.94133353844236,-41.1631514027615));
#7447=CARTESIAN_POINT('',(-171.585257360599,10.0233006280415,-41.249442164038));
#7448=CARTESIAN_POINT('',(-171.550170748663,10.0914535527753,-41.3239721991572));
#7449=CARTESIAN_POINT('',(-171.51586928332,10.1553246000677,-41.3963563015531));
#7450=CARTESIAN_POINT('',(-171.481479229288,10.2168637242114,-41.4685584780186));
#7451=CARTESIAN_POINT('',(-171.446161669262,10.2776405933383,-41.5424175364557));
#7452=CARTESIAN_POINT('',(-171.409809256872,10.337831199496,-41.6182288555642));
#7453=CARTESIAN_POINT('',(-171.372568908686,10.3971830260335,-41.6957614025872));
#7454=CARTESIAN_POINT('',(-171.334469658265,10.4556546889726,-41.775035936075));
#7455=CARTESIAN_POINT('',(-171.295683640275,10.5129998842504,-41.8557791795073));
#7456=CARTESIAN_POINT('',(-171.256259334095,10.5691728176105,-41.9379785683313));
#7457=CARTESIAN_POINT('',(-171.229702765102,10.6056503622726,-41.9934917627688));
#7458=CARTESIAN_POINT('',(-171.216347312264,10.6236674046419,-42.0214601299234));
#7459=AXIS2_PLACEMENT_3D('',#7460,#7461,#7462);
#7460=CARTESIAN_POINT('',(-165.456976972357,8.75000000000002,-40.4782414984335));
#7461=DIRECTION('',(0.258819045102521,-1.38777878078145E-17,-0.965925826289068));
#7462=DIRECTION('',(-0.921499254253519,0.299786785176466,-0.246914981003113));
#7463=CARTESIAN_POINT('',(-240.859638711274,11.0500000000021,-45.));
#7464=CARTESIAN_POINT('',(-240.859638711274,11.0500000000021,-45.));
#7465=VECTOR('',#7466,1.);
#7466=DIRECTION('',(0.,1.,0.));
#7467=CARTESIAN_POINT('',(-244.731835794272,5.00000000000003,-40.050000000303));
#7468=CARTESIAN_POINT('',(-244.731835794233,5.00000000000062,-40.0500000001514));
#7469=CARTESIAN_POINT('',(-244.746196910934,5.01763468290393,-40.0464371274316));
#7470=CARTESIAN_POINT('',(-244.774549624857,5.05275109415519,-40.0395361496974));
#7471=CARTESIAN_POINT('',(-244.816513862428,5.10580034091058,-40.0297019571375));
#7472=CARTESIAN_POINT('',(-244.856783431848,5.15788378470053,-40.0206172901723));
#7473=CARTESIAN_POINT('',(-244.895363195015,5.2090740015697,-40.0122339543086));
#7474=CARTESIAN_POINT('',(-244.931949225817,5.25902871570335,-40.0045723920691));
#7475=CARTESIAN_POINT('',(-244.966661924775,5.30797312860011,-39.9975617952831));
#7476=CARTESIAN_POINT('',(-244.999194895602,5.35551798425496,-39.9912186221368));
#7477=CARTESIAN_POINT('',(-245.029908926547,5.40224219139773,-39.9854305533814));
#7478=CARTESIAN_POINT('',(-245.058546878056,5.44782786721856,-39.9802093421388));
#7479=CARTESIAN_POINT('',(-245.085191143295,5.49247256373547,-39.9755036183761));
#7480=CARTESIAN_POINT('',(-245.109304322983,5.5352617622043,-39.9713708201074));
#7481=CARTESIAN_POINT('',(-245.131110008836,5.57649410476927,-39.9677356667033));
#7482=CARTESIAN_POINT('',(-245.15027851826,5.61537300460547,-39.9646204697274));
#7483=CARTESIAN_POINT('',(-245.167069867028,5.65214817311026,-39.9619531390702));
#7484=CARTESIAN_POINT('',(-245.181369915751,5.68614613811159,-39.9597264809414));
#7485=CARTESIAN_POINT('',(-245.193777155662,5.71835482192585,-39.9578277717151));
#7486=CARTESIAN_POINT('',(-245.204418577887,5.74875773994911,-39.9562240358641));
#7487=CARTESIAN_POINT('',(-245.213586006011,5.77788222283573,-39.9548608337456));
#7488=CARTESIAN_POINT('',(-245.221217442114,5.8051083206544,-39.9537389703008));
#7489=CARTESIAN_POINT('',(-245.227580803019,5.83087377460828,-39.9528124311136));
#7490=CARTESIAN_POINT('',(-245.232762558456,5.85499442341063,-39.9520639410171));
#7491=CARTESIAN_POINT('',(-245.236977270699,5.87793856512027,-39.9514591056525));
#7492=CARTESIAN_POINT('',(-245.240308653438,5.8995906697186,-39.9509835432287));
#7493=CARTESIAN_POINT('',(-245.242923957411,5.92051045505454,-39.9506117498351));
#7494=CARTESIAN_POINT('',(-245.244898606517,5.94092203453064,-39.9503319396109));
#7495=CARTESIAN_POINT('',(-245.246284568234,5.96115758995919,-39.9501360161807));
#7496=CARTESIAN_POINT('',(-245.247078296341,5.98082400665373,-39.9500239876588));
#7497=CARTESIAN_POINT('',(-245.247252756563,5.99408821618884,-39.9499993810354));
#7498=CARTESIAN_POINT('',(-245.247243539483,6.00720798819855,-39.9500006812747));
#7499=CARTESIAN_POINT('',(-245.247041189805,6.02053170300852,-39.9500292214266));
#7500=CARTESIAN_POINT('',(-245.24621844317,6.03989120939212,-39.9501453584103));
#7501=CARTESIAN_POINT('',(-245.244892417037,6.05900736021648,-39.9503328266675));
#7502=CARTESIAN_POINT('',(-245.2430775032,6.07795570062159,-39.9505899894895));
#7503=CARTESIAN_POINT('',(-245.240779110442,6.09682768609091,-39.9509166123232));
#7504=CARTESIAN_POINT('',(-245.237991354964,6.11572065284955,-39.9513142092665));
#7505=CARTESIAN_POINT('',(-245.234707606503,6.13468965913264,-39.9517845609811));
#7506=CARTESIAN_POINT('',(-245.23093524012,6.1537018420934,-39.9523275927528));
#7507=CARTESIAN_POINT('',(-245.226664603448,6.17281931313774,-39.9529458217496));
#7508=CARTESIAN_POINT('',(-245.221894970811,6.19204648402833,-39.9536406417385));
#7509=CARTESIAN_POINT('',(-245.216607100821,6.21145257052211,-39.9544163399413));
#7510=CARTESIAN_POINT('',(-245.21082190879,6.23095914355323,-39.9552714838943));
#7511=CARTESIAN_POINT('',(-245.203761944804,6.2530059689666,-39.9563236976172));
#7512=CARTESIAN_POINT('',(-245.195187695063,6.27766691356525,-39.9576148727558));
#7513=CARTESIAN_POINT('',(-245.184825088994,6.30504193901092,-39.9591960907551));
#7514=CARTESIAN_POINT('',(-245.174377172822,6.33060945691602,-39.9608133753761));
#7515=CARTESIAN_POINT('',(-245.164071370026,6.35433555956622,-39.9624306843131));
#7516=CARTESIAN_POINT('',(-245.154080829865,6.37623144888839,-39.9640181995162));
#7517=CARTESIAN_POINT('',(-245.143546540614,6.39828488300833,-39.9657142011673));
#7518=CARTESIAN_POINT('',(-245.132399425753,6.42065373930507,-39.9675334312366));
#7519=CARTESIAN_POINT('',(-245.120581746623,6.44344717484678,-39.9694896226337));
#7520=CARTESIAN_POINT('',(-245.107831484407,6.46713075247991,-39.9716320457569));
#7521=CARTESIAN_POINT('',(-245.094173048828,6.49160110692256,-39.9739639662817));
#7522=CARTESIAN_POINT('',(-245.079400324619,6.51717232169119,-39.9765290526561));
#7523=CARTESIAN_POINT('',(-245.063544974357,6.5437280646197,-39.9793317359553));
#7524=CARTESIAN_POINT('',(-245.046404609273,6.57154136657582,-39.98241973645));
#7525=CARTESIAN_POINT('',(-245.028235717868,6.60014678764128,-39.985759340798));
#7526=CARTESIAN_POINT('',(-245.008831678973,6.62984382687859,-39.9894009598337));
#7527=CARTESIAN_POINT('',(-244.988174698813,6.66062186379824,-39.9933626906321));
#7528=CARTESIAN_POINT('',(-244.965718833929,6.69323041963621,-39.9977693511232));
#7529=CARTESIAN_POINT('',(-244.941637791766,6.72734200949609,-40.0026115031498));
#7530=CARTESIAN_POINT('',(-244.915505631378,6.76349571434934,-40.008002470087));
#7531=CARTESIAN_POINT('',(-244.887439771968,6.80145915745977,-40.0139505945297));
#7532=CARTESIAN_POINT('',(-244.856973490291,6.84178881856526,-40.0205947026271));
#7533=CARTESIAN_POINT('',(-244.824672866343,6.88367858452628,-40.0278533886445));
#7534=CARTESIAN_POINT('',(-244.790031306495,6.92775568153908,-40.0358824277632));
#7535=CARTESIAN_POINT('',(-244.752933678666,6.97411764374496,-40.0447610313474));
#7536=CARTESIAN_POINT('',(-244.712097569905,7.02428162692051,-40.0548725842497));
#7537=CARTESIAN_POINT('',(-244.667909545064,7.0776711252969,-40.0662189296393));
#7538=CARTESIAN_POINT('',(-244.619503578687,7.13525009732447,-40.0791325435762));
#7539=CARTESIAN_POINT('',(-244.56729072918,7.19644737031472,-40.0936323903107));
#7540=CARTESIAN_POINT('',(-244.510397626316,7.2622079798795,-40.1101166932095));
#7541=CARTESIAN_POINT('',(-244.450135314835,7.33096543302172,-40.1283667078766));
#7542=CARTESIAN_POINT('',(-244.385970438065,7.40331809820248,-40.1486959219793));
#7543=CARTESIAN_POINT('',(-244.318234933407,7.47888028723891,-40.1711676337723));
#7544=CARTESIAN_POINT('',(-244.245373043385,7.55935918003217,-40.1965201932737));
#7545=CARTESIAN_POINT('',(-244.168299421772,7.64371296823205,-40.2246979569757));
#7546=CARTESIAN_POINT('',(-244.086365560473,7.73264187382927,-40.2562095144315));
#7547=CARTESIAN_POINT('',(-244.000517037176,7.82511753332563,-40.2909773539963));
#7548=CARTESIAN_POINT('',(-243.910114902548,7.92183184952561,-40.3295788106593));
#7549=CARTESIAN_POINT('',(-243.816837400651,8.0210070327341,-40.371604558654));
#7550=CARTESIAN_POINT('',(-243.720715481287,8.12264690729737,-40.4173041225672));
#7551=CARTESIAN_POINT('',(-243.622494293389,8.22600151571691,-40.4665746786474));
#7552=CARTESIAN_POINT('',(-243.52129094726,8.33203052726937,-40.5201566998245));
#7553=CARTESIAN_POINT('',(-243.417926597941,8.43989984016895,-40.5779468263887));
#7554=CARTESIAN_POINT('',(-243.299789720319,8.56275409545479,-40.6477149809714));
#7555=CARTESIAN_POINT('',(-243.167910049774,8.69939535135388,-40.7307795216326));
#7556=CARTESIAN_POINT('',(-243.022687973477,8.84931909705669,-40.8292852197493));
#7557=CARTESIAN_POINT('',(-242.889684026477,8.98620568918633,-40.9264400117717));
#7558=CARTESIAN_POINT('',(-242.769274144114,9.10984409038327,-41.0203049674844));
#7559=CARTESIAN_POINT('',(-242.661731885315,9.22007387394699,-41.1089383399767));
#7560=CARTESIAN_POINT('',(-242.555527968263,9.32875946286956,-41.201485128456));
#7561=CARTESIAN_POINT('',(-242.439682163872,9.44714431915999,-41.3082346790018));
#7562=CARTESIAN_POINT('',(-242.315458865272,9.57390288415368,-41.4303967590702));
#7563=CARTESIAN_POINT('',(-242.184253575737,9.70759181362991,-41.5694429450039));
#7564=CARTESIAN_POINT('',(-242.068521587442,9.82536624482148,-41.7017150676754));
#7565=CARTESIAN_POINT('',(-241.967610585732,9.92796061059209,-41.8250243981896));
#7566=CARTESIAN_POINT('',(-241.881064179205,10.0158865960509,-41.9370196033246));
#7567=CARTESIAN_POINT('',(-241.798246270333,10.0999698379693,-42.0505386802822));
#7568=CARTESIAN_POINT('',(-241.719481531095,10.1798911629216,-42.1649588066688));
#7569=CARTESIAN_POINT('',(-241.644513463438,10.2559200431996,-42.2804559343221));
#7570=CARTESIAN_POINT('',(-241.566036231119,10.335470141297,-42.4087606701));
#7571=CARTESIAN_POINT('',(-241.482847924754,10.4197537864735,-42.5546648850192));
#7572=CARTESIAN_POINT('',(-241.394705696819,10.509010677358,-42.7231189684536));
#7573=CARTESIAN_POINT('',(-241.307233756874,10.5975463049569,-42.9071720976474));
#7574=CARTESIAN_POINT('',(-241.223923754624,10.6818315544409,-43.1029285128529));
#7575=CARTESIAN_POINT('',(-241.147687466866,10.7589297798534,-43.305731085672));
#7576=CARTESIAN_POINT('',(-241.088167946239,10.8191022845822,-43.4869158084972));
#7577=CARTESIAN_POINT('',(-241.04354516218,10.8642044198589,-43.6406191973713));
#7578=CARTESIAN_POINT('',(-241.011988115966,10.8960955824745,-43.7609430465695));
#7579=CARTESIAN_POINT('',(-240.985870241108,10.9224868382548,-43.8706574333522));
#7580=CARTESIAN_POINT('',(-240.963669186503,10.9449180487392,-43.9734052072101));
#7581=CARTESIAN_POINT('',(-240.944029770344,10.9647593443904,-44.0742181232572));
#7582=CARTESIAN_POINT('',(-240.926890081389,10.9820739162017,-44.1725433648771));
#7583=CARTESIAN_POINT('',(-240.911925163165,10.9971905474506,-44.2694341489967));
#7584=CARTESIAN_POINT('',(-240.899038169049,11.0102074608583,-44.3648751724384));
#7585=CARTESIAN_POINT('',(-240.888086468753,11.0212690440668,-44.4593362971379));
#7586=CARTESIAN_POINT('',(-240.879053377754,11.0303924068952,-44.5522185945774));
#7587=CARTESIAN_POINT('',(-240.871814604141,11.0377032873328,-44.6438904989284));
#7588=CARTESIAN_POINT('',(-240.866304591417,11.0432680475848,-44.7342071833423));
#7589=CARTESIAN_POINT('',(-240.862432637362,11.047178401533,-44.8235915453944));
#7590=CARTESIAN_POINT('',(-240.860144379594,11.0494893268223,-44.9120075344583));
#7591=CARTESIAN_POINT('',(-240.859638617926,11.0500000921095,-44.9707551290784));
#7592=CARTESIAN_POINT('',(-240.859638711274,11.0500000000011,-45.));
#7593=CARTESIAN_POINT('',(-247.187441627025,5.00000000000003,-40.0499999999926));
#7594=AXIS2_PLACEMENT_3D('',#7595,#7596,#7597);
#7595=CARTESIAN_POINT('',(-245.959638711274,5.00000000000003,-45.));
#7596=DIRECTION('',(1.28635124736305E-16,1.,7.12642219874121E-17));
#7597=DIRECTION('',(-0.240745669755086,-3.81998661998034E-17,0.970588235295573));
#7598=CARTESIAN_POINT('',(-251.059638711274,11.0500000000075,-45.));
#7599=CARTESIAN_POINT('',(-251.059638711274,11.0500000000037,-45.));
#7600=CARTESIAN_POINT('',(-251.059638837559,11.0500001249533,-44.9693434489426));
#7601=CARTESIAN_POINT('',(-251.059085409064,11.0494412216512,-44.9080195858773));
#7602=CARTESIAN_POINT('',(-251.056598983483,11.0469301642828,-44.8161153791166));
#7603=CARTESIAN_POINT('',(-251.052455565693,11.0427456484356,-44.7242562048476));
#7604=CARTESIAN_POINT('',(-251.046655488025,11.0368879257515,-44.6324661252131));
#7605=CARTESIAN_POINT('',(-251.039198837342,11.0293569698505,-44.5407718964322));
#7606=CARTESIAN_POINT('',(-251.030094796416,11.0201619066887,-44.4492818873225));
#7607=CARTESIAN_POINT('',(-251.019357634306,11.0093169669668,-44.3580894041132));
#7608=CARTESIAN_POINT('',(-251.007005899177,10.9968406717638,-44.2672797867839));
#7609=CARTESIAN_POINT('',(-250.992495100833,10.9821827638981,-44.1732674992902));
#7610=CARTESIAN_POINT('',(-250.974994217594,10.9645033430851,-44.0726038763381));
#7611=CARTESIAN_POINT('',(-250.949172594091,10.9384162230284,-43.9406279902777));
#7612=CARTESIAN_POINT('',(-250.906501512568,10.8953011123896,-43.7522563715354));
#7613=CARTESIAN_POINT('',(-250.834692236187,10.8227279771898,-43.4912805360192));
#7614=CARTESIAN_POINT('',(-250.737339702903,10.7243010766934,-43.2066564510242));
#7615=CARTESIAN_POINT('',(-250.63342737202,10.6191856966547,-42.9543213091233));
#7616=CARTESIAN_POINT('',(-250.549045241644,10.5337836417343,-42.7738067416625));
#7617=CARTESIAN_POINT('',(-250.484233095946,10.4681628665281,-42.64571597804));
#7618=CARTESIAN_POINT('',(-250.430940633671,10.4141889917766,-42.546154713385));
#7619=CARTESIAN_POINT('',(-250.378532083828,10.3610942018623,-42.4530427582371));
#7620=CARTESIAN_POINT('',(-250.318759967054,10.3005204315397,-42.351740972689));
#7621=CARTESIAN_POINT('',(-250.249048090533,10.2298452762349,-42.2399285123587));
#7622=CARTESIAN_POINT('',(-250.168236024673,10.1478740405527,-42.1181749021175));
#7623=CARTESIAN_POINT('',(-250.089803385065,10.0682701042998,-42.0070946184294));
#7624=CARTESIAN_POINT('',(-250.014484251083,9.99178208760471,-41.9060281367758));
#7625=CARTESIAN_POINT('',(-249.942517346138,9.91865820362622,-41.8138841960207));
#7626=CARTESIAN_POINT('',(-249.867067457759,9.84194846332183,-41.721763281164));
#7627=CARTESIAN_POINT('',(-249.787723616389,9.76122484484094,-41.6294249759444));
#7628=CARTESIAN_POINT('',(-249.704879849485,9.67687656061415,-41.5375753601282));
#7629=CARTESIAN_POINT('',(-249.618119773472,9.58846574728605,-41.4460026159799));
#7630=CARTESIAN_POINT('',(-249.528258980047,9.4968080163423,-41.3557694772544));
#7631=CARTESIAN_POINT('',(-249.435279407028,9.40186827518518,-41.2669788454642));
#7632=CARTESIAN_POINT('',(-249.339557910215,9.30401275930622,-41.1800816798229));
#7633=CARTESIAN_POINT('',(-249.240571609384,9.20268432849947,-41.0947184156897));
#7634=CARTESIAN_POINT('',(-249.1387655686,9.09831170705144,-41.0113945147508));
#7635=CARTESIAN_POINT('',(-249.034031226142,8.9907525894177,-40.9301122628166));
#7636=CARTESIAN_POINT('',(-248.926831319059,8.88044647157063,-40.8513002263284));
#7637=CARTESIAN_POINT('',(-248.817059847814,8.767241677383,-40.7749416419523));
#7638=CARTESIAN_POINT('',(-248.705365784978,8.65175824793366,-40.701518957325));
#7639=CARTESIAN_POINT('',(-248.592333169624,8.53454501875326,-40.6313880837693));
#7640=CARTESIAN_POINT('',(-248.478715553272,8.41632412476595,-40.5649174553963));
#7641=CARTESIAN_POINT('',(-248.365185163556,8.29773038210126,-40.5023497599131));
#7642=CARTESIAN_POINT('',(-248.252028156221,8.17899090323405,-40.4436568595487));
#7643=CARTESIAN_POINT('',(-248.140097228227,8.06092028989435,-40.3890719050097));
#7644=CARTESIAN_POINT('',(-248.029694265001,7.94374978622853,-40.3384945374555));
#7645=CARTESIAN_POINT('',(-247.921678265885,7.82829881265388,-40.2920417076535));
#7646=CARTESIAN_POINT('',(-247.815621294428,7.71400178439071,-40.2492578035047));
#7647=CARTESIAN_POINT('',(-247.712625712237,7.60191919927017,-40.2103290100072));
#7648=CARTESIAN_POINT('',(-247.613068921356,7.49232952422977,-40.1750974031078));
#7649=CARTESIAN_POINT('',(-247.518838717382,7.38720736388501,-40.1438712501534));
#7650=CARTESIAN_POINT('',(-247.429348078298,7.28581172046193,-40.116079096959));
#7651=CARTESIAN_POINT('',(-247.345731281693,7.18934583598394,-40.0917290768688));
#7652=CARTESIAN_POINT('',(-247.267362681039,7.09701092565158,-40.0703076206881));
#7653=CARTESIAN_POINT('',(-247.195317782747,7.01004948452855,-40.0517885131339));
#7654=CARTESIAN_POINT('',(-247.127952193538,6.92643416833828,-40.0354739035432));
#7655=CARTESIAN_POINT('',(-247.065780219153,6.84670194158193,-40.0212737111065));
#7656=CARTESIAN_POINT('',(-247.008440140995,6.77027534940973,-40.0089039470911));
#7657=CARTESIAN_POINT('',(-246.95747144164,6.69926595006813,-39.9984873359085));
#7658=CARTESIAN_POINT('',(-246.911913607169,6.63252812513743,-39.9896310612183));
#7659=CARTESIAN_POINT('',(-246.872409861151,6.57128697600987,-39.9822992503261));
#7660=CARTESIAN_POINT('',(-246.838087669523,6.51458855288729,-39.9761903283991));
#7661=CARTESIAN_POINT('',(-246.809294535152,6.46364939925978,-39.9712501974668));
#7662=CARTESIAN_POINT('',(-246.784384441094,6.41619551767247,-39.9671107351349));
#7663=CARTESIAN_POINT('',(-246.763174417127,6.37236094566948,-39.963685459917));
#7664=CARTESIAN_POINT('',(-246.745049108541,6.33133802283179,-39.9608312503456));
#7665=CARTESIAN_POINT('',(-246.730389424754,6.29478484825913,-39.958571426218));
#7666=CARTESIAN_POINT('',(-246.718406469483,6.26174249610295,-39.9567560097643));
#7667=CARTESIAN_POINT('',(-246.70885894419,6.23252255783449,-39.9553301163198));
#7668=CARTESIAN_POINT('',(-246.701087878908,6.20599926863226,-39.9541830118181));
#7669=CARTESIAN_POINT('',(-246.694904827971,6.18241279959194,-39.9532788694321));
#7670=CARTESIAN_POINT('',(-246.689772141026,6.16042563465597,-39.9525340534889));
#7671=CARTESIAN_POINT('',(-246.68546320601,6.13949855074858,-39.9519128182529));
#7672=CARTESIAN_POINT('',(-246.68178979318,6.11889866104855,-39.9513861685267));
#7673=CARTESIAN_POINT('',(-246.678753123585,6.098769671828,-39.9509528642455));
#7674=CARTESIAN_POINT('',(-246.676308354017,6.07900019120861,-39.9506053648602));
#7675=CARTESIAN_POINT('',(-246.674440778166,6.05969394667539,-39.9503407192802));
#7676=CARTESIAN_POINT('',(-246.673113237002,6.0407638824087,-39.9501530249285));
#7677=CARTESIAN_POINT('',(-246.672300542259,6.02231249043713,-39.9500382961887));
#7678=CARTESIAN_POINT('',(-246.672050466948,6.008760934512,-39.9500030207989));
#7679=CARTESIAN_POINT('',(-246.672015732997,5.99678449611608,-39.9499981208838));
#7680=CARTESIAN_POINT('',(-246.672129845373,5.98498529105815,-39.9500142173766));
#7681=CARTESIAN_POINT('',(-246.672639880968,5.96885005188808,-39.9500861870588));
#7682=CARTESIAN_POINT('',(-246.6735920511,5.95179830031189,-39.9502206914991));
#7683=CARTESIAN_POINT('',(-246.674911917151,5.93515693666519,-39.950407443396));
#7684=CARTESIAN_POINT('',(-246.676558394614,5.9190225712787,-39.9506409049568));
#7685=CARTESIAN_POINT('',(-246.678502673749,5.90334096204599,-39.950917304938));
#7686=CARTESIAN_POINT('',(-246.680697518822,5.88820554017235,-39.951230247367));
#7687=CARTESIAN_POINT('',(-246.683129753484,5.87348053224877,-39.9515781775557));
#7688=CARTESIAN_POINT('',(-246.685770169778,5.85917693408633,-39.9519572434302));
#7689=CARTESIAN_POINT('',(-246.688613554327,5.84519418050412,-39.9523670301533));
#7690=CARTESIAN_POINT('',(-246.6916356289,5.83154493412959,-39.952804362281));
#7691=CARTESIAN_POINT('',(-246.694845337849,5.81810882913154,-39.9532708692888));
#7692=CARTESIAN_POINT('',(-246.698855607362,5.80243810158647,-39.9538564098255));
#7693=CARTESIAN_POINT('',(-246.704262876229,5.78292450242202,-39.95465071669));
#7694=CARTESIAN_POINT('',(-246.711848470859,5.75804800335428,-39.9557749787196));
#7695=CARTESIAN_POINT('',(-246.722355488853,5.72690336865833,-39.9573505832873));
#7696=CARTESIAN_POINT('',(-246.737386272976,5.68700559115856,-39.9596410851103));
#7697=CARTESIAN_POINT('',(-246.757401390242,5.63998234839942,-39.9627631607678));
#7698=CARTESIAN_POINT('',(-246.77977030723,5.59303219640879,-39.9663572711986));
#7699=CARTESIAN_POINT('',(-246.800104722228,5.55373256590643,-39.969718773652));
#7700=CARTESIAN_POINT('',(-246.817520356705,5.52183178516393,-39.9726622984324));
#7701=CARTESIAN_POINT('',(-246.83372754623,5.49333133418205,-39.9754539064943));
#7702=CARTESIAN_POINT('',(-246.850699564061,5.46458649717889,-39.9784350601485));
#7703=CARTESIAN_POINT('',(-246.868309819808,5.4357726076604,-39.9815912198225));
#7704=CARTESIAN_POINT('',(-246.886298527209,5.40724673568619,-39.9848813670328));
#7705=CARTESIAN_POINT('',(-246.904391523216,5.379353942023,-39.9882582569651));
#7706=CARTESIAN_POINT('',(-246.92243660454,5.35222733006801,-39.9916937426653));
#7707=CARTESIAN_POINT('',(-246.940289175777,5.32598756039578,-39.995158940222));
#7708=CARTESIAN_POINT('',(-246.958051888022,5.30040235750278,-39.9986722228464));
#7709=CARTESIAN_POINT('',(-246.975610814035,5.27557057921066,-40.0022097740333));
#7710=CARTESIAN_POINT('',(-246.992941297565,5.25146634925489,-40.0057645542121));
#7711=CARTESIAN_POINT('',(-247.009784347108,5.22838860756204,-40.0092795865132));
#7712=CARTESIAN_POINT('',(-247.026209919899,5.20618382135649,-40.0127646111355));
#7713=CARTESIAN_POINT('',(-247.042069874996,5.18500336117261,-40.0161833581204));
#7714=CARTESIAN_POINT('',(-247.057442146307,5.16469939030475,-40.0195475494477));
#7715=CARTESIAN_POINT('',(-247.072177925385,5.14542879329339,-40.022819090953));
#7716=CARTESIAN_POINT('',(-247.086494112437,5.12687515748629,-40.0260411874763));
#7717=CARTESIAN_POINT('',(-247.100360831089,5.10905269584822,-40.0292033616539));
#7718=CARTESIAN_POINT('',(-247.113884074787,5.09180480912374,-40.0323265395791));
#7719=CARTESIAN_POINT('',(-247.12691631028,5.07530033566777,-40.0353730438192));
#7720=CARTESIAN_POINT('',(-247.139584366484,5.05936119190733,-40.0383689345298));
#7721=CARTESIAN_POINT('',(-247.153160971367,5.04238192115569,-40.0416156809676));
#7722=CARTESIAN_POINT('',(-247.169077658363,5.0226062588016,-40.0454699068186));
#7723=CARTESIAN_POINT('',(-247.180904947934,5.00802580900107,-40.0483786279943));
#7724=CARTESIAN_POINT('',(-247.187441627042,5.00000000000003,-40.0499999999963));
#7725=CARTESIAN_POINT('',(-251.059638711274,11.0500000000075,-45.));
#7726=VECTOR('',#7727,1.);
#7727=DIRECTION('',(0.,1.,0.));
#7728=CARTESIAN_POINT('',(-251.059638711274,6.00000000000003,-50.05));
#7729=AXIS2_PLACEMENT_3D('',#7730,#7731,#7732);
#7730=CARTESIAN_POINT('',(-251.059638711274,6.00000000000003,-45.));
#7731=DIRECTION('',(-1.,0.,0.));
#7732=DIRECTION('',(0.,1.,1.40701531833683E-15));
#7733=CARTESIAN_POINT('',(-251.059638711274,5.00000000000003,-49.95));
#7734=AXIS2_PLACEMENT_3D('',#7735,#7736,#7737);
#7735=CARTESIAN_POINT('',(-251.059638711274,6.00000000000003,-45.));
#7736=DIRECTION('',(-1.,0.,0.));
#7737=DIRECTION('',(0.,0.,-1.));
#7738=CARTESIAN_POINT('',(-251.059638711274,5.00000000000003,-57.55));
#7739=CARTESIAN_POINT('',(-251.059638711274,5.00000000000003,-57.55));
#7740=VECTOR('',#7741,1.);
#7741=DIRECTION('',(0.,-1.1686558153949E-16,1.));
#7742=CARTESIAN_POINT('',(-251.059638711274,6.00000000000003,-67.55));
#7743=AXIS2_PLACEMENT_3D('',#7744,#7745,#7746);
#7744=CARTESIAN_POINT('',(-251.059638711274,6.00000000000003,-62.5));
#7745=DIRECTION('',(-1.,0.,0.));
#7746=DIRECTION('',(0.,-0.198019801980197,0.98019801980198));
#7747=CARTESIAN_POINT('',(-251.059638711274,5.00000000000003,-67.45));
#7748=AXIS2_PLACEMENT_3D('',#7749,#7750,#7751);
#7749=CARTESIAN_POINT('',(-251.059638711274,6.00000000000003,-62.5));
#7750=DIRECTION('',(-1.,0.,0.));
#7751=DIRECTION('',(0.,0.,-1.));
#7752=CARTESIAN_POINT('',(-251.059638711274,5.00000000000003,-75.05));
#7753=CARTESIAN_POINT('',(-251.059638711274,5.00000000000003,-75.05));
#7754=VECTOR('',#7755,1.);
#7755=DIRECTION('',(0.,-1.1686558153949E-16,1.));
#7756=CARTESIAN_POINT('',(-251.059638711274,11.0500000000041,-80.));
#7757=AXIS2_PLACEMENT_3D('',#7758,#7759,#7760);
#7758=CARTESIAN_POINT('',(-251.059638711274,6.00000000000003,-80.));
#7759=DIRECTION('',(-1.,0.,0.));
#7760=DIRECTION('',(0.,-0.198019801980197,0.98019801980198));
#7761=CARTESIAN_POINT('',(-251.059638711274,11.0500000000041,-80.));
#7762=VECTOR('',#7763,1.);
#7763=DIRECTION('',(0.,1.,0.));
#7764=CARTESIAN_POINT('',(-246.672029053715,6.00000000000003,-85.05));
#7765=CARTESIAN_POINT('',(-251.059638711274,11.050000000002,-80.));
#7766=CARTESIAN_POINT('',(-251.059638837554,11.0500001248337,-80.0310067179701));
#7767=CARTESIAN_POINT('',(-251.059072823393,11.0494285114644,-80.0930130058548));
#7768=CARTESIAN_POINT('',(-251.056531666415,11.0468621801837,-80.1858991240178));
#7769=CARTESIAN_POINT('',(-251.05230242308,11.0425909858243,-80.2786517461377));
#7770=CARTESIAN_POINT('',(-251.046391713658,11.0366215271327,-80.3712271178973));
#7771=CARTESIAN_POINT('',(-251.038805990887,11.0289602032056,-80.4635947594505));
#7772=CARTESIAN_POINT('',(-251.029555981925,11.0196176955951,-80.5556890484352));
#7773=CARTESIAN_POINT('',(-251.018654431923,11.0086066909751,-80.6474573916164));
#7774=CARTESIAN_POINT('',(-251.0061170155,10.9959428019115,-80.7388422730031));
#7775=CARTESIAN_POINT('',(-250.991934590106,10.981616539049,-80.8299583311384));
#7776=CARTESIAN_POINT('',(-250.976094520109,10.9656148448146,-80.9208780335131));
#7777=CARTESIAN_POINT('',(-250.95853899739,10.9478789808503,-81.0118640727145));
#7778=CARTESIAN_POINT('',(-250.939259040298,10.9283994814742,-81.1028510393237));
#7779=CARTESIAN_POINT('',(-250.918180056133,10.9071005340732,-81.1940696685788));
#7780=CARTESIAN_POINT('',(-250.895290976198,10.8839704447103,-81.2854257904098));
#7781=CARTESIAN_POINT('',(-250.87049043978,10.8589061980878,-81.3771589615631));
#7782=CARTESIAN_POINT('',(-250.843832998971,10.8319622679714,-81.4689146967662));
#7783=CARTESIAN_POINT('',(-250.815235194389,10.803053569506,-81.5608609938541));
#7784=CARTESIAN_POINT('',(-250.784703891259,10.7721862271241,-81.6528490545083));
#7785=CARTESIAN_POINT('',(-250.752074783299,10.7391931830894,-81.7452171748338));
#7786=CARTESIAN_POINT('',(-250.717443902142,10.7041704855268,-81.8375413734755));
#7787=CARTESIAN_POINT('',(-250.676550683211,10.6628074870104,-81.9404395877766));
#7788=CARTESIAN_POINT('',(-250.628778787174,10.6144763575769,-82.053070118589));
#7789=CARTESIAN_POINT('',(-250.573325218783,10.5583582178388,-82.1748244912814));
#7790=CARTESIAN_POINT('',(-250.517657390714,10.5020062487788,-82.2890113835016));
#7791=CARTESIAN_POINT('',(-250.460298720117,10.4439248207824,-82.3997690459817));
#7792=CARTESIAN_POINT('',(-250.391099937894,10.3738315563571,-82.5260022937153));
#7793=CARTESIAN_POINT('',(-250.296026296094,10.2774847121572,-82.687285393573));
#7794=CARTESIAN_POINT('',(-250.174915467964,10.1546641745201,-82.8740808588688));
#7795=CARTESIAN_POINT('',(-250.048204971222,10.0260446352894,-83.0508598163538));
#7796=CARTESIAN_POINT('',(-249.939548948352,9.91564608324046,-83.1902634073811));
#7797=CARTESIAN_POINT('',(-249.850471841336,9.8250690691151,-83.2979258597473));
#7798=CARTESIAN_POINT('',(-249.760522402723,9.73354116755069,-83.4015279917406));
#7799=CARTESIAN_POINT('',(-249.656502527425,9.62759927903527,-83.514648450943));
#7800=CARTESIAN_POINT('',(-249.537266592582,9.50601266139218,-83.6359746313921));
#7801=CARTESIAN_POINT('',(-249.423426330531,9.3897652642319,-83.7443010046482));
#7802=CARTESIAN_POINT('',(-249.316145421166,9.2800593333223,-83.8405147736825));
#7803=CARTESIAN_POINT('',(-249.216247451014,9.17776210800109,-83.925592299134));
#7804=CARTESIAN_POINT('',(-249.113772408968,9.07266208682367,-84.008398900434));
#7805=CARTESIAN_POINT('',(-249.008760400604,8.96476963645524,-84.0888493880604));
#7806=CARTESIAN_POINT('',(-248.901707986735,8.85456020871579,-84.1665419750512));
#7807=CARTESIAN_POINT('',(-248.792672753666,8.74205268373556,-84.2414311417394));
#7808=CARTESIAN_POINT('',(-248.682187509584,8.62775077087631,-84.3131762142167));
#7809=CARTESIAN_POINT('',(-248.570898912049,8.51227240279736,-84.381431100846));
#7810=CARTESIAN_POINT('',(-248.459479266007,8.39626101558104,-84.4459227047628));
#7811=CARTESIAN_POINT('',(-248.348714813905,8.28047808784019,-84.5063862762116));
#7812=CARTESIAN_POINT('',(-248.238742160697,8.16500418985192,-84.5629669999379));
#7813=CARTESIAN_POINT('',(-248.130372686973,8.05062230751121,-84.6154775625527));
#7814=CARTESIAN_POINT('',(-248.023743463919,7.9374023110972,-84.6641072164145));
#7815=CARTESIAN_POINT('',(-247.919672328157,7.82613477980087,-84.7087588152648));
#7816=CARTESIAN_POINT('',(-247.817594661185,7.71612433523889,-84.7499377598342));
#7817=CARTESIAN_POINT('',(-247.718497392061,7.60832532174388,-84.7874881014269));
#7818=CARTESIAN_POINT('',(-247.622647149732,7.50291449393966,-84.8215836842171));
#7819=CARTESIAN_POINT('',(-247.531852808608,7.40179545282338,-84.8519090036749));
#7820=CARTESIAN_POINT('',(-247.445536762788,7.30425716244792,-84.8790012956682));
#7821=CARTESIAN_POINT('',(-247.36479165075,7.21147291322182,-84.9028327262768));
#7822=CARTESIAN_POINT('',(-247.289010003046,7.12269124981246,-84.9238864921092));
#7823=CARTESIAN_POINT('',(-247.21921816331,7.03910962389864,-84.9421717762345));
#7824=CARTESIAN_POINT('',(-247.153839879509,6.95882368094793,-84.9583545634077));
#7825=CARTESIAN_POINT('',(-247.093304595837,6.88229691567049,-84.9725253488051));
#7826=CARTESIAN_POINT('',(-247.037181576505,6.8089089905542,-84.9849666805551));
#7827=CARTESIAN_POINT('',(-246.98692168806,6.7406158090693,-84.9955455513928));
#7828=CARTESIAN_POINT('',(-246.941620248754,6.6763542639817,-85.0046315583825));
#7829=CARTESIAN_POINT('',(-246.901757440146,6.61702775652497,-85.0122751640927));
#7830=CARTESIAN_POINT('',(-246.86636520699,6.56145423151164,-85.018786363017));
#7831=CARTESIAN_POINT('',(-246.835834421062,6.51063560448469,-85.0241973876018));
#7832=CARTESIAN_POINT('',(-246.808842662952,6.4627584272137,-85.0288237981508));
#7833=CARTESIAN_POINT('',(-246.785358676868,6.41807893377223,-85.0327282572192));
#7834=CARTESIAN_POINT('',(-246.76483482627,6.37585572054259,-85.0360480811387));
#7835=CARTESIAN_POINT('',(-246.747638829369,6.33736482252674,-85.0387637292542));
#7836=CARTESIAN_POINT('',(-246.733095423762,6.30176013314628,-85.0410141752343));
#7837=CARTESIAN_POINT('',(-246.720022300762,6.26655559569931,-85.0430021355203));
#7838=CARTESIAN_POINT('',(-246.708227563829,6.23086623653085,-85.0447654758182));
#7839=CARTESIAN_POINT('',(-246.697942225828,6.19486352894771,-85.0462794755535));
#7840=CARTESIAN_POINT('',(-246.690328398682,6.16334567845236,-85.0473860984913));
#7841=CARTESIAN_POINT('',(-246.68473325356,6.13583512405707,-85.0481922379135));
#7842=CARTESIAN_POINT('',(-246.68065039032,6.11197470284813,-85.0487767472605));
#7843=CARTESIAN_POINT('',(-246.677405066848,6.08866551867371,-85.0492389680171));
#7844=CARTESIAN_POINT('',(-246.674959426439,6.06596371107735,-85.0495858944654));
#7845=CARTESIAN_POINT('',(-246.673252182747,6.04365395703136,-85.049827361038));
#7846=CARTESIAN_POINT('',(-246.672251010349,6.02176392574611,-85.0499687056684));
#7847=CARTESIAN_POINT('',(-246.67202894966,6.00721666393682,-85.0499999950148));
#7848=CARTESIAN_POINT('',(-246.672029053714,6.00000000000003,-85.05));
#7849=CARTESIAN_POINT('',(-247.187441627052,5.00000000000003,-84.9500000000007));
#7850=CARTESIAN_POINT('',(-246.672029053715,6.00000000000003,-85.0499999999999));
#7851=CARTESIAN_POINT('',(-246.672029007649,5.994371836573,-85.0499999992573));
#7852=CARTESIAN_POINT('',(-246.672162452648,5.98314862711123,-85.0499811877812));
#7853=CARTESIAN_POINT('',(-246.672755346962,5.96641607273181,-85.0498975095372));
#7854=CARTESIAN_POINT('',(-246.67372971032,5.94983793055002,-85.0497598456077));
#7855=CARTESIAN_POINT('',(-246.675070426322,5.93344018013545,-85.0495701040665));
#7856=CARTESIAN_POINT('',(-246.676751663229,5.91732584226679,-85.0493316556056));
#7857=CARTESIAN_POINT('',(-246.678747727705,5.90152453259021,-85.0490478087143));
#7858=CARTESIAN_POINT('',(-246.681019755708,5.88613278405201,-85.0487237348286));
#7859=CARTESIAN_POINT('',(-246.683550436323,5.87108367529183,-85.0483615357135));
#7860=CARTESIAN_POINT('',(-246.68640080369,5.85592467367192,-85.0479520548136));
#7861=CARTESIAN_POINT('',(-246.689692590085,5.84011419842797,-85.0474771578566));
#7862=CARTESIAN_POINT('',(-246.694252557465,5.82024696774392,-85.046816020143));
#7863=CARTESIAN_POINT('',(-246.701380725097,5.79258562750558,-85.0457751096639));
#7864=CARTESIAN_POINT('',(-246.712011747805,5.75702038671623,-85.0442036722259));
#7865=CARTESIAN_POINT('',(-246.725107266915,5.71921158088281,-85.0422339288234));
#7866=CARTESIAN_POINT('',(-246.737703209631,5.68677307034726,-85.0403037690428));
#7867=CARTESIAN_POINT('',(-246.748696941184,5.66051484666515,-85.0385929730601));
#7868=CARTESIAN_POINT('',(-246.759244334452,5.63664565005355,-85.0369308375383));
#7869=CARTESIAN_POINT('',(-246.771975699134,5.60932990652775,-85.0348961215559));
#7870=CARTESIAN_POINT('',(-246.787448532896,5.57804322341674,-85.0323782791611));
#7871=CARTESIAN_POINT('',(-246.804295763984,5.54592817289362,-85.0295779172021));
#7872=CARTESIAN_POINT('',(-246.820285859345,5.51691103392733,-85.0268642089149));
#7873=CARTESIAN_POINT('',(-246.835077945245,5.4910569800431,-85.0243083150204));
#7874=CARTESIAN_POINT('',(-246.849678030599,5.46632921200304,-85.0217434925828));
#7875=CARTESIAN_POINT('',(-246.86526413111,5.44071529718026,-85.0189573486924));
#7876=CARTESIAN_POINT('',(-246.882085457503,5.41386252316724,-85.015894355917));
#7877=CARTESIAN_POINT('',(-246.899948652518,5.38613065879892,-85.0125776466089));
#7878=CARTESIAN_POINT('',(-246.918985956646,5.35734669669403,-85.0089703920781));
#7879=CARTESIAN_POINT('',(-246.939059475677,5.32774586446958,-85.0050857533124));
#7880=CARTESIAN_POINT('',(-246.960321410779,5.29712845781591,-85.0008797818741));
#7881=CARTESIAN_POINT('',(-246.982462179112,5.2659508212358,-84.9963996710582));
#7882=CARTESIAN_POINT('',(-247.005473289737,5.23421483236048,-84.9916349358533));
#7883=CARTESIAN_POINT('',(-247.029209210683,5.20210507969579,-84.9866043268864));
#7884=CARTESIAN_POINT('',(-247.053846455967,5.16937106236166,-84.9812577339082));
#7885=CARTESIAN_POINT('',(-247.07924023788,5.13619532129314,-84.9756131017125));
#7886=CARTESIAN_POINT('',(-247.105423506543,5.10252009103245,-84.9696502424854));
#7887=CARTESIAN_POINT('',(-247.132234870514,5.06853578918314,-84.9633938197155));
#7888=CARTESIAN_POINT('',(-247.159661703638,5.03423900750281,-84.9568351518792));
#7889=CARTESIAN_POINT('',(-247.17813293332,5.0114295568309,-84.9523090142013));
#7890=CARTESIAN_POINT('',(-247.187441627056,5.00000000000003,-84.9500000000004));
#7891=CARTESIAN_POINT('',(-244.73183579332,5.00000000000003,-84.9499999994611));
#7892=AXIS2_PLACEMENT_3D('',#7893,#7894,#7895);
#7893=CARTESIAN_POINT('',(-245.959638711274,5.00000000000003,-80.));
#7894=DIRECTION('',(1.28635124736305E-16,1.,7.12642219874121E-17));
#7895=DIRECTION('',(0.240745670187019,3.81998661366067E-17,-0.970588235188436));
#7896=CARTESIAN_POINT('',(-245.247248368835,6.00000000000003,-85.05));
#7897=CARTESIAN_POINT('',(-244.731835793253,5.00000000000003,-84.9499999997306));
#7898=CARTESIAN_POINT('',(-244.745484797284,5.01675993124628,-84.9533860784291));
#7899=CARTESIAN_POINT('',(-244.772444902587,5.05013777443777,-84.9599543623635));
#7900=CARTESIAN_POINT('',(-244.812356444974,5.10051237611568,-84.9693344437304));
#7901=CARTESIAN_POINT('',(-244.850745888227,5.15001518305794,-84.9780368453743));
#7902=CARTESIAN_POINT('',(-244.887612916902,5.19870114105954,-84.9861018936509));
#7903=CARTESIAN_POINT('',(-244.922665974209,5.24623491934935,-84.9935053095251));
#7904=CARTESIAN_POINT('',(-244.956021490528,5.29282183643053,-85.0003114880114));
#7905=CARTESIAN_POINT('',(-244.987384088467,5.33808072918499,-85.0064999259968));
#7906=CARTESIAN_POINT('',(-245.017094131211,5.38253963194264,-85.0121747415194));
#7907=CARTESIAN_POINT('',(-245.044890353711,5.42585838398054,-85.0173186131898));
#7908=CARTESIAN_POINT('',(-245.07081424797,5.46813817734562,-85.0219719696365));
#7909=CARTESIAN_POINT('',(-245.094421096862,5.50861677629112,-85.026089160271));
#7910=CARTESIAN_POINT('',(-245.115987263752,5.54767933968839,-85.0297510572081));
#7911=CARTESIAN_POINT('',(-245.135262448531,5.58475774124226,-85.0329432889153));
#7912=CARTESIAN_POINT('',(-245.152424103268,5.62000719844684,-85.035721546204));
#7913=CARTESIAN_POINT('',(-245.167325766431,5.65282218947537,-85.0380855606111));
#7914=CARTESIAN_POINT('',(-245.180505740632,5.6840800495728,-85.0401392397226));
#7915=CARTESIAN_POINT('',(-245.193577222854,5.71767759224028,-85.0421432914671));
#7916=CARTESIAN_POINT('',(-245.206375847507,5.75427835059854,-85.0440710270848));
#7917=CARTESIAN_POINT('',(-245.218363760328,5.7939287259135,-85.0458450229953));
#7918=CARTESIAN_POINT('',(-245.22791556664,5.83163530153018,-85.0472373458882));
#7919=CARTESIAN_POINT('',(-245.235404827362,5.86805434350462,-85.0483164657005));
#7920=CARTESIAN_POINT('',(-245.240798661528,5.90199422279,-85.0490866282735));
#7921=CARTESIAN_POINT('',(-245.244125669532,5.93150201024359,-85.0495586839579));
#7922=CARTESIAN_POINT('',(-245.245844076957,5.95406243534651,-85.0498017400419));
#7923=CARTESIAN_POINT('',(-245.246704650372,5.97088330671944,-85.0499232803442));
#7924=CARTESIAN_POINT('',(-245.247150477686,5.98552584687892,-85.0499861940599));
#7925=CARTESIAN_POINT('',(-245.247248396078,5.99520902858427,-85.0499999998208));
#7926=CARTESIAN_POINT('',(-245.247248368835,6.00000000000003,-85.05));
#7927=CARTESIAN_POINT('',(-240.859638711274,11.05,-80.));
#7928=CARTESIAN_POINT('',(-240.859638711274,11.05,-80.));
#7929=CARTESIAN_POINT('',(-240.859638584994,11.0500001248329,-80.03100671797));
#7930=CARTESIAN_POINT('',(-240.860204599155,11.0494285114647,-80.0930130058548));
#7931=CARTESIAN_POINT('',(-240.862745756132,11.0468621801836,-80.1858991240177));
#7932=CARTESIAN_POINT('',(-240.866974999468,11.0425909858243,-80.2786517461377));
#7933=CARTESIAN_POINT('',(-240.87288570889,11.0366215271327,-80.3712271178972));
#7934=CARTESIAN_POINT('',(-240.88047143166,11.0289602032056,-80.4635947594504));
#7935=CARTESIAN_POINT('',(-240.889721440623,11.0196176955952,-80.5556890484351));
#7936=CARTESIAN_POINT('',(-240.900622990625,11.0086066909751,-80.6474573916162));
#7937=CARTESIAN_POINT('',(-240.913160407048,10.9959428019115,-80.738842273003));
#7938=CARTESIAN_POINT('',(-240.927342832442,10.981616539049,-80.8299583311383));
#7939=CARTESIAN_POINT('',(-240.943182902439,10.9656148448146,-80.9208780335131));
#7940=CARTESIAN_POINT('',(-240.960738425158,10.9478789808503,-81.0118640727144));
#7941=CARTESIAN_POINT('',(-240.98001838225,10.9283994814742,-81.1028510393237));
#7942=CARTESIAN_POINT('',(-241.001097366415,10.9071005340732,-81.1940696685787));
#7943=CARTESIAN_POINT('',(-241.02398644635,10.8839704447103,-81.2854257904098));
#7944=CARTESIAN_POINT('',(-241.048786982768,10.8589061980878,-81.3771589615631));
#7945=CARTESIAN_POINT('',(-241.075444423576,10.8319622679714,-81.4689146967661));
#7946=CARTESIAN_POINT('',(-241.104042228159,10.8030535695061,-81.560860993854));
#7947=CARTESIAN_POINT('',(-241.134573531289,10.7721862271241,-81.6528490545083));
#7948=CARTESIAN_POINT('',(-241.167202639249,10.7391931830895,-81.7452171748337));
#7949=CARTESIAN_POINT('',(-241.201833520406,10.7041704855268,-81.8375413734755));
#7950=CARTESIAN_POINT('',(-241.242726739336,10.6628074870104,-81.9404395877765));
#7951=CARTESIAN_POINT('',(-241.290498635374,10.6144763575769,-82.053070118589));
#7952=CARTESIAN_POINT('',(-241.345952203765,10.5583582178388,-82.1748244912814));
#7953=CARTESIAN_POINT('',(-241.401620031834,10.5020062487788,-82.2890113835017));
#7954=CARTESIAN_POINT('',(-241.458978702431,10.4439248207825,-82.3997690459817));
#7955=CARTESIAN_POINT('',(-241.528177484654,10.3738315563571,-82.5260022937153));
#7956=CARTESIAN_POINT('',(-241.623251126454,10.2774847121573,-82.6872853935729));
#7957=CARTESIAN_POINT('',(-241.744361954583,10.1546641745201,-82.8740808588687));
#7958=CARTESIAN_POINT('',(-241.871072451326,10.0260446352894,-83.0508598163538));
#7959=CARTESIAN_POINT('',(-241.979728474196,9.91564608324052,-83.190263407381));
#7960=CARTESIAN_POINT('',(-242.068805581212,9.82506906911513,-83.2979258597473));
#7961=CARTESIAN_POINT('',(-242.158755019825,9.73354116755073,-83.4015279917406));
#7962=CARTESIAN_POINT('',(-242.262774895123,9.62759927903528,-83.5146484509429));
#7963=CARTESIAN_POINT('',(-242.382010829966,9.50601266139217,-83.6359746313921));
#7964=CARTESIAN_POINT('',(-242.495851092017,9.38976526423193,-83.7443010046482));
#7965=CARTESIAN_POINT('',(-242.603132001382,9.28005933332226,-83.8405147736825));
#7966=CARTESIAN_POINT('',(-242.703029971534,9.17776210800108,-83.925592299134));
#7967=CARTESIAN_POINT('',(-242.80550501358,9.07266208682364,-84.008398900434));
#7968=CARTESIAN_POINT('',(-242.910517021944,8.9647696364552,-84.0888493880603));
#7969=CARTESIAN_POINT('',(-243.017569435813,8.85456020871576,-84.1665419750512));
#7970=CARTESIAN_POINT('',(-243.126604668881,8.74205268373553,-84.2414311417394));
#7971=CARTESIAN_POINT('',(-243.237089912964,8.62775077087629,-84.3131762142167));
#7972=CARTESIAN_POINT('',(-243.348378510499,8.51227240279729,-84.3814311008461));
#7973=CARTESIAN_POINT('',(-243.45979815654,8.396261015581,-84.4459227047628));
#7974=CARTESIAN_POINT('',(-243.570562608642,8.28047808784016,-84.5063862762116));
#7975=CARTESIAN_POINT('',(-243.680535261851,8.16500418985187,-84.5629669999379));
#7976=CARTESIAN_POINT('',(-243.788904735575,8.05062230751123,-84.6154775625527));
#7977=CARTESIAN_POINT('',(-243.895533958629,7.93740231109715,-84.6641072164145));
#7978=CARTESIAN_POINT('',(-243.99960509439,7.82613477980093,-84.7087588152648));
#7979=CARTESIAN_POINT('',(-244.101682761363,7.71612433523886,-84.7499377598342));
#7980=CARTESIAN_POINT('',(-244.200780030487,7.60832532174393,-84.7874881014269));
#7981=CARTESIAN_POINT('',(-244.296630272816,7.50291449393965,-84.8215836842171));
#7982=CARTESIAN_POINT('',(-244.38742461394,7.40179545282342,-84.8519090036749));
#7983=CARTESIAN_POINT('',(-244.473740659759,7.30425716244789,-84.8790012956682));
#7984=CARTESIAN_POINT('',(-244.554485771798,7.21147291322188,-84.9028327262768));
#7985=CARTESIAN_POINT('',(-244.630267419501,7.12269124981244,-84.9238864921092));
#7986=CARTESIAN_POINT('',(-244.700059259238,7.03910962389871,-84.9421717762345));
#7987=CARTESIAN_POINT('',(-244.765437543039,6.95882368094795,-84.9583545634077));
#7988=CARTESIAN_POINT('',(-244.825972826711,6.88229691567062,-84.9725253488051));
#7989=CARTESIAN_POINT('',(-244.882095846042,6.80890899055427,-84.9849666805551));
#7990=CARTESIAN_POINT('',(-244.932355734488,6.7406158090694,-84.9955455513927));
#7991=CARTESIAN_POINT('',(-244.977657173793,6.67635426398181,-85.0046315583825));
#7992=CARTESIAN_POINT('',(-245.017519982402,6.61702775652513,-85.0122751640927));
#7993=CARTESIAN_POINT('',(-245.052912215558,6.56145423151171,-85.018786363017));
#7994=CARTESIAN_POINT('',(-245.083443001485,6.51063560448478,-85.0241973876018));
#7995=CARTESIAN_POINT('',(-245.110434759596,6.46275842721377,-85.0288237981508));
#7996=CARTESIAN_POINT('',(-245.133918745679,6.41807893377229,-85.0327282572191));
#7997=CARTESIAN_POINT('',(-245.154442596278,6.37585572054271,-85.0360480811387));
#7998=CARTESIAN_POINT('',(-245.171638593179,6.33736482252679,-85.0387637292542));
#7999=CARTESIAN_POINT('',(-245.186181998786,6.30176013314627,-85.0410141752343));
#8000=CARTESIAN_POINT('',(-245.199255121786,6.26655559569936,-85.0430021355204));
#8001=CARTESIAN_POINT('',(-245.211049858719,6.23086623653088,-85.0447654758181));
#8002=CARTESIAN_POINT('',(-245.221335196719,6.1948635289477,-85.0462794755536));
#8003=CARTESIAN_POINT('',(-245.228949023866,6.16334567845239,-85.0473860984913));
#8004=CARTESIAN_POINT('',(-245.234544168988,6.13583512405709,-85.0481922379134));
#8005=CARTESIAN_POINT('',(-245.238627032228,6.11197470284821,-85.0487767472606));
#8006=CARTESIAN_POINT('',(-245.2418723557,6.08866551867375,-85.0492389680171));
#8007=CARTESIAN_POINT('',(-245.244317996109,6.0659637110774,-85.0495858944654));
#8008=CARTESIAN_POINT('',(-245.246025239801,6.04365395703138,-85.049827361038));
#8009=CARTESIAN_POINT('',(-245.247026412198,6.0217639257461,-85.0499687056684));
#8010=CARTESIAN_POINT('',(-245.247248472888,6.00721666393681,-85.0499999950148));
#8011=CARTESIAN_POINT('',(-245.247248368835,6.00000000000003,-85.05));
#8012=CARTESIAN_POINT('',(-240.859638711274,11.05,-80.));
#8013=VECTOR('',#8014,1.);
#8014=DIRECTION('',(0.,1.,0.));
#8015=CARTESIAN_POINT('',(-240.859638711274,5.00000000000003,-75.05));
#8016=AXIS2_PLACEMENT_3D('',#8017,#8018,#8019);
#8017=CARTESIAN_POINT('',(-240.859638711274,6.00000000000003,-80.));
#8018=DIRECTION('',(-1.,0.,0.));
#8019=DIRECTION('',(0.,-0.198019801980197,0.98019801980198));
#8020=CARTESIAN_POINT('',(-240.859638711274,5.00000000000003,-67.45));
#8021=CARTESIAN_POINT('',(-240.859638711274,5.00000000000003,-67.45));
#8022=VECTOR('',#8023,1.);
#8023=DIRECTION('',(0.,1.1686558153949E-16,-1.));
#8024=CARTESIAN_POINT('',(-240.859638711274,6.00000000000003,-67.55));
#8025=AXIS2_PLACEMENT_3D('',#8026,#8027,#8028);
#8026=CARTESIAN_POINT('',(-240.859638711274,6.00000000000003,-62.5));
#8027=DIRECTION('',(-1.,0.,0.));
#8028=DIRECTION('',(0.,0.,-1.));
#8029=CARTESIAN_POINT('',(-240.859638711274,5.00000000000003,-57.55));
#8030=AXIS2_PLACEMENT_3D('',#8031,#8032,#8033);
#8031=CARTESIAN_POINT('',(-240.859638711274,6.00000000000003,-62.5));
#8032=DIRECTION('',(-1.,0.,0.));
#8033=DIRECTION('',(0.,-0.198019801980198,0.98019801980198));
#8034=CARTESIAN_POINT('',(-240.859638711274,5.00000000000003,-49.95));
#8035=CARTESIAN_POINT('',(-240.859638711274,5.00000000000003,-49.95));
#8036=VECTOR('',#8037,1.);
#8037=DIRECTION('',(0.,1.1686558153949E-16,-1.));
#8038=CARTESIAN_POINT('',(-240.859638711274,6.00000000000003,-50.05));
#8039=AXIS2_PLACEMENT_3D('',#8040,#8041,#8042);
#8040=CARTESIAN_POINT('',(-240.859638711274,6.00000000000003,-45.));
#8041=DIRECTION('',(-1.,0.,0.));
#8042=DIRECTION('',(0.,0.,-1.));
#8043=AXIS2_PLACEMENT_3D('',#8044,#8045,#8046);
#8044=CARTESIAN_POINT('',(-240.859638711274,6.00000000000003,-45.));
#8045=DIRECTION('',(-1.,0.,0.));
#8046=DIRECTION('',(0.,1.,-1.40701531833683E-15));
#8047=CARTESIAN_POINT('',(-236.459638711271,-11.4999999999999,-47.9880737640147));
#8048=AXIS2_PLACEMENT_3D('',#8049,#8050,#8051);
#8049=CARTESIAN_POINT('',(-227.959638711271,-11.4999999999999,-53.2559006404402));
#8050=DIRECTION('',(1.76313036022789E-30,-1.,-6.49886648561067E-17));
#8051=DIRECTION('',(-0.60006733928187,-5.19876493795632E-17,0.799949491110018));
#8052=CARTESIAN_POINT('',(-237.959638711271,-14.,-53.2559006404402));
#8053=AXIS2_PLACEMENT_3D('',#8054,#8055,#8056);
#8054=CARTESIAN_POINT('',(-227.959638711271,-14.,-53.2559006404402));
#8055=DIRECTION('',(1.22464679914735E-16,-1.,-6.12323399573677E-17));
#8056=DIRECTION('',(7.49879891330929E-33,-6.12323399573677E-17,1.));
#8057=CARTESIAN_POINT('',(-237.959638711271,-11.2915026221292,-53.2559006404402));
#8058=CARTESIAN_POINT('',(-237.959638711271,-11.2915026221292,-53.2559006404402));
#8059=VECTOR('',#8060,1.);
#8060=DIRECTION('',(0.,-1.,0.));
#8061=CARTESIAN_POINT('',(-236.459638711053,-11.4999999999999,-47.9880737636622));
#8062=CARTESIAN_POINT('',(-236.472136168794,-11.4999999952472,-48.0082392602122));
#8063=CARTESIAN_POINT('',(-236.497203777265,-11.4999140794033,-48.0490108663593));
#8064=CARTESIAN_POINT('',(-236.534672819284,-11.49953089889,-48.1109452570904));
#8065=CARTESIAN_POINT('',(-236.572455345915,-11.4988864354108,-48.1744396577733));
#8066=CARTESIAN_POINT('',(-236.610484012436,-11.4979753597507,-48.2394466590346));
#8067=CARTESIAN_POINT('',(-236.649002588071,-11.4967845374477,-48.3064573575878));
#8068=CARTESIAN_POINT('',(-236.687921488667,-11.4953072145542,-48.3754052667643));
#8069=CARTESIAN_POINT('',(-236.727424254301,-11.4935250619463,-48.4467211130659));
#8070=CARTESIAN_POINT('',(-236.767109906358,-11.4914471154876,-48.5197834248054));
#8071=CARTESIAN_POINT('',(-236.807236779291,-11.4890542303847,-48.5951618249304));
#8072=CARTESIAN_POINT('',(-236.847845865249,-11.4863339543434,-48.6730577184642));
#8073=CARTESIAN_POINT('',(-236.889601678062,-11.4832226634714,-48.7549344219445));
#8074=CARTESIAN_POINT('',(-236.932194470054,-11.4797186431812,-48.8404249240272));
#8075=CARTESIAN_POINT('',(-236.976001257028,-11.4757671354277,-48.9305477261767));
#8076=CARTESIAN_POINT('',(-237.020685015246,-11.4713727892972,-49.0249115204103));
#8077=CARTESIAN_POINT('',(-237.066578702206,-11.4664748356898,-49.1245781482991));
#8078=CARTESIAN_POINT('',(-237.112895925054,-11.461134418995,-49.2282036747905));
#8079=CARTESIAN_POINT('',(-237.159855381902,-11.4553134502831,-49.3366151359118));
#8080=CARTESIAN_POINT('',(-237.207203331098,-11.4490295574652,-49.4496162838312));
#8081=CARTESIAN_POINT('',(-237.255558824518,-11.4421795860201,-49.5692116695106));
#8082=CARTESIAN_POINT('',(-237.304268647087,-11.4348339376586,-49.6944125566753));
#8083=CARTESIAN_POINT('',(-237.353480743791,-11.4269579585788,-49.8262420233));
#8084=CARTESIAN_POINT('',(-237.402589112612,-11.4186416474869,-49.963767942775));
#8085=CARTESIAN_POINT('',(-237.451695618903,-11.4098655936252,-50.1080639837245));
#8086=CARTESIAN_POINT('',(-237.499863430853,-11.4008072483004,-50.2571435726515));
#8087=CARTESIAN_POINT('',(-237.546979774758,-11.3915149255608,-50.4113072445158));
#8088=CARTESIAN_POINT('',(-237.592647744461,-11.3820997139765,-50.5699167850052));
#8089=CARTESIAN_POINT('',(-237.637119523531,-11.3725419520179,-50.734715394565));
#8090=CARTESIAN_POINT('',(-237.679848387989,-11.3629938078493,-50.9047124115857));
#8091=CARTESIAN_POINT('',(-237.720730484017,-11.3535224435791,-51.0805431224983));
#8092=CARTESIAN_POINT('',(-237.759281277361,-11.3442888392862,-51.2612272402829));
#8093=CARTESIAN_POINT('',(-237.795384218545,-11.3353735126239,-51.4474829933746));
#8094=CARTESIAN_POINT('',(-237.82845576892,-11.3269777482011,-51.6375431376043));
#8095=CARTESIAN_POINT('',(-237.858274021387,-11.3192197769799,-51.8311480878976));
#8096=CARTESIAN_POINT('',(-237.884560939099,-11.3122321744214,-52.0274134402939));
#8097=CARTESIAN_POINT('',(-237.907250277602,-11.3060885009386,-52.2269966169595));
#8098=CARTESIAN_POINT('',(-237.926095243281,-11.3009061943975,-52.4290784123294));
#8099=CARTESIAN_POINT('',(-237.940961049091,-11.2967671735857,-52.6335602737034));
#8100=CARTESIAN_POINT('',(-237.951690376278,-11.2937516358157,-52.8396919711336));
#8101=CARTESIAN_POINT('',(-237.958188194219,-11.2919145540024,-53.0473994309798));
#8102=CARTESIAN_POINT('',(-237.959638829334,-11.2915016676016,-53.1862929931288));
#8103=CARTESIAN_POINT('',(-237.959638711271,-11.2915026221292,-53.2559006404402));
#8104=CARTESIAN_POINT('',(-236.459638711271,-11.4999999999999,-47.9880737640147));
#8105=VECTOR('',#8106,1.);
#8106=DIRECTION('',(-2.08090507848175E-14,-6.50282837025548E-16,1.));
#8107=CARTESIAN_POINT('',(-237.959638711271,-11.2915026222079,-81.1592521587644));
#8108=CARTESIAN_POINT('',(-237.95963871127,-11.2915026221292,-81.1592521587644));
#8109=VECTOR('',#8110,1.);
#8110=DIRECTION('',(-1.42600766708742E-14,-1.27322113132805E-16,1.));
#8111=CARTESIAN_POINT('',(-241.007300938712,-9.09334257157223,-85.7623356059593));
#8112=CARTESIAN_POINT('',(-240.988675800704,-9.12072571132005,-85.7544362403645));
#8113=CARTESIAN_POINT('',(-240.953361841001,-9.17164401808178,-85.7392081421927));
#8114=CARTESIAN_POINT('',(-240.897642747126,-9.24916047847067,-85.7144026665451));
#8115=CARTESIAN_POINT('',(-240.840518518703,-9.32584332955926,-85.6881393251704));
#8116=CARTESIAN_POINT('',(-240.779515267447,-9.4046957134744,-85.659098436817));
#8117=CARTESIAN_POINT('',(-240.722377113434,-9.47585998535495,-85.6309339423531));
#8118=CARTESIAN_POINT('',(-240.668532732871,-9.5407900807151,-85.6035600378094));
#8119=CARTESIAN_POINT('',(-240.610452308771,-9.60886246392219,-85.5732119796561));
#8120=CARTESIAN_POINT('',(-240.54195344842,-9.68634665567963,-85.5361689389215));
#8121=CARTESIAN_POINT('',(-240.462642394924,-9.77235231152957,-85.4914500585961));
#8122=CARTESIAN_POINT('',(-240.385357064787,-9.85261971894115,-85.4459434206019));
#8123=CARTESIAN_POINT('',(-240.310032436122,-9.92782260806772,-85.3997637424024));
#8124=CARTESIAN_POINT('',(-240.226765640864,-10.0079899260497,-85.346770818307));
#8125=CARTESIAN_POINT('',(-240.119320653747,-10.1068387200754,-85.2751028297422));
#8126=CARTESIAN_POINT('',(-239.989585415891,-10.2190859368087,-85.1828052759762));
#8127=CARTESIAN_POINT('',(-239.860017628054,-10.3238416031157,-85.0836197386349));
#8128=CARTESIAN_POINT('',(-239.746096076631,-10.4107238696112,-84.9905652378957));
#8129=CARTESIAN_POINT('',(-239.643966629718,-10.4849808229724,-84.902542916996));
#8130=CARTESIAN_POINT('',(-239.539964530391,-10.5571137446082,-84.8079698605522));
#8131=CARTESIAN_POINT('',(-239.419496794195,-10.6364920927953,-84.6917261960258));
#8132=CARTESIAN_POINT('',(-239.270733534363,-10.7286744575703,-84.5374162865393));
#8133=CARTESIAN_POINT('',(-239.100130470791,-10.8261921502393,-84.3422459694913));
#8134=CARTESIAN_POINT('',(-238.937590642304,-10.9111302681416,-84.1332993516517));
#8135=CARTESIAN_POINT('',(-238.813972653879,-10.9710294660567,-83.9564419894291));
#8136=CARTESIAN_POINT('',(-238.726791737948,-11.0111815828209,-83.821707036662));
#8137=CARTESIAN_POINT('',(-238.661980118972,-11.0399545414254,-83.7155797631773));
#8138=CARTESIAN_POINT('',(-238.603595171497,-11.0650422263685,-83.6146774629907));
#8139=CARTESIAN_POINT('',(-238.549310086195,-11.0876691765461,-83.515787002656));
#8140=CARTESIAN_POINT('',(-238.497123063822,-11.108783264753,-83.4154062980218));
#8141=CARTESIAN_POINT('',(-238.447096862772,-11.1284429789795,-83.3136115077374));
#8142=CARTESIAN_POINT('',(-238.39929157156,-11.1467053295702,-83.2104833845951));
#8143=CARTESIAN_POINT('',(-238.353878686784,-11.163583372172,-83.1063706701348));
#8144=CARTESIAN_POINT('',(-238.311010261911,-11.1790994943437,-83.0016667988085));
#8145=CARTESIAN_POINT('',(-238.270907211362,-11.193252018878,-82.8970492155177));
#8146=CARTESIAN_POINT('',(-238.233521865281,-11.2061329330272,-82.7926130656072));
#8147=CARTESIAN_POINT('',(-238.195360053516,-11.2189869501739,-82.6781158054043));
#8148=CARTESIAN_POINT('',(-238.157316448493,-11.2314866459146,-82.553621958637));
#8149=CARTESIAN_POINT('',(-238.120442118055,-11.243297769257,-82.4196053283463));
#8150=CARTESIAN_POINT('',(-238.090752686767,-11.2525918134936,-82.2987960721693));
#8151=CARTESIAN_POINT('',(-238.067058542529,-11.2598807713388,-82.1916117059934));
#8152=CARTESIAN_POINT('',(-238.048461247099,-11.265524902508,-82.0990383812125));
#8153=CARTESIAN_POINT('',(-238.03216682262,-11.2704115990936,-82.0093529437404));
#8154=CARTESIAN_POINT('',(-238.018136362884,-11.274575469382,-81.9234450653157));
#8155=CARTESIAN_POINT('',(-238.006091592556,-11.278117793996,-81.8408426398857));
#8156=CARTESIAN_POINT('',(-237.995971571441,-11.2810711241598,-81.7625641397925));
#8157=CARTESIAN_POINT('',(-237.987447946139,-11.2835424253888,-81.6875691635462));
#8158=CARTESIAN_POINT('',(-237.980384155166,-11.2855792578886,-81.6160691936956));
#8159=CARTESIAN_POINT('',(-237.974554305498,-11.2872526461003,-81.5471366228519));
#8160=CARTESIAN_POINT('',(-237.969852955623,-11.2885970927951,-81.480904104931));
#8161=CARTESIAN_POINT('',(-237.966105568122,-11.2896655344205,-81.4161451213492));
#8162=CARTESIAN_POINT('',(-237.963229781789,-11.2904835365461,-81.3522726493284));
#8163=CARTESIAN_POINT('',(-237.96116832013,-11.2910688652051,-81.2883199438019));
#8164=CARTESIAN_POINT('',(-237.959918985857,-11.2914231995892,-81.2240157733413));
#8165=CARTESIAN_POINT('',(-237.959638710283,-11.2915025881743,-81.1809211506719));
#8166=CARTESIAN_POINT('',(-237.95963871126,-11.2915026221714,-81.1592521587644));
#8167=CARTESIAN_POINT('',(-236.459638711271,-0.499999999999934,-47.9880737640146));
#8168=CARTESIAN_POINT('',(-236.459638711053,-0.499999999999933,-47.9880737636622));
#8169=CARTESIAN_POINT('',(-236.472136168794,-0.500000004752681,-48.0082392602121));
#8170=CARTESIAN_POINT('',(-236.497203777265,-0.50008592059654,-48.0490108663592));
#8171=CARTESIAN_POINT('',(-236.534672819285,-0.500469101109861,-48.1109452570903));
#8172=CARTESIAN_POINT('',(-236.572455345915,-0.501113564589064,-48.1744396577733));
#8173=CARTESIAN_POINT('',(-236.610484012435,-0.502024640249169,-48.2394466590346));
#8174=CARTESIAN_POINT('',(-236.649002588071,-0.503215462552184,-48.3064573575877));
#8175=CARTESIAN_POINT('',(-236.687921488667,-0.504692785445695,-48.3754052667642));
#8176=CARTESIAN_POINT('',(-236.727424254301,-0.506474938053622,-48.4467211130659));
#8177=CARTESIAN_POINT('',(-236.767109906358,-0.508552884512206,-48.5197834248053));
#8178=CARTESIAN_POINT('',(-236.80723677929,-0.510945769615143,-48.5951618249304));
#8179=CARTESIAN_POINT('',(-236.847845865249,-0.513666045656419,-48.6730577184641));
#8180=CARTESIAN_POINT('',(-236.889601678062,-0.51677733652847,-48.7549344219445));
#8181=CARTESIAN_POINT('',(-236.932194470054,-0.520281356818656,-48.8404249240271));
#8182=CARTESIAN_POINT('',(-236.976001257027,-0.524232864572207,-48.9305477261766));
#8183=CARTESIAN_POINT('',(-237.020685015246,-0.528627210702631,-49.0249115204103));
#8184=CARTESIAN_POINT('',(-237.066578702206,-0.533525164310007,-49.1245781482991));
#8185=CARTESIAN_POINT('',(-237.112895925054,-0.538865581004881,-49.2282036747906));
#8186=CARTESIAN_POINT('',(-237.159855381902,-0.544686549716751,-49.3366151359119));
#8187=CARTESIAN_POINT('',(-237.207203331098,-0.550970442534688,-49.4496162838313));
#8188=CARTESIAN_POINT('',(-237.255558824518,-0.557820413979807,-49.5692116695107));
#8189=CARTESIAN_POINT('',(-237.304268647087,-0.56516606234129,-49.6944125566754));
#8190=CARTESIAN_POINT('',(-237.353480743791,-0.573042041421039,-49.8262420233002));
#8191=CARTESIAN_POINT('',(-237.402589112612,-0.581358352512997,-49.9637679427751));
#8192=CARTESIAN_POINT('',(-237.451695618903,-0.590134406374644,-50.1080639837246));
#8193=CARTESIAN_POINT('',(-237.499863430854,-0.599192751699522,-50.2571435726517));
#8194=CARTESIAN_POINT('',(-237.546979774758,-0.60848507443903,-50.4113072445159));
#8195=CARTESIAN_POINT('',(-237.592647744461,-0.617900286023404,-50.5699167850054));
#8196=CARTESIAN_POINT('',(-237.637119523531,-0.627458047981942,-50.7347153945651));
#8197=CARTESIAN_POINT('',(-237.679848387989,-0.637006192150606,-50.9047124115859));
#8198=CARTESIAN_POINT('',(-237.720730484017,-0.646477556420774,-51.0805431224984));
#8199=CARTESIAN_POINT('',(-237.759281277361,-0.655711160713709,-51.261227240283));
#8200=CARTESIAN_POINT('',(-237.795384218545,-0.664626487375926,-51.4474829933747));
#8201=CARTESIAN_POINT('',(-237.82845576892,-0.673022251798746,-51.6375431376044));
#8202=CARTESIAN_POINT('',(-237.858274021387,-0.680780223020003,-51.8311480878977));
#8203=CARTESIAN_POINT('',(-237.884560939099,-0.687767825578451,-52.0274134402939));
#8204=CARTESIAN_POINT('',(-237.907250277602,-0.693911499061266,-52.2269966169596));
#8205=CARTESIAN_POINT('',(-237.92609524328,-0.699093805602347,-52.4290784123294));
#8206=CARTESIAN_POINT('',(-237.940961049091,-0.703232826414202,-52.6335602737034));
#8207=CARTESIAN_POINT('',(-237.951690376278,-0.706248364184173,-52.8396919711336));
#8208=CARTESIAN_POINT('',(-237.958188194219,-0.708085445997441,-53.0473994309798));
#8209=CARTESIAN_POINT('',(-237.959638829334,-0.708498332398286,-53.1862929931288));
#8210=CARTESIAN_POINT('',(-237.959638711271,-0.708497377870632,-53.2559006404402));
#8211=CARTESIAN_POINT('',(-236.459638711271,-0.499999999999934,-47.9880737640146));
#8212=VECTOR('',#8213,1.);
#8213=DIRECTION('',(-2.08090507848179E-14,-1.82892047913439E-16,1.));
#8214=AXIS2_PLACEMENT_3D('',#8215,#8216,#8217);
#8215=CARTESIAN_POINT('',(-227.959638711271,-0.499999999999934,-53.2559006404402));
#8216=DIRECTION('',(1.96515571400401E-30,-1.,-7.24352827042023E-17));
#8217=DIRECTION('',(-0.600067339281872,-5.7944567537638E-17,0.799949491110017));
#8218=CARTESIAN_POINT('',(-235.959133622371,0.500000000000026,-47.2552272476214));
#8219=CARTESIAN_POINT('',(-235.959133622371,0.500000000000023,-47.2552272476214));
#8220=CARTESIAN_POINT('',(-235.989068574914,0.530546134351949,-47.2951336955005));
#8221=CARTESIAN_POINT('',(-236.048360562167,0.592171092481697,-47.3754231790418));
#8222=CARTESIAN_POINT('',(-236.135278557859,0.685877099529328,-47.4968771578601));
#8223=CARTESIAN_POINT('',(-236.220384768222,0.781056083192981,-47.6196332398398));
#8224=CARTESIAN_POINT('',(-236.303512514028,0.877503919179958,-47.743444566054));
#8225=CARTESIAN_POINT('',(-236.384650725351,0.975176150817464,-47.8682723914017));
#8226=CARTESIAN_POINT('',(-236.463767469052,1.07400080438111,-47.9940427436589));
#8227=CARTESIAN_POINT('',(-236.540978381812,1.17409950740857,-48.1209265077392));
#8228=CARTESIAN_POINT('',(-236.616219087404,1.27537126472548,-48.2488106094316));
#8229=CARTESIAN_POINT('',(-236.689590510307,1.37793478805234,-48.3778596355964));
#8230=CARTESIAN_POINT('',(-236.76111393141,1.48181717657509,-48.5081203663406));
#8231=CARTESIAN_POINT('',(-236.830976275918,1.5873109933043,-48.6399697144754));
#8232=CARTESIAN_POINT('',(-236.899075610737,1.69429975773748,-48.7732706261542));
#8233=CARTESIAN_POINT('',(-236.965514799753,1.80298622314267,-48.9082842188309));
#8234=CARTESIAN_POINT('',(-237.030192245024,1.91325626002387,-49.0448765441497));
#8235=CARTESIAN_POINT('',(-237.093191096957,2.02531841519668,-49.1833129826776));
#8236=CARTESIAN_POINT('',(-237.154285247262,2.13883329888249,-49.3231821103217));
#8237=CARTESIAN_POINT('',(-237.213553459435,2.25399730064192,-49.4647351340641));
#8238=CARTESIAN_POINT('',(-237.270948676886,2.37078943961884,-49.6079544298559));
#8239=CARTESIAN_POINT('',(-237.326675149617,2.48974453007885,-49.7535016873818));
#8240=CARTESIAN_POINT('',(-237.380550097789,2.61062561461147,-49.9010917814066));
#8241=CARTESIAN_POINT('',(-237.438632185895,2.74790194947002,-50.0683618093936));
#8242=CARTESIAN_POINT('',(-237.505399817886,2.91614033208409,-50.2728995257155));
#8243=CARTESIAN_POINT('',(-237.578256108688,3.11663759082791,-50.516003263668));
#8244=CARTESIAN_POINT('',(-237.644971231931,3.32083633190833,-50.7629309614869));
#8245=CARTESIAN_POINT('',(-237.697465750243,3.49930989066467,-50.9782849668655));
#8246=CARTESIAN_POINT('',(-237.738187634621,3.6507736886043,-51.1607683116901));
#8247=CARTESIAN_POINT('',(-237.772496100997,3.78957789151524,-51.3277958481911));
#8248=CARTESIAN_POINT('',(-237.804183162166,3.93007472071722,-51.4966710653503));
#8249=CARTESIAN_POINT('',(-237.833217300046,4.07246587123239,-51.6676485212926));
#8250=CARTESIAN_POINT('',(-237.859412837254,4.21616426725966,-51.8400367238659));
#8251=CARTESIAN_POINT('',(-237.882710385032,4.36109356324789,-52.0137592161804));
#8252=CARTESIAN_POINT('',(-237.903024606814,4.50693957296454,-52.1884553439444));
#8253=CARTESIAN_POINT('',(-237.920344746894,4.65390654457564,-52.3643859590402));
#8254=CARTESIAN_POINT('',(-237.934598707842,4.80173408389439,-52.541255871548));
#8255=CARTESIAN_POINT('',(-237.945749653963,4.95040600964759,-52.7190628727567));
#8256=CARTESIAN_POINT('',(-237.953748209115,5.09965456840982,-52.8975043297513));
#8257=CARTESIAN_POINT('',(-237.958566348362,5.24944785899224,-53.0765600833207));
#8258=CARTESIAN_POINT('',(-237.959638643669,5.34944083798934,-53.1960745453177));
#8259=CARTESIAN_POINT('',(-237.959638711271,5.39949493661022,-53.2559006404334));
#8260=CARTESIAN_POINT('',(-233.602342373096,0.500000000000032,-45.));
#8261=AXIS2_PLACEMENT_3D('',#8262,#8263,#8264);
#8262=CARTESIAN_POINT('',(-227.959638711271,0.500000000000032,-53.2559006404402));
#8263=DIRECTION('',(0.,-1.,0.));
#8264=DIRECTION('',(-0.564270366182549,0.,0.825590064044022));
#8265=CARTESIAN_POINT('',(-233.602342374225,0.500000000000032,-45.0000000007717));
#8266=CARTESIAN_POINT('',(-233.528469072333,0.500000853347429,-44.94950769633));
#8267=CARTESIAN_POINT('',(-233.373542821505,0.501443847076011,-44.84664495757));
#8268=CARTESIAN_POINT('',(-233.130861325216,0.507749798822957,-44.6950922560513));
#8269=CARTESIAN_POINT('',(-232.888518860928,0.517589077278156,-44.5535072336014));
#8270=CARTESIAN_POINT('',(-232.667445735923,0.529012410349983,-44.4324124346573));
#8271=CARTESIAN_POINT('',(-232.464396877041,0.541016366537182,-44.3271351144391));
#8272=CARTESIAN_POINT('',(-232.26253487931,0.554133218488135,-44.2279671608855));
#8273=CARTESIAN_POINT('',(-232.043878143052,0.569428306087953,-44.1268698373983));
#8274=CARTESIAN_POINT('',(-231.835912364455,0.584759037552137,-44.0368622308775));
#8275=CARTESIAN_POINT('',(-231.645412475317,0.599206266631977,-43.9593311171791));
#8276=CARTESIAN_POINT('',(-231.478388892065,0.612047125442111,-43.8948862301763));
#8277=CARTESIAN_POINT('',(-231.314350974536,0.624719525000014,-43.8348669419768));
#8278=CARTESIAN_POINT('',(-231.148800558099,0.637476108270866,-43.7775204781066));
#8279=CARTESIAN_POINT('',(-230.978806202698,0.650445839960088,-43.721984278539));
#8280=CARTESIAN_POINT('',(-230.804399727179,0.663519111810901,-43.6684821116623));
#8281=CARTESIAN_POINT('',(-230.627395571148,0.676450923425914,-43.6177225982757));
#8282=CARTESIAN_POINT('',(-230.449167519053,0.689038592409886,-43.5701610538024));
#8283=CARTESIAN_POINT('',(-230.270997712197,0.701104090327849,-43.5261129961454));
#8284=CARTESIAN_POINT('',(-230.093731352524,0.712517444519972,-43.4857130251749));
#8285=CARTESIAN_POINT('',(-229.917440893985,0.723214547497704,-43.4488780724019));
#8286=CARTESIAN_POINT('',(-229.742929641649,0.733099928612309,-43.4156632159567));
#8287=CARTESIAN_POINT('',(-229.570165213377,0.742141978493698,-43.3859324865796));
#8288=CARTESIAN_POINT('',(-229.381630176299,0.75115571451318,-43.356851463712));
#8289=CARTESIAN_POINT('',(-229.177161163622,0.759812658108225,-43.329459554468));
#8290=CARTESIAN_POINT('',(-228.957020737975,0.76769714379245,-43.3049537084834));
#8291=CARTESIAN_POINT('',(-228.758316431956,0.773475839055318,-43.2872470384478));
#8292=CARTESIAN_POINT('',(-228.580806778252,0.77757656609538,-43.2747960831194));
#8293=CARTESIAN_POINT('',(-228.424304561086,0.780393266827086,-43.2662974391448));
#8294=CARTESIAN_POINT('',(-228.269042813693,0.782393692419804,-43.2602896295553));
#8295=CARTESIAN_POINT('',(-228.114394845702,0.783592653218057,-43.2566992284892));
#8296=CARTESIAN_POINT('',(-228.011244157109,0.78386021706209,-43.2559006019644));
#8297=CARTESIAN_POINT('',(-227.959638711271,0.783859911391987,-43.2559006404405));
#8298=CARTESIAN_POINT('',(-235.959133622371,11.5,-45.));
#8299=CARTESIAN_POINT('',(-235.959638711271,11.4994845489527,-44.9247026172939));
#8300=CARTESIAN_POINT('',(-235.959638711271,11.4994845489532,-44.9247026172938));
#8301=CARTESIAN_POINT('',(-235.959554943784,11.4995700433975,-44.9309468762596));
#8302=CARTESIAN_POINT('',(-235.95940794516,11.4997200651714,-44.9434608680624));
#8303=CARTESIAN_POINT('',(-235.959249959533,11.4998812865169,-44.9622626769584));
#8304=CARTESIAN_POINT('',(-235.95915480554,11.4999783848168,-44.9811174014423));
#8305=CARTESIAN_POINT('',(-235.959133622157,11.4999999998182,-44.9937025387749));
#8306=CARTESIAN_POINT('',(-235.959133622371,11.5,-44.9999999984046));
#8307=CARTESIAN_POINT('',(-233.602342373096,11.5,-45.));
#8308=VECTOR('',#8309,1.);
#8309=DIRECTION('',(-1.,0.,0.));
#8310=CARTESIAN_POINT('',(-171.788926349025,11.2006217937095,-43.2101583999901));
#8311=CARTESIAN_POINT('',(-171.783542068038,11.200125271649,-43.2087156980323));
#8312=CARTESIAN_POINT('',(-171.772889268859,11.1991105125646,-43.2057710306188));
#8313=CARTESIAN_POINT('',(-171.757098865735,11.197509320851,-43.2011378149188));
#8314=CARTESIAN_POINT('',(-171.741578328087,11.1958395145261,-43.1963202218198));
#8315=CARTESIAN_POINT('',(-171.726262128076,11.1940957679914,-43.1913046289899));
#8316=CARTESIAN_POINT('',(-171.711012011331,11.1922623103843,-43.186047709005));
#8317=CARTESIAN_POINT('',(-171.695714776949,11.1903228107875,-43.1805052086827));
#8318=CARTESIAN_POINT('',(-171.680187070317,11.1882479469247,-43.1745967106357));
#8319=CARTESIAN_POINT('',(-171.664433211485,11.1860294927468,-43.1683029797889));
#8320=CARTESIAN_POINT('',(-171.648389381509,11.1836486256401,-43.1615754180527));
#8321=CARTESIAN_POINT('',(-171.632137303903,11.1811070553191,-43.1544241613513));
#8322=CARTESIAN_POINT('',(-171.615640617214,11.1783879124804,-43.1468076925959));
#8323=CARTESIAN_POINT('',(-171.599045235331,11.1755045582622,-43.1387696948328));
#8324=CARTESIAN_POINT('',(-171.582399444815,11.172456494031,-43.130315013198));
#8325=CARTESIAN_POINT('',(-171.565806576794,11.1692554605161,-43.1214822975293));
#8326=CARTESIAN_POINT('',(-171.549272141902,11.1658957743934,-43.1122621256594));
#8327=CARTESIAN_POINT('',(-171.532869480149,11.1623862588648,-43.102685021814));
#8328=CARTESIAN_POINT('',(-171.515706305961,11.1585207569655,-43.0921978651089));
#8329=CARTESIAN_POINT('',(-171.496956760317,11.1540582126833,-43.0801694102853));
#8330=CARTESIAN_POINT('',(-171.471010052414,11.147477609671,-43.0625693046144));
#8331=CARTESIAN_POINT('',(-171.434375792458,11.1372646287413,-43.0355780405813));
#8332=CARTESIAN_POINT('',(-171.386183738762,11.1217124639178,-42.9952737389088));
#8333=CARTESIAN_POINT('',(-171.337069879971,11.1025295932818,-42.9468929508637));
#8334=CARTESIAN_POINT('',(-171.296996855002,11.083436301126,-42.9001471119707));
#8335=CARTESIAN_POINT('',(-171.270193407386,11.0684766320129,-42.8643808204906));
#8336=CARTESIAN_POINT('',(-171.25343540216,11.0580644034052,-42.8398767615024));
#8337=CARTESIAN_POINT('',(-171.241508052781,11.0500883343281,-42.8213034838545));
#8338=CARTESIAN_POINT('',(-171.228966552551,11.0411416344433,-42.8006588733071));
#8339=CARTESIAN_POINT('',(-171.211369951146,11.0274089192491,-42.7693581583217));
#8340=CARTESIAN_POINT('',(-171.186371278381,11.0045741514067,-42.7183717534339));
#8341=CARTESIAN_POINT('',(-171.15780132561,10.970134749058,-42.6439664394096));
#8342=CARTESIAN_POINT('',(-171.133881967911,10.9239815956473,-42.5486878593219));
#8343=CARTESIAN_POINT('',(-171.12513933166,10.8829073834673,-42.4682904515679));
#8344=CARTESIAN_POINT('',(-171.123682755415,10.8438405251668,-42.394498969714));
#8345=CARTESIAN_POINT('',(-171.127378771271,10.8036189503001,-42.3206037293578));
#8346=CARTESIAN_POINT('',(-171.14345554713,10.7479041857942,-42.222875329092));
#8347=CARTESIAN_POINT('',(-171.173619801134,10.6858125404601,-42.1194068763347));
#8348=CARTESIAN_POINT('',(-171.201045595313,10.6443208058873,-42.0535103733109));
#8349=CARTESIAN_POINT('',(-171.216347312264,10.6236674046419,-42.0214601299235));
#8350=CARTESIAN_POINT('',(-168.200347669924,1.23766789537035,-42.248601641796));
#8351=CARTESIAN_POINT('',(-167.750403897829,2.12914711165931,-41.0927633910136));
#8352=CARTESIAN_POINT('',(-167.744453755208,2.12119130111814,-41.1006450493529));
#8353=CARTESIAN_POINT('',(-167.73286257271,2.1052563414086,-41.1165277033625));
#8354=CARTESIAN_POINT('',(-167.716370081422,2.0812266922374,-41.1407763616071));
#8355=CARTESIAN_POINT('',(-167.700875686919,2.05721840227736,-41.1653073312984));
#8356=CARTESIAN_POINT('',(-167.686385187908,2.03324904239238,-41.1901070358775));
#8357=CARTESIAN_POINT('',(-167.672940723953,2.00939988948013,-41.2150945125923));
#8358=CARTESIAN_POINT('',(-167.660536015749,1.9856770338407,-41.2402647615917));
#8359=CARTESIAN_POINT('',(-167.649198208452,1.96215694094599,-41.2655361345536));
#8360=CARTESIAN_POINT('',(-167.638889299195,1.93878387552829,-41.2909676791128));
#8361=CARTESIAN_POINT('',(-167.629545274893,1.91540959933784,-41.3167231637186));
#8362=CARTESIAN_POINT('',(-167.621114142829,1.89182736071084,-41.3430418903569));
#8363=CARTESIAN_POINT('',(-167.613554666421,1.86773612517716,-41.3702825085588));
#8364=CARTESIAN_POINT('',(-167.606956396684,1.84310185380902,-41.3985165896621));
#8365=CARTESIAN_POINT('',(-167.601412552816,1.81783264152329,-41.4278871320397));
#8366=CARTESIAN_POINT('',(-167.597093182514,1.79216486209935,-41.4581554816227));
#8367=CARTESIAN_POINT('',(-167.594130762266,1.76627691982311,-41.4891399992411));
#8368=CARTESIAN_POINT('',(-167.592878808242,1.74480037335554,-41.5152336535276));
#8369=CARTESIAN_POINT('',(-167.592627718813,1.72774446387237,-41.5361916345208));
#8370=CARTESIAN_POINT('',(-167.592914687071,1.7083752434439,-41.5601713567441));
#8371=CARTESIAN_POINT('',(-167.594862698441,1.68016364443937,-41.5955721465767));
#8372=CARTESIAN_POINT('',(-167.600789065452,1.64326570367659,-41.6428844317398));
#8373=CARTESIAN_POINT('',(-167.610659230456,1.60673227400881,-41.6908686066672));
#8374=CARTESIAN_POINT('',(-167.624406192465,1.57060930557067,-41.7393794375985));
#8375=CARTESIAN_POINT('',(-167.644607782424,1.53031846532706,-41.7947105958555));
#8376=CARTESIAN_POINT('',(-167.675772792861,1.48436180780565,-41.8596952131678));
#8377=CARTESIAN_POINT('',(-167.717116511143,1.4394958167729,-41.9253129050871));
#8378=CARTESIAN_POINT('',(-167.76076561554,1.40271581686214,-41.9807158618991));
#8379=CARTESIAN_POINT('',(-167.800824833729,1.37485485186998,-42.0236448852947));
#8380=CARTESIAN_POINT('',(-167.836423588541,1.35360489607716,-42.0569716941839));
#8381=CARTESIAN_POINT('',(-167.865457754849,1.3383136285372,-42.0812895714357));
#8382=CARTESIAN_POINT('',(-167.889102381615,1.32693231824801,-42.0995621479424));
#8383=CARTESIAN_POINT('',(-167.91181310731,1.31672665616121,-42.1160636033905));
#8384=CARTESIAN_POINT('',(-167.938268153965,1.30579146255952,-42.1338920824059));
#8385=CARTESIAN_POINT('',(-167.968805293889,1.29436452659445,-42.1526944262613));
#8386=CARTESIAN_POINT('',(-168.000028273098,1.2838316415889,-42.1701795406251));
#8387=CARTESIAN_POINT('',(-168.032819614284,1.27386547973488,-42.1868577881434));
#8388=CARTESIAN_POINT('',(-168.065783372409,1.26489964073017,-42.2019789235509));
#8389=CARTESIAN_POINT('',(-168.096350959034,1.25750004558364,-42.2145471545497));
#8390=CARTESIAN_POINT('',(-168.121596258985,1.25196504923799,-42.2239973513601));
#8391=CARTESIAN_POINT('',(-168.144467249075,1.24732965676653,-42.2319410181173));
#8392=CARTESIAN_POINT('',(-168.170203801047,1.24254393843046,-42.2401726825433));
#8393=CARTESIAN_POINT('',(-168.189587407813,1.23933354411103,-42.2457187012924));
#8394=CARTESIAN_POINT('',(-168.200347669925,1.23766789538734,-42.2486016417952));
#8395=CARTESIAN_POINT('',(-171.959638711278,0.783859911392079,-43.2559006404402));
#8396=CARTESIAN_POINT('',(-170.651768113488,0.901036056125035,-42.9054577699581));
#8397=CARTESIAN_POINT('',(-169.394432573884,1.0528170435971,-42.5685557275063));
#8398=CARTESIAN_POINT('',(-168.200347669968,1.23766789539657,-42.2486016418077));
#8399=CARTESIAN_POINT('',(-235.959133622371,0.500000000000031,-45.));
#8400=CARTESIAN_POINT('',(-233.602342373096,0.500000000000032,-45.));
#8401=VECTOR('',#8402,1.);
#8402=DIRECTION('',(-1.,0.,0.));
#8403=CARTESIAN_POINT('',(-235.959638711271,0.500515451047004,-44.9247026172873));
#8404=CARTESIAN_POINT('',(-235.959638711271,0.500515451046597,-44.9247026173365));
#8405=CARTESIAN_POINT('',(-235.959554943784,0.50042995660225,-44.9309468762988));
#8406=CARTESIAN_POINT('',(-235.95940794516,0.500279934828323,-44.9434608680945));
#8407=CARTESIAN_POINT('',(-235.959249959533,0.50011871348305,-44.9622626769799));
#8408=CARTESIAN_POINT('',(-235.95915480554,0.500021615183276,-44.9811174014531));
#8409=CARTESIAN_POINT('',(-235.959133622157,0.500000000181858,-44.9937025387785));
#8410=CARTESIAN_POINT('',(-235.959133622371,0.50000000000003,-44.9999999984046));
#8411=AXIS2_PLACEMENT_3D('',#8412,#8413,#8414);
#8412=CARTESIAN_POINT('',(-235.959638711271,6.00000000000003,-45.));
#8413=DIRECTION('',(-1.,0.,0.));
#8414=DIRECTION('',(0.,-0.999906281627674,0.0136904332115454));
#8415=CARTESIAN_POINT('',(-168.095935406121,0.439614930702721,-42.2206244600301));
#8416=AXIS2_PLACEMENT_3D('',#8417,#8418,#8419);
#8417=CARTESIAN_POINT('',(-170.993712884989,0.439614930702716,-42.9970815953377));
#8418=DIRECTION('',(-0.258819045102521,-3.08148791101958E-33,0.965925826289068));
#8419=DIRECTION('',(0.965925826289068,-1.11022302462516E-16,0.258819045102521));
#8420=CARTESIAN_POINT('',(-168.095935406121,-0.439614930702639,-42.2206244600301));
#8421=CARTESIAN_POINT('',(-168.095935406121,0.439614930702717,-42.2206244600301));
#8422=VECTOR('',#8423,1.);
#8423=DIRECTION('',(0.,-1.,0.));
#8424=CARTESIAN_POINT('',(-169.297452897359,-2.87192275586284,-42.5425701014991));
#8425=AXIS2_PLACEMENT_3D('',#8426,#8427,#8428);
#8426=CARTESIAN_POINT('',(-170.993712884989,-0.439614930702644,-42.9970815953377));
#8427=DIRECTION('',(-0.258819045102521,1.38777878078145E-17,0.965925826289068));
#8428=DIRECTION('',(0.565419995876524,-0.810769275053401,0.151503831279524));
#8429=AXIS2_PLACEMENT_3D('',#8430,#8431,#8432);
#8430=CARTESIAN_POINT('',(-165.198157927254,-8.74999999999998,-41.4441673247226));
#8431=DIRECTION('',(0.258819045102521,1.38777878078145E-17,-0.965925826289068));
#8432=DIRECTION('',(-0.932618039175649,0.260339118457623,-0.249894250443813));
#8433=AXIS2_PLACEMENT_3D('',#8434,#8435,#8436);
#8434=CARTESIAN_POINT('',(-172.21845775638,-6.86254139118223,-42.2899748141511));
#8435=DIRECTION('',(-0.251468278111544,-0.965517241379308,-0.0673807220420333));
#8436=DIRECTION('',(0.258819045102515,1.80506950383021E-15,-0.96592582628907));
#8437=AXIS2_PLACEMENT_3D('',#8438,#8439,#8440);
#8438=CARTESIAN_POINT('',(-172.21845775638,-10.6374586088178,-42.2899748141511));
#8439=DIRECTION('',(0.251468278111549,-0.965517241379307,0.0673807220420345));
#8440=DIRECTION('',(0.258819045102515,-1.74764417497028E-15,-0.96592582628907));
#8441=CARTESIAN_POINT('',(-171.113221436715,-14.,-43.0291038152615));
#8442=CARTESIAN_POINT('',(-171.959638711278,-14.,-43.2559006404402));
#8443=VECTOR('',#8444,1.);
#8444=DIRECTION('',(0.965925826289067,0.,0.258819045102525));
#8445=CARTESIAN_POINT('',(-170.731604436105,-13.1935483870967,-42.9268498481299));
#8446=AXIS2_PLACEMENT_3D('',#8447,#8448,#8449);
#8447=CARTESIAN_POINT('',(-165.198157927254,-8.74999999999998,-41.4441673247226));
#8448=DIRECTION('',(0.258819045102521,1.38777878078145E-17,-0.965925826289068));
#8449=DIRECTION('',(-0.763234001220787,-0.612903225806451,-0.204507934263085));
#8450=AXIS2_PLACEMENT_3D('',#8451,#8452,#8453);
#8451=CARTESIAN_POINT('',(-171.113221436715,-13.5,-43.0291038152615));
#8452=DIRECTION('',(-0.258819045102521,1.97215226305253E-31,0.965925826289068));
#8453=DIRECTION('',(-5.10430565520032E-32,-1.,1.90495280425687E-31));
#8454=AXIS2_PLACEMENT_3D('',#8455,#8456,#8457);
#8455=CARTESIAN_POINT('',(-227.959638711271,-14.,-42.2559006404402));
#8456=DIRECTION('',(1.,-1.28635124736305E-16,3.05311331771918E-16));
#8457=DIRECTION('',(-1.28635124736303E-16,-1.,-7.105427357601E-15));
#8458=CARTESIAN_POINT('',(-172.091291208865,-15.,-42.2559006404402));
#8459=CARTESIAN_POINT('',(-172.014170961299,-15.,-42.8416870780671));
#8460=CARTESIAN_POINT('',(-171.959638711278,-14.5857864376269,-43.2559006404402));
#8461=CARTESIAN_POINT('',(-171.959638711278,-14.,-43.2559006404402));
#8462=CARTESIAN_POINT('',(-235.959133622371,11.5,-45.));
#8463=VECTOR('',#8464,1.);
#8464=DIRECTION('',(0.,-2.36298604667049E-15,-1.));
#8465=CARTESIAN_POINT('',(-236.409638711271,10.9933970490663,-44.2460199527602));
#8466=CARTESIAN_POINT('',(-235.959638711271,11.4994845489532,-44.9247026172939));
#8467=CARTESIAN_POINT('',(-235.996203634128,11.4621649146316,-44.8698833023168));
#8468=CARTESIAN_POINT('',(-236.067435751337,11.3878269751501,-44.7629558068904));
#8469=CARTESIAN_POINT('',(-236.167260145877,11.2789114631212,-44.6127059427509));
#8470=CARTESIAN_POINT('',(-236.257638156965,11.1761710214001,-44.4763131847011));
#8471=CARTESIAN_POINT('',(-236.336792670914,11.0827831830723,-44.3565527581254));
#8472=CARTESIAN_POINT('',(-236.386577341661,11.0220077174503,-44.2810414089235));
#8473=CARTESIAN_POINT('',(-236.409638711271,10.9933970491279,-44.2460199527509));
#8474=CARTESIAN_POINT('',(-237.959638711271,6.60050506338837,-50.0141692900066));
#8475=CARTESIAN_POINT('',(-237.959638929961,6.64202178091639,-50.0091972973368));
#8476=CARTESIAN_POINT('',(-237.958898005354,6.72505827775258,-49.9982038625125));
#8477=CARTESIAN_POINT('',(-237.955586714639,6.84919861920481,-49.9786183708784));
#8478=CARTESIAN_POINT('',(-237.950075371521,6.97323817498006,-49.9558677056797));
#8479=CARTESIAN_POINT('',(-237.942374971594,7.09701113715222,-49.9299509997941));
#8480=CARTESIAN_POINT('',(-237.932490789914,7.22053803753531,-49.9008333682837));
#8481=CARTESIAN_POINT('',(-237.920448295081,7.34362170117795,-49.8685314893634));
#8482=CARTESIAN_POINT('',(-237.906258043409,7.4662690977206,-49.8330118777477));
#8483=CARTESIAN_POINT('',(-237.889968443471,7.58820787219499,-49.7943261328298));
#8484=CARTESIAN_POINT('',(-237.871604542012,7.7094299322654,-49.7524560621272));
#8485=CARTESIAN_POINT('',(-237.85121379647,7.82979077156669,-49.7074290285317));
#8486=CARTESIAN_POINT('',(-237.828796566337,7.949426564131,-49.6591631039931));
#8487=CARTESIAN_POINT('',(-237.804415889704,8.0681225998918,-49.6077075794807));
#8488=CARTESIAN_POINT('',(-237.77808662604,8.18593821740517,-49.5530003526449));
#8489=CARTESIAN_POINT('',(-237.749886780574,8.30265580509067,-49.49510404353));
#8490=CARTESIAN_POINT('',(-237.719841563134,8.41830179453926,-49.4339639161453));
#8491=CARTESIAN_POINT('',(-237.688082991819,8.53252099872881,-49.3697337733586));
#8492=CARTESIAN_POINT('',(-237.654704264506,8.64516845374328,-49.30247831799));
#8493=CARTESIAN_POINT('',(-237.619840296754,8.75600170410531,-49.2323387737494));
#8494=CARTESIAN_POINT('',(-237.583584618546,8.86494275798378,-49.1593663778846));
#8495=CARTESIAN_POINT('',(-237.546081075061,8.9717895206832,-49.0837080477714));
#8496=CARTESIAN_POINT('',(-237.503211102252,9.08792201373516,-48.9968726813716));
#8497=CARTESIAN_POINT('',(-237.450342910093,9.22338752177153,-48.8890748195659));
#8498=CARTESIAN_POINT('',(-237.386915552186,9.37541969051036,-48.7582347339786));
#8499=CARTESIAN_POINT('',(-237.322081588607,9.52058584567455,-48.6221786716512));
#8500=CARTESIAN_POINT('',(-237.26145512063,9.64888187612656,-48.4924879025393));
#8501=CARTESIAN_POINT('',(-237.205632712148,9.76161341428982,-48.3707250961099));
#8502=CARTESIAN_POINT('',(-237.15018109241,9.86881491181647,-48.2470907023192));
#8503=CARTESIAN_POINT('',(-237.099808697951,9.96229115836639,-48.1319948167161));
#8504=CARTESIAN_POINT('',(-237.054572556526,10.0434721532019,-48.0261468980845));
#8505=CARTESIAN_POINT('',(-237.014517364734,10.1134156379639,-47.9303534696993));
#8506=CARTESIAN_POINT('',(-236.975026600535,10.1805969906928,-47.8336694867866));
#8507=CARTESIAN_POINT('',(-236.936301769615,10.2448576346654,-47.7364524238476));
#8508=CARTESIAN_POINT('',(-236.898317564539,10.3064151732888,-47.6385050505789));
#8509=CARTESIAN_POINT('',(-236.861188779194,10.3652441665255,-47.5399824071276));
#8510=CARTESIAN_POINT('',(-236.824901711165,10.4215158020507,-47.4406979805108));
#8511=CARTESIAN_POINT('',(-236.789563710722,10.4752045624621,-47.340793144969));
#8512=CARTESIAN_POINT('',(-236.755144765038,10.5264863144614,-47.2400156108416));
#8513=CARTESIAN_POINT('',(-236.720461046262,10.5772096649327,-47.134568483407));
#8514=CARTESIAN_POINT('',(-236.684476925608,10.6288565076964,-47.0203860449938));
#8515=CARTESIAN_POINT('',(-236.641843731985,10.6888575999059,-46.8779684872714));
#8516=CARTESIAN_POINT('',(-236.595053332519,10.7531534024998,-46.7098349411512));
#8517=CARTESIAN_POINT('',(-236.546928539029,10.8176275735055,-46.5187431294118));
#8518=CARTESIAN_POINT('',(-236.507968912436,10.8686540007165,-46.3448285318409));
#8519=CARTESIAN_POINT('',(-236.477836421487,10.9074778542226,-46.1937413139133));
#8520=CARTESIAN_POINT('',(-236.455790903866,10.9355542253511,-46.0712287645402));
#8521=CARTESIAN_POINT('',(-236.437290228956,10.9588966657583,-45.9570814789673));
#8522=CARTESIAN_POINT('',(-236.421461048072,10.9787106262094,-45.8479404273923));
#8523=CARTESIAN_POINT('',(-236.407618659803,10.9959177792787,-45.7397529424669));
#8524=CARTESIAN_POINT('',(-236.395796233279,11.0105265519623,-45.6331811916414));
#8525=CARTESIAN_POINT('',(-236.385891295263,11.0227046683954,-45.5278464335877));
#8526=CARTESIAN_POINT('',(-236.377907009251,11.0324808758931,-45.424465864894));
#8527=CARTESIAN_POINT('',(-236.371766657034,11.0399750039848,-45.3232322471044));
#8528=CARTESIAN_POINT('',(-236.367420994485,11.045266086031,-45.2255442290628));
#8529=CARTESIAN_POINT('',(-236.364692142909,11.0485833323976,-45.13101322253));
#8530=CARTESIAN_POINT('',(-236.363663014373,11.0498332549003,-45.0563588074956));
#8531=CARTESIAN_POINT('',(-236.363475854382,11.0500605624137,-44.9971493383964));
#8532=CARTESIAN_POINT('',(-236.363693144801,11.049796666089,-44.9408302536199));
#8533=CARTESIAN_POINT('',(-236.364699974688,11.048573747409,-44.8712573062076));
#8534=CARTESIAN_POINT('',(-236.366897805301,11.0459020958491,-44.7916715624432));
#8535=CARTESIAN_POINT('',(-236.369986037612,11.0421435021824,-44.7150347062425));
#8536=CARTESIAN_POINT('',(-236.373897438556,11.0373752987271,-44.6406539764602));
#8537=CARTESIAN_POINT('',(-236.378493037492,11.0317619805975,-44.5692802321282));
#8538=CARTESIAN_POINT('',(-236.383729272689,11.0253515991224,-44.5001073220974));
#8539=CARTESIAN_POINT('',(-236.389507506633,11.0182596542625,-44.4334002830079));
#8540=CARTESIAN_POINT('',(-236.39579198949,11.0105246438583,-44.368731574719));
#8541=CARTESIAN_POINT('',(-236.402459250864,11.0022938267772,-44.3065863127151));
#8542=CARTESIAN_POINT('',(-236.407214318766,10.9964048076098,-44.2659393420771));
#8543=CARTESIAN_POINT('',(-236.409638711271,10.9933970491279,-44.2460199527509));
#8544=CARTESIAN_POINT('',(-236.409638711271,1.00660295072121,-44.2460199548879));
#8545=AXIS2_PLACEMENT_3D('',#8546,#8547,#8548);
#8546=CARTESIAN_POINT('',(-236.409638711271,6.00000000000003,-45.));
#8547=DIRECTION('',(-1.,0.,0.));
#8548=DIRECTION('',(0.,-0.988791494903329,0.149302979229618));
#8549=CARTESIAN_POINT('',(-237.959638711271,5.39949493661169,-50.0141692900066));
#8550=CARTESIAN_POINT('',(-237.959638911662,5.36012049318154,-50.0094538676551));
#8551=CARTESIAN_POINT('',(-237.958973254971,5.28143965777589,-49.9990885966551));
#8552=CARTESIAN_POINT('',(-237.956000915464,5.16388070560834,-49.9807756912627));
#8553=CARTESIAN_POINT('',(-237.95106930306,5.0466926336882,-49.9596807268005));
#8554=CARTESIAN_POINT('',(-237.944201430482,4.93000225348556,-49.9358217468207));
#8555=CARTESIAN_POINT('',(-237.935424897994,4.8139158300016,-49.9092187859921));
#8556=CARTESIAN_POINT('',(-237.924778282612,4.69858285076256,-49.8799107294082));
#8557=CARTESIAN_POINT('',(-237.912303292669,4.58411287541938,-49.8479342152066));
#8558=CARTESIAN_POINT('',(-237.898044678646,4.47059451007903,-49.8133258275671));
#8559=CARTESIAN_POINT('',(-237.882054905212,4.3581390584471,-49.776134342708));
#8560=CARTESIAN_POINT('',(-237.864394848213,4.24687351606243,-49.7364212310643));
#8561=CARTESIAN_POINT('',(-237.845131996007,4.13692005645502,-49.694255968317));
#8562=CARTESIAN_POINT('',(-237.824327733108,4.02833541992834,-49.6496897895939));
#8563=CARTESIAN_POINT('',(-237.802045536737,3.9211777893823,-49.6027757810562));
#8564=CARTESIAN_POINT('',(-237.778344324408,3.81547382648238,-49.5535547802717));
#8565=CARTESIAN_POINT('',(-237.75329579738,3.71129840441627,-49.502091736304));
#8566=CARTESIAN_POINT('',(-237.72696209836,3.6086762194854,-49.4484294432943));
#8567=CARTESIAN_POINT('',(-237.699393075246,3.50758300795667,-49.3925838414247));
#8568=CARTESIAN_POINT('',(-237.670621560132,3.40794811790369,-49.3345352241603));
#8569=CARTESIAN_POINT('',(-237.640656807543,3.30964197693999,-49.274214483744));
#8570=CARTESIAN_POINT('',(-237.609548392599,3.2126874244505,-49.2116307958743));
#8571=CARTESIAN_POINT('',(-237.573660200354,3.10616448392834,-49.1393677465236));
#8572=CARTESIAN_POINT('',(-237.528815595838,2.98010952295258,-49.0488283890908));
#8573=CARTESIAN_POINT('',(-237.474119951618,2.83620825545518,-48.937715848787));
#8574=CARTESIAN_POINT('',(-237.417176585037,2.69632018876397,-48.8208088263024));
#8575=CARTESIAN_POINT('',(-237.366831955847,2.57957314813524,-48.7161178220942));
#8576=CARTESIAN_POINT('',(-237.32398511583,2.48436156679741,-48.6259411225541));
#8577=CARTESIAN_POINT('',(-237.284869865834,2.40045223234196,-48.5426560868573));
#8578=CARTESIAN_POINT('',(-237.245397063992,2.31859539802414,-48.4575142872797));
#8579=CARTESIAN_POINT('',(-237.205695366462,2.23889963322765,-48.3706448860745));
#8580=CARTESIAN_POINT('',(-237.165867195314,2.16140896245349,-48.2821214034329));
#8581=CARTESIAN_POINT('',(-237.124578458633,2.08345123663786,-48.1887687802187));
#8582=CARTESIAN_POINT('',(-237.080454476147,2.00263677422545,-48.0870331865175));
#8583=CARTESIAN_POINT('',(-237.026346187449,1.90666945403125,-47.9592966216736));
#8584=CARTESIAN_POINT('',(-236.963989830378,1.80035871106687,-47.807104382787));
#8585=CARTESIAN_POINT('',(-236.895498740826,1.68856393492627,-47.6321906998662));
#8586=CARTESIAN_POINT('',(-236.835563728896,1.59463110475972,-47.4709673076619));
#8587=CARTESIAN_POINT('',(-236.785386819415,1.51844052779909,-47.3290382052329));
#8588=CARTESIAN_POINT('',(-236.741809738074,1.45380767938448,-47.2003589544792));
#8589=CARTESIAN_POINT('',(-236.698425430309,1.39095646101027,-47.0657856616169));
#8590=CARTESIAN_POINT('',(-236.654510870038,1.32883957565525,-46.9212013432082));
#8591=CARTESIAN_POINT('',(-236.616389097952,1.27610205877793,-46.787074920371));
#8592=CARTESIAN_POINT('',(-236.583607538691,1.23155200619405,-46.6640327633832));
#8593=CARTESIAN_POINT('',(-236.555749702174,1.19423435743004,-46.5529592165823));
#8594=CARTESIAN_POINT('',(-236.529588585199,1.15965568533146,-46.4415502049239));
#8595=CARTESIAN_POINT('',(-236.505282992184,1.12792404822485,-46.3303384290479));
#8596=CARTESIAN_POINT('',(-236.482815972436,1.09892277640597,-46.2191418163403));
#8597=CARTESIAN_POINT('',(-236.462274917854,1.0726798108612,-46.1082943801752));
#8598=CARTESIAN_POINT('',(-236.443665300565,1.04912492800608,-45.997769094173));
#8599=CARTESIAN_POINT('',(-236.427051645975,1.02827040988787,-45.8879893661218));
#8600=CARTESIAN_POINT('',(-236.412371253433,1.00997713515864,-45.7786116570553));
#8601=CARTESIAN_POINT('',(-236.39965720317,0.994235081795313,-45.6699333488564));
#8602=CARTESIAN_POINT('',(-236.388903483147,0.980992570391249,-45.5620848033689));
#8603=CARTESIAN_POINT('',(-236.380144557357,0.970255014068396,-45.4559506829183));
#8604=CARTESIAN_POINT('',(-236.373296720427,0.961890239197052,-45.3514729996737));
#8605=CARTESIAN_POINT('',(-236.368313247018,0.955819299013678,-45.2493227493929));
#8606=CARTESIAN_POINT('',(-236.365076535773,0.951883638552962,-45.149236133807));
#8607=CARTESIAN_POINT('',(-236.363730889933,0.950249176499617,-45.0664843248666));
#8608=CARTESIAN_POINT('',(-236.363463311485,0.949924204302023,-45.0018520027047));
#8609=CARTESIAN_POINT('',(-236.363699115928,0.950210589428945,-44.9378936965362));
#8610=CARTESIAN_POINT('',(-236.364895322415,0.951663484595023,-44.8591440409386));
#8611=CARTESIAN_POINT('',(-236.367826056163,0.955226671707983,-44.7638237656925));
#8612=CARTESIAN_POINT('',(-236.372163066748,0.960508471930806,-44.6699453241349));
#8613=CARTESIAN_POINT('',(-236.377793400157,0.96738126942894,-44.5781191684397));
#8614=CARTESIAN_POINT('',(-236.384493131084,0.975582899883371,-44.4898418722018));
#8615=CARTESIAN_POINT('',(-236.392101134885,0.984927563860175,-44.4051447307672));
#8616=CARTESIAN_POINT('',(-236.400425394156,0.995189794401004,-44.3243560718527));
#8617=CARTESIAN_POINT('',(-236.406508826727,1.00272001092665,-44.27173527772));
#8618=CARTESIAN_POINT('',(-236.409638711271,1.00660295071271,-44.2460199548866));
#8619=CARTESIAN_POINT('',(-240.859638711274,5.00000000000004,-49.95));
#8620=VECTOR('',#8621,1.);
#8621=DIRECTION('',(-1.,8.70763156568751E-17,0.));
#8622=CARTESIAN_POINT('',(-244.731835795493,5.00000000000002,-40.05));
#8623=VECTOR('',#8624,1.);
#8624=DIRECTION('',(-1.,0.,0.));
#8625=CARTESIAN_POINT('',(-253.459638711271,6.00000000000003,-50.05));
#8626=AXIS2_PLACEMENT_3D('',#8627,#8628,#8629);
#8627=CARTESIAN_POINT('',(-253.459638711271,6.00000000000003,-45.));
#8628=DIRECTION('',(-1.,0.,0.));
#8629=DIRECTION('',(0.,0.,-1.));
#8630=CARTESIAN_POINT('',(-235.959638711271,0.500515451046588,-44.9247026171887));
#8631=CARTESIAN_POINT('',(-235.996203634116,0.537835085356794,-44.8698833022983));
#8632=CARTESIAN_POINT('',(-236.067435751266,0.612173024775559,-44.7629558070255));
#8633=CARTESIAN_POINT('',(-236.167260145645,0.721088536624713,-44.6127059430502));
#8634=CARTESIAN_POINT('',(-236.257638156716,0.82382897830628,-44.4763131852178));
#8635=CARTESIAN_POINT('',(-236.336792670293,0.917216816214026,-44.3565527586006));
#8636=CARTESIAN_POINT('',(-236.386577341363,0.977992282124349,-44.281041410247));
#8637=CARTESIAN_POINT('',(-236.409638711271,1.00660295071271,-44.2460199548866));
#8638=CARTESIAN_POINT('',(-235.959133622371,0.500000000000028,-47.2552272476214));
#8639=VECTOR('',#8640,1.);
#8640=DIRECTION('',(0.,7.87662015556873E-16,1.));
#8641=CARTESIAN_POINT('',(-244.731835795508,5.,-84.95));
#8642=VECTOR('',#8643,1.);
#8643=DIRECTION('',(-1.,3.61694213417926E-16,0.));
#8644=CARTESIAN_POINT('',(-240.859638711338,4.99999999999999,-75.05));
#8645=VECTOR('',#8646,1.);
#8646=DIRECTION('',(-1.,8.70763156579631E-17,0.));
#8647=CARTESIAN_POINT('',(-253.414694607471,6.00000000000003,-85.05));
#8648=CARTESIAN_POINT('',(-253.459638711271,2.23927102591623,-83.3703735080087));
#8649=CARTESIAN_POINT('',(-253.414694607471,6.00000000000003,-85.05));
#8650=CARTESIAN_POINT('',(-253.41469461122,5.82142758798335,-85.05));
#8651=CARTESIAN_POINT('',(-253.418432829867,5.49475616280916,-85.0326497330158));
#8652=CARTESIAN_POINT('',(-253.431838069618,5.05535367350587,-84.9662104138856));
#8653=CARTESIAN_POINT('',(-253.447179314128,4.69781785616603,-84.8829141554384));
#8654=CARTESIAN_POINT('',(-253.461632755947,4.40561328049858,-84.7944716595793));
#8655=CARTESIAN_POINT('',(-253.474692097993,4.16232682483368,-84.7057497325645));
#8656=CARTESIAN_POINT('',(-253.484696778053,3.96417247788642,-84.6228071319532));
#8657=CARTESIAN_POINT('',(-253.493356303801,3.79903148544129,-84.5461502248891));
#8658=CARTESIAN_POINT('',(-253.500769176445,3.6363129416194,-84.4639935750561));
#8659=CARTESIAN_POINT('',(-253.507171641824,3.46181724439763,-84.3676179404568));
#8660=CARTESIAN_POINT('',(-253.513501966678,3.26740837054113,-84.24897648233));
#8661=CARTESIAN_POINT('',(-253.516491892418,3.08704017251499,-84.1270552950187));
#8662=CARTESIAN_POINT('',(-253.514904793641,2.92284559514058,-84.0056105681165));
#8663=CARTESIAN_POINT('',(-253.511571858964,2.78199694364058,-83.8932691509042));
#8664=CARTESIAN_POINT('',(-253.505295805056,2.64020134137114,-83.7717425530909));
#8665=CARTESIAN_POINT('',(-253.494505692613,2.50101034786618,-83.6431677769815));
#8666=CARTESIAN_POINT('',(-253.479772921568,2.36451354876786,-83.5067729115842));
#8667=CARTESIAN_POINT('',(-253.465838687189,2.27973237500807,-83.4155210762599));
#8668=CARTESIAN_POINT('',(-253.459638711271,2.23927102454207,-83.3703735064754));
#8669=CARTESIAN_POINT('',(-253.459638711271,9.76072897408384,-83.3703735080087));
#8670=AXIS2_PLACEMENT_3D('',#8671,#8672,#8673);
#8671=CARTESIAN_POINT('',(-253.459638711271,6.00000000000003,-80.));
#8672=DIRECTION('',(-1.,0.,0.));
#8673=DIRECTION('',(0.,-0.744698806477159,-0.667400694958804));
#8674=CARTESIAN_POINT('',(-253.459638711271,9.76072897545799,-83.3703735064754));
#8675=CARTESIAN_POINT('',(-253.463484750421,9.73562953313744,-83.3983799573395));
#8676=CARTESIAN_POINT('',(-253.471491201048,9.68590006699946,-83.4526376317488));
#8677=CARTESIAN_POINT('',(-253.482108157702,9.6110004912744,-83.5308552969009));
#8678=CARTESIAN_POINT('',(-253.49066495937,9.53374993181762,-83.6082026493615));
#8679=CARTESIAN_POINT('',(-253.498631236423,9.44749744271852,-83.6908898149687));
#8680=CARTESIAN_POINT('',(-253.505717332257,9.34605118582431,-83.7833560914298));
#8681=CARTESIAN_POINT('',(-253.51127370472,9.23204856930612,-83.881295965367));
#8682=CARTESIAN_POINT('',(-253.514404581609,9.11412917720002,-83.9764377617904));
#8683=CARTESIAN_POINT('',(-253.515500434983,8.99850120490199,-84.0642434186285));
#8684=CARTESIAN_POINT('',(-253.515659971046,8.86713169186806,-84.1583570837958));
#8685=CARTESIAN_POINT('',(-253.512840507468,8.70714260999939,-84.2649662256667));
#8686=CARTESIAN_POINT('',(-253.506262122332,8.51338235371635,-84.3822619025598));
#8687=CARTESIAN_POINT('',(-253.49873240863,8.32077344648574,-84.486814649137));
#8688=CARTESIAN_POINT('',(-253.490889944399,8.14685729580433,-84.5719991412608));
#8689=CARTESIAN_POINT('',(-253.482737257752,7.99280406319913,-84.6411197474553));
#8690=CARTESIAN_POINT('',(-253.474337326174,7.83919040303405,-84.7042016611375));
#8691=CARTESIAN_POINT('',(-253.465814413638,7.67095907358539,-84.7667567250639));
#8692=CARTESIAN_POINT('',(-253.455891360958,7.47374695981355,-84.8319208981394));
#8693=CARTESIAN_POINT('',(-253.443947681809,7.2332521358418,-84.8996891493685));
#8694=CARTESIAN_POINT('',(-253.431700861314,6.93163556752926,-84.9671774883813));
#8695=CARTESIAN_POINT('',(-253.421405944469,6.60325882560067,-85.0178740227252));
#8696=CARTESIAN_POINT('',(-253.415787561578,6.28368297035661,-85.0448661071321));
#8697=CARTESIAN_POINT('',(-253.41469464653,6.08855298729482,-85.05));
#8698=CARTESIAN_POINT('',(-253.414694607471,6.00000000000003,-85.05));
#8699=CARTESIAN_POINT('',(-240.859638711274,4.99999999999999,-67.45));
#8700=VECTOR('',#8701,1.);
#8701=DIRECTION('',(-1.,0.,0.));
#8702=CARTESIAN_POINT('',(-240.859638711274,5.,-57.55));
#8703=VECTOR('',#8704,1.);
#8704=DIRECTION('',(-1.,0.,0.));
#8705=CARTESIAN_POINT('',(-253.459638711271,6.00000000000003,-67.55));
#8706=AXIS2_PLACEMENT_3D('',#8707,#8708,#8709);
#8707=CARTESIAN_POINT('',(-253.459638711271,6.00000000000003,-62.5));
#8708=DIRECTION('',(-1.,0.,0.));
#8709=DIRECTION('',(0.,0.,-1.));
#8710=CARTESIAN_POINT('',(-237.959638711271,-14.,-81.1592521587644));
#8711=CARTESIAN_POINT('',(-237.959638711271,-11.2915026222079,-81.1592521587644));
#8712=VECTOR('',#8713,1.);
#8713=DIRECTION('',(0.,-1.,0.));
#8714=AXIS2_PLACEMENT_3D('',#8715,#8716,#8717);
#8715=CARTESIAN_POINT('',(-242.959638711271,-14.,-81.1592521587644));
#8716=DIRECTION('',(-1.22464679914735E-16,1.,6.12323399573677E-17));
#8717=DIRECTION('',(1.,1.22464679914735E-16,7.49879891330929E-33));
#8718=AXIS2_PLACEMENT_3D('',#8719,#8720,#8721);
#8719=CARTESIAN_POINT('',(-247.397768493224,-14.,-87.3865406147869));
#8720=DIRECTION('',(0.920616689438984,-1.46250009163917E-16,0.390467554511774));
#8721=DIRECTION('',(-5.24302960664909E-15,-1.,1.19870921305929E-14));
#8722=AXIS2_PLACEMENT_3D('',#8723,#8724,#8725);
#8723=CARTESIAN_POINT('',(-241.397768493224,-14.,-84.8417189165203));
#8724=DIRECTION('',(0.920616689438983,0.,0.390467554511776));
#8725=DIRECTION('',(2.39092420401871E-17,-1.,-5.63715140981542E-17));
#8726=CARTESIAN_POINT('',(-253.459638711271,9.76072897408384,-83.3703735080087));
#8727=CARTESIAN_POINT('',(-253.498854397378,9.78994278618491,-83.3965349957746));
#8728=CARTESIAN_POINT('',(-253.577285770113,9.84837091913352,-83.4488574041164));
#8729=CARTESIAN_POINT('',(-253.698200804662,9.93843889915735,-83.5295308546143));
#8730=CARTESIAN_POINT('',(-253.825651797179,10.0333679870202,-83.6145733396029));
#8731=CARTESIAN_POINT('',(-253.913887086862,10.0990442843208,-83.6734978070635));
#8732=CARTESIAN_POINT('',(-253.959638711271,10.1330783776488,-83.7040738570262));
#8733=CARTESIAN_POINT('',(-253.959638711271,1.86692162235128,-83.7040738570262));
#8734=CARTESIAN_POINT('',(-253.920423021734,1.89609208427488,-83.6778639914258));
#8735=CARTESIAN_POINT('',(-253.841991625391,1.95446601503392,-83.6254810658939));
#8736=CARTESIAN_POINT('',(-253.721076554704,2.04452212342242,-83.5447943146195));
#8737=CARTESIAN_POINT('',(-253.593625584568,2.1394566298441,-83.459757909174));
#8738=CARTESIAN_POINT('',(-253.505390319385,2.20518861673439,-83.4008956199167));
#8739=CARTESIAN_POINT('',(-253.459638711271,2.23927102591623,-83.3703735080087));
#8740=AXIS2_PLACEMENT_3D('',#8741,#8742,#8743);
#8741=CARTESIAN_POINT('',(-252.959638711271,-14.,-83.7040738570309));
#8742=DIRECTION('',(0.,-6.29376200566987E-17,1.));
#8743=DIRECTION('',(-1.,-6.12323399573677E-17,-3.85381774741941E-33));
#8744=AXIS2_PLACEMENT_3D('',#8745,#8746,#8747);
#8745=CARTESIAN_POINT('',(-252.959638711271,-14.,-35.2559006404402));
#8746=DIRECTION('',(9.15933995315754E-16,7.1264221987412E-17,-1.));
#8747=DIRECTION('',(-2.8421709430404E-14,-1.,-7.12642219874381E-17));
#8748=AXIS2_PLACEMENT_3D('',#8749,#8750,#8751);
#8749=CARTESIAN_POINT('',(-243.959638711271,-14.,-26.2559006404421));
#8750=DIRECTION('',(1.,-1.16736400674548E-16,2.68960667154164E-14));
#8751=DIRECTION('',(-2.68960667154164E-14,7.04419501764363E-15,1.));
#8752=AXIS2_PLACEMENT_3D('',#8753,#8754,#8755);
#8753=CARTESIAN_POINT('',(-175.607587681892,-14.,-26.2559006404402));
#8754=DIRECTION('',(1.,-1.16736400674548E-16,2.68960667154164E-14));
#8755=DIRECTION('',(-2.68960667154164E-14,7.04419501764363E-15,1.));
#8756=AXIS2_PLACEMENT_3D('',#8757,#8758,#8759);
#8757=CARTESIAN_POINT('',(-175.19857179905,-13.1935483764314,-26.2559006184874));
#8758=DIRECTION('',(-0.626136683674686,0.779713314851598,-6.47887001428053E-10));
#8759=DIRECTION('',(-1.43160692562139E-8,-1.06653676005233E-8,1.));
#8760=AXIS2_PLACEMENT_3D('',#8761,#8762,#8763);
#8761=CARTESIAN_POINT('',(-173.661452825195,-2.8719227541192,-26.2559006410083));
#8762=DIRECTION('',(0.820237548630113,0.572023044830592,2.34893046105722E-9));
#8763=DIRECTION('',(-1.64772117757989E-9,-1.74364947452171E-9,1.));
#8764=AXIS2_PLACEMENT_3D('',#8765,#8766,#8767);
#8765=CARTESIAN_POINT('',(-172.373670260966,-0.439614930702654,-26.2559006404402));
#8766=DIRECTION('',(-1.97215226305253E-31,1.,2.00057535070851E-15));
#8767=DIRECTION('',(-3.34732241924485E-14,-2.00057535070851E-15,1.));
#8768=AXIS2_PLACEMENT_3D('',#8769,#8770,#8771);
#8769=CARTESIAN_POINT('',(-172.373670260966,0.439614930702704,-26.2559006404402));
#8770=DIRECTION('',(-1.97215226305253E-31,1.,2.00057535070851E-15));
#8771=DIRECTION('',(-3.34732241924485E-14,-2.00057535070851E-15,1.));
#8772=AXIS2_PLACEMENT_3D('',#8773,#8774,#8775);
#8773=CARTESIAN_POINT('',(-173.661452816044,2.87192276894021,-26.2559006207487));
#8774=DIRECTION('',(-0.820237548152588,0.572023045515328,-1.37648693955808E-9));
#8775=DIRECTION('',(-1.07981087477657E-8,-1.30773180609448E-8,1.));
#8776=AXIS2_PLACEMENT_3D('',#8777,#8778,#8779);
#8777=CARTESIAN_POINT('',(-238.959638711271,-14.,-81.1592521587644));
#8778=DIRECTION('',(-2.60902410786912E-15,-7.12642219874118E-17,1.));
#8779=DIRECTION('',(1.85930073193694E-31,-1.,-7.12642219874118E-17));
#8780=CARTESIAN_POINT('',(-237.959638711271,-14.,-81.1592521587644));
#8781=VECTOR('',#8782,1.);
#8782=DIRECTION('',(0.,0.,1.));
#8783=AXIS2_PLACEMENT_3D('',#8784,#8785,#8786);
#8784=CARTESIAN_POINT('',(-238.959638711271,-14.,-53.2559006404402));
#8785=DIRECTION('',(0.,0.,1.));
#8786=DIRECTION('',(-1.60812264967664E-16,-1.,0.));
#8787=AXIS2_PLACEMENT_3D('',#8788,#8789,#8790);
#8788=CARTESIAN_POINT('',(-171.372040481818,-14.,-42.0631779889724));
#8789=DIRECTION('',(0.965925826289068,0.,0.258819045102522));
#8790=DIRECTION('',(1.58480957571589E-17,-1.,-5.91458985689335E-17));
#8791=CARTESIAN_POINT('',(-240.859638711034,-14.5,-79.9999999997595));
#8792=CARTESIAN_POINT('',(-240.359638711034,-15.,-79.9999999997595));
#8793=VECTOR('',#8794,1.);
#8794=DIRECTION('',(-0.707106781186545,0.70710678118655,0.));
#8795=CARTESIAN_POINT('',(-251.059638711034,-14.5,-79.9999999997595));
#8796=AXIS2_PLACEMENT_3D('',#8797,#8798,#8799);
#8797=CARTESIAN_POINT('',(-245.959638711034,-14.5,-79.9999999997595));
#8798=DIRECTION('',(-1.28635124736305E-16,-1.,-7.12642219874122E-17));
#8799=DIRECTION('',(-1.,1.28635124736305E-16,9.16708208458653E-33));
#8800=CARTESIAN_POINT('',(-251.559638711034,-15.,-79.9999999997595));
#8801=VECTOR('',#8802,1.);
#8802=DIRECTION('',(0.707106781186553,0.707106781186542,0.));
#8803=CARTESIAN_POINT('',(-251.059638711034,-14.5,-44.9999999997595));
#8804=CARTESIAN_POINT('',(-251.059638711034,-14.5,-79.9999999997595));
#8805=VECTOR('',#8806,1.);
#8806=DIRECTION('',(0.,-5.07530525542929E-17,1.));
#8807=CARTESIAN_POINT('',(-251.559638711034,-15.,-44.9999999997594));
#8808=VECTOR('',#8809,1.);
#8809=DIRECTION('',(0.707106781186534,0.707106781186561,0.));
#8810=CARTESIAN_POINT('',(-240.859638711034,-14.5,-44.9999999997595));
#8811=AXIS2_PLACEMENT_3D('',#8812,#8813,#8814);
#8812=CARTESIAN_POINT('',(-245.959638711034,-14.5,-44.9999999997595));
#8813=DIRECTION('',(-1.28635124736305E-16,-1.,-7.12642219874122E-17));
#8814=DIRECTION('',(1.,-1.28635124736305E-16,-9.16708208458653E-33));
#8815=CARTESIAN_POINT('',(-240.359638711034,-15.,-44.9999999997595));
#8816=VECTOR('',#8817,1.);
#8817=DIRECTION('',(-0.707106781186547,0.707106781186547,1.00485917355762E-14));
#8818=CARTESIAN_POINT('',(-240.859638711034,-14.5,-44.9999999997595));
#8819=VECTOR('',#8820,1.);
#8820=DIRECTION('',(0.,5.07530525542929E-17,-1.));
#8821=AXIS2_PLACEMENT_3D('',#8822,#8823,#8824);
#8822=CARTESIAN_POINT('',(-170.990423481207,-13.1935483870968,-41.9609240218409));
#8823=DIRECTION('',(0.592019054822349,-0.790157981542948,0.158631027643485));
#8824=DIRECTION('',(0.258819045102519,-1.60121699698178E-15,-0.965925826289069));
#8825=AXIS2_PLACEMENT_3D('',#8826,#8827,#8828);
#8826=CARTESIAN_POINT('',(-169.556271942462,-2.87192275586286,-41.5766442752101));
#8827=DIRECTION('',(-0.783142981935741,-0.585365853658539,-0.209842529567783));
#8828=DIRECTION('',(0.25881904510252,1.17521168948129E-15,-0.965925826289069));
#8829=AXIS2_PLACEMENT_3D('',#8830,#8831,#8832);
#8830=CARTESIAN_POINT('',(-168.354754451224,-0.439614930702626,-41.2546986337411));
#8831=DIRECTION('',(5.84454235372281E-15,-1.,1.56604040380952E-15));
#8832=DIRECTION('',(0.258819045102514,-4.49650715975979E-29,-0.96592582628907));
#8833=AXIS2_PLACEMENT_3D('',#8834,#8835,#8836);
#8834=CARTESIAN_POINT('',(-168.354754451224,0.439614930702716,-41.2546986337411));
#8835=DIRECTION('',(0.,-1.,0.));
#8836=DIRECTION('',(0.258819045102521,0.,-0.965925826289068));
#8837=CARTESIAN_POINT('',(-249.459638711274,5.00000000000003,-53.7500000000814));
#8838=AXIS2_PLACEMENT_3D('',#8839,#8840,#8841);
#8839=CARTESIAN_POINT('',(-245.959638711274,5.00000000000003,-53.7500000000814));
#8840=DIRECTION('',(1.28635124736305E-16,1.,7.12642219874121E-17));
#8841=DIRECTION('',(-1.,1.28635124736305E-16,-1.22464679914735E-16));
#8842=CARTESIAN_POINT('',(-249.459638711274,5.00000000000003,-71.2499999999187));
#8843=AXIS2_PLACEMENT_3D('',#8844,#8845,#8846);
#8844=CARTESIAN_POINT('',(-245.959638711274,5.00000000000003,-71.2499999999187));
#8845=DIRECTION('',(1.28635124736305E-16,1.,7.12642219874121E-17));
#8846=DIRECTION('',(-1.,1.28635124736305E-16,-1.22464679914735E-16));
#8847=CARTESIAN_POINT('',(-240.859638711034,-9.99999999999997,-79.9999999997595));
#8848=CARTESIAN_POINT('',(-240.859638711034,-9.99999999999996,-79.9999999997595));
#8849=VECTOR('',#8850,1.);
#8850=DIRECTION('',(-6.31593542897867E-15,-1.,0.));
#8851=CARTESIAN_POINT('',(-251.059638711034,-9.99999999999996,-79.9999999997595));
#8852=AXIS2_PLACEMENT_3D('',#8853,#8854,#8855);
#8853=CARTESIAN_POINT('',(-245.959638711034,-9.99999999999996,-79.9999999997595));
#8854=DIRECTION('',(-1.28635124736305E-16,-1.,-7.12642219874122E-17));
#8855=DIRECTION('',(-1.,1.28635124736305E-16,9.16708208458652E-33));
#8856=CARTESIAN_POINT('',(-251.059638711034,-9.99999999999996,-79.9999999997595));
#8857=VECTOR('',#8858,1.);
#8858=DIRECTION('',(-6.31593542897867E-15,-1.,0.));
#8859=CARTESIAN_POINT('',(-251.059638711034,-9.99999999999997,-44.9999999997595));
#8860=CARTESIAN_POINT('',(-251.059638711034,-9.99999999999997,-44.9999999997595));
#8861=VECTOR('',#8862,1.);
#8862=DIRECTION('',(0.,5.07530525542929E-17,-1.));
#8863=CARTESIAN_POINT('',(-251.059638711034,-9.99999999999997,-44.9999999997595));
#8864=VECTOR('',#8865,1.);
#8865=DIRECTION('',(-6.31593542897867E-15,-1.,0.));
#8866=CARTESIAN_POINT('',(-240.859638711034,-9.99999999999997,-44.9999999997595));
#8867=AXIS2_PLACEMENT_3D('',#8868,#8869,#8870);
#8868=CARTESIAN_POINT('',(-245.959638711034,-9.99999999999997,-44.9999999997595));
#8869=DIRECTION('',(-1.28635124736305E-16,-1.,-7.12642219874122E-17));
#8870=DIRECTION('',(1.,-1.28635124736305E-16,-9.16708208458652E-33));
#8871=CARTESIAN_POINT('',(-240.859638711034,-9.99999999999997,-44.9999999997595));
#8872=VECTOR('',#8873,1.);
#8873=DIRECTION('',(-6.31593542897867E-15,-1.,0.));
#8874=CARTESIAN_POINT('',(-240.859638711034,-9.99999999999997,-79.9999999997595));
#8875=VECTOR('',#8876,1.);
#8876=DIRECTION('',(0.,-5.07530525542929E-17,1.));
#8877=CARTESIAN_POINT('',(-249.459638711274,3.23670099953271E-14,-53.7500000000814));
#8878=AXIS2_PLACEMENT_3D('',#8879,#8880,#8881);
#8879=CARTESIAN_POINT('',(-245.959638711274,3.191678705875E-14,-53.7500000000814));
#8880=DIRECTION('',(1.28635124736305E-16,1.,7.12642219874121E-17));
#8881=DIRECTION('',(-1.,1.28635124736305E-16,-1.22464679914735E-16));
#8882=CARTESIAN_POINT('',(-249.459638711274,3.36141338800952E-14,-71.2499999999187));
#8883=AXIS2_PLACEMENT_3D('',#8884,#8885,#8886);
#8884=CARTESIAN_POINT('',(-245.959638711274,3.31639109435181E-14,-71.2499999999187));
#8885=DIRECTION('',(1.28635124736305E-16,1.,7.12642219874121E-17));
#8886=DIRECTION('',(-1.,1.28635124736305E-16,-1.22464679914735E-16));
#8887=CARTESIAN_POINT('',(-242.459638711034,-9.99999999999996,-79.9999999997595));
#8888=AXIS2_PLACEMENT_3D('',#8889,#8890,#8891);
#8889=CARTESIAN_POINT('',(-245.959638711034,-9.99999999999996,-79.9999999997595));
#8890=DIRECTION('',(-1.28635124736305E-16,-1.,-7.12642219874122E-17));
#8891=DIRECTION('',(1.,-1.28635124736305E-16,-9.16708208458652E-33));
#8892=CARTESIAN_POINT('',(-242.459638711034,-9.99999999999997,-44.9999999997595));
#8893=AXIS2_PLACEMENT_3D('',#8894,#8895,#8896);
#8894=CARTESIAN_POINT('',(-245.959638711034,-9.99999999999997,-44.9999999997595));
#8895=DIRECTION('',(-1.28635124736305E-16,-1.,-7.12642219874122E-17));
#8896=DIRECTION('',(1.,-1.28635124736305E-16,-9.16708208458652E-33));
#8897=CARTESIAN_POINT('',(-248.459638711274,-9.99999999999997,-53.7500000000814));
#8898=AXIS2_PLACEMENT_3D('',#8899,#8900,#8901);
#8899=CARTESIAN_POINT('',(-245.959638711274,-9.99999999999997,-53.7500000000814));
#8900=DIRECTION('',(1.28635124736305E-16,1.,7.12642219874122E-17));
#8901=DIRECTION('',(-1.,1.28635124736305E-16,-1.22464679914735E-16));
#8902=CARTESIAN_POINT('',(-248.459638711274,-9.99999999999997,-71.25));
#8903=AXIS2_PLACEMENT_3D('',#8904,#8905,#8906);
#8904=CARTESIAN_POINT('',(-245.959638711274,-9.99999999999996,-71.25));
#8905=DIRECTION('',(1.28635124736305E-16,1.,7.12642219874122E-17));
#8906=DIRECTION('',(-1.,1.28635124736305E-16,-1.22464679914735E-16));
#8907=CARTESIAN_POINT('',(-248.459638711274,3.19744231092045E-14,-53.7500000000814));
#8908=AXIS2_PLACEMENT_3D('',#8909,#8910,#8911);
#8909=CARTESIAN_POINT('',(-245.959638711274,3.191678705875E-14,-53.7500000000814));
#8910=DIRECTION('',(1.28635124736305E-16,1.,7.12642219874121E-17));
#8911=DIRECTION('',(-1.,1.28635124736305E-16,-1.22464679914735E-16));
#8912=CARTESIAN_POINT('',(-248.459638711274,3.19744231092045E-14,-71.25));
#8913=AXIS2_PLACEMENT_3D('',#8914,#8915,#8916);
#8914=CARTESIAN_POINT('',(-245.959638711274,3.31639109435239E-14,-71.25));
#8915=DIRECTION('',(1.28635124736305E-16,1.,7.12642219874121E-17));
#8916=DIRECTION('',(-1.,1.28635124736305E-16,-1.22464679914735E-16));
#8917=CARTESIAN_POINT('',(-242.459638711034,-4.99999999999997,-79.9999999997595));
#8918=AXIS2_PLACEMENT_3D('',#8919,#8920,#8921);
#8919=CARTESIAN_POINT('',(-245.959638711034,-4.99999999999996,-79.9999999997595));
#8920=DIRECTION('',(-1.28635124736305E-16,-1.,-7.12642219874122E-17));
#8921=DIRECTION('',(1.,-1.28635124736305E-16,-9.16708208458652E-33));
#8922=CARTESIAN_POINT('',(-242.459638711034,-4.99999999999997,-44.9999999997595));
#8923=AXIS2_PLACEMENT_3D('',#8924,#8925,#8926);
#8924=CARTESIAN_POINT('',(-245.959638711034,-4.99999999999997,-44.9999999997595));
#8925=DIRECTION('',(-1.28635124736305E-16,-1.,-7.12642219874122E-17));
#8926=DIRECTION('',(1.,-1.28635124736305E-16,-9.16708208458652E-33));
ENDSEC;
END-ISO-10303-21;
